TOWNCODE,COUNTYNAME,TOWNNAME,stage1_prob,stage2_density_pred,combined_score
9007010,連江縣,南竿鄉,0.7952996210083301,9.319999312483496,2.651595497797794
9007020,連江縣,北竿鄉,0.7513703033592976,9.659875677295968,2.5294781752062754
9007030,連江縣,莒光鄉,0.7191754256218285,10.403287906017722,2.469577735789816
9007040,連江縣,東引鄉,0.7080184483362453,11.252848637131997,2.482141659259465
9020010,金門縣,金城鎮,0.827382542493637,8.295220349315988,2.672032191630403
9020020,金門縣,金沙鎮,0.8385432909007184,8.448523642408196,2.7217928692133166
9020030,金門縣,金湖鎮,0.8263336736504104,8.408286584158697,2.6786356775715197
9020040,金門縣,金寧鄉,0.840991480683782,8.289372573649205,2.715453013928241
9020050,金門縣,烈嶼鄉,0.854423314963711,8.099024924482247,2.7411329023643463
9020060,金門縣,烏坵鄉,0.7553620554257072,6.64642201376241,2.291948122263804
10002010,宜蘭縣,宜蘭市,0.806159840045547,8.380212593905306,2.6108312148090325
10002020,宜蘭縣,羅東鎮,0.8031207091480799,7.8670823956618126,2.555807825889537
10002030,宜蘭縣,蘇澳鎮,0.8173270490625106,9.297983176232883,2.723291281990716
10002040,宜蘭縣,頭城鎮,0.8037550457163105,9.092668707645393,2.6618834270830862
10002050,宜蘭縣,礁溪鄉,0.8043174725747774,9.219522671906773,2.673792476268855
10002060,宜蘭縣,壯圍鄉,0.8001558678320245,9.211955695552021,2.659365364681476
10002070,宜蘭縣,員山鄉,0.8028332764093696,9.335438388307336,2.677913504241453
10002080,宜蘭縣,冬山鄉,0.8008493025876745,9.28800602316203,2.66761201123452
10002090,宜蘭縣,五結鄉,0.7950381806601007,8.70010033436387,2.601473234538902
10002100,宜蘭縣,三星鄉,0.791610593624956,9.140459329576874,2.6254028911537657
10002110,宜蘭縣,大同鄉,0.7599184124312699,6.716920029207907,2.3127473417507494
10002120,宜蘭縣,南澳鄉,0.7602262656303744,9.158603755079707,2.5226747873337665
10004010,新竹縣,竹北市,0.8062699947257654,9.206173828987941,2.6792293990493192
10004020,新竹縣,竹東鎮,0.8027602850145296,7.591683889423914,2.5293328881779713
10004030,新竹縣,新埔鎮,0.8200656656035223,9.313608865900209,2.73365959720513
10004040,新竹縣,關西鎮,0.7977593278194384,9.046189889781756,2.638344421389616
10004050,新竹縣,湖口鄉,0.8170950394141211,9.325199834864677,2.7246748991257173
10004060,新竹縣,新豐鄉,0.8178437984843628,9.538646533636191,2.743906118446341
10004070,新竹縣,芎林鄉,0.7919640509157602,9.740524580713835,2.6721056607010527
10004080,新竹縣,橫山鄉,0.8079638610982556,7.3401100426438335,2.5217169476891885
10004090,新竹縣,北埔鄉,0.8036398056636251,7.189646403331505,2.493590424619352
10004100,新竹縣,寶山鄉,0.8171135264354576,7.524326698683737,2.5681257459896187
10004110,新竹縣,峨眉鄉,0.7328133890791958,6.931307837125807,2.250336505346969
10004120,新竹縣,尖石鄉,0.7951805066034204,6.628902218928751,2.4109427325176784
10004130,新竹縣,五峰鄉,0.7296493481962006,6.514357689120418,2.201217498987048
10005010,苗栗縣,苗栗市,0.816778386083014,8.41441513630794,2.6481932205307146
10005020,苗栗縣,苑裡鎮,0.8120589796989467,9.039514154787613,2.6850963404424486
10005030,苗栗縣,通霄鎮,0.8109871448609658,8.03611729378367,2.5961560365133396
10005040,苗栗縣,竹南鎮,0.7778683648558411,8.788247809728027,2.5523280372626997
10005050,苗栗縣,頭份市,0.7792992385376917,9.054726083683875,2.5779552203238127
10005060,苗栗縣,後龍鎮,0.8153567540405088,9.198762726853213,2.708832357455639
10005070,苗栗縣,卓蘭鎮,0.782244891491734,8.36533890404711,2.5321388570211867
10005080,苗栗縣,大湖鄉,0.7979416183530978,7.772020868437106,2.530725471892463
10005090,苗栗縣,公館鄉,0.8199475733457372,8.550062706789916,2.6701984010127773
10005100,苗栗縣,銅鑼鄉,0.7877426500572297,9.137640324941515,2.6123557079682134
10005110,苗栗縣,南庄鄉,0.786640690351704,6.745124285604503,2.39694415166191
10005120,苗栗縣,頭屋鄉,0.7963796117458982,8.867045989411766,2.6194522305201944
10005130,苗栗縣,三義鄉,0.7894739850168674,8.700984817625164,2.5833384116325298
10005140,苗栗縣,西湖鄉,0.7923507338806678,8.458489277250369,2.572693640454929
10005150,苗栗縣,造橋鄉,0.8017912113041908,9.346018262364318,2.6752579481417125
10005160,苗栗縣,三灣鄉,0.7594833326977084,7.13218490482777,2.351231007465738
10005170,苗栗縣,獅潭鄉,0.7357777292409361,7.624281575982915,2.321070933376753
10005180,苗栗縣,泰安鄉,0.7510879497129138,6.394778875692192,2.2538453368091003
10007010,彰化縣,彰化市,0.8025365621634202,7.8646343642215175,2.553727272630599
10007020,彰化縣,鹿港鎮,0.819442188892451,7.674728496361895,2.589776588987595
10007030,彰化縣,和美鎮,0.7991506953696033,7.938539904418513,2.549588205426687
10007040,彰化縣,線西鄉,0.7981694950999253,8.294931960860099,2.5776638815592383
10007050,彰化縣,伸港鄉,0.7945217158040971,8.094244641299584,2.5485410320095605
10007060,彰化縣,福興鄉,0.8330169011516695,7.895020945463707,2.6535684044700063
10007070,彰化縣,秀水鄉,0.8153082441062531,8.270030798004608,2.6308258000338114
10007080,彰化縣,花壇鄉,0.8163502344850028,7.92719845374198,2.6034246738230546
10007090,彰化縣,芬園鄉,0.83497494630482,7.997907752651335,2.6694082889846156
10007100,彰化縣,員林市,0.8202315110185193,8.108899770663797,2.6323295617284086
10007110,彰化縣,溪湖鎮,0.8187155969255976,8.546827174545859,2.6659089856538007
10007120,彰化縣,田中鎮,0.8389152462993265,8.3514582511771,2.714337371189847
10007130,彰化縣,大村鄉,0.8046036623141102,9.270190407538097,2.6787231734873913
10007140,彰化縣,埔鹽鄉,0.8277875823318428,8.813320497151711,2.7182397727041887
10007150,彰化縣,埔心鄉,0.7968784195770261,8.66197578157489,2.6043565842584524
10007160,彰化縣,永靖鄉,0.8137180270042341,8.549936942121036,2.649900870159667
10007170,彰化縣,社頭鄉,0.8317702837868824,8.650270001859965,2.7173817845351467
10007180,彰化縣,二水鄉,0.8249014187636889,8.228327935350825,2.658061592116634
10007190,彰化縣,北斗鎮,0.8055884483023045,8.56929614974033,2.6250580163238477
10007200,彰化縣,二林鎮,0.8201338776104311,8.76420307451731,2.6889917670906818
10007210,彰化縣,田尾鄉,0.8298071151453092,8.667836162678569,2.712477245683571
10007220,彰化縣,埤頭鄉,0.8224842440260048,8.699436991471964,2.6912242451894466
10007230,彰化縣,芳苑鄉,0.8204137917569851,8.95584947113738,2.70585616881395
10007240,彰化縣,大城鄉,0.8061429037500848,9.875726064026182,2.7300298197528936
10007250,彰化縣,竹塘鄉,0.8283266256367654,7.992043925090935,2.647613674069058
10007260,彰化縣,溪州鄉,0.8293568053532143,8.881394946049042,2.7291260324136277
10008010,南投縣,南投市,0.8285294603732146,8.418171359415151,2.6866235536205343
10008020,南投縣,埔里鎮,0.8441561933587106,7.243645644667479,2.624855295103487
10008030,南投縣,草屯鎮,0.8384023472818216,8.27111469415562,2.705443569317967
10008040,南投縣,竹山鎮,0.812882466049217,7.981115514533399,2.5972603550649325
10008050,南投縣,集集鎮,0.8100644212062854,7.752725320219029,2.567389919128186
10008060,南投縣,名間鄉,0.8322509691055566,8.30523478907926,2.6886509408439756
10008070,南投縣,鹿谷鄉,0.8142161333356441,7.418109037639231,2.5488101522683158
10008080,南投縣,中寮鄉,0.8035949180321931,7.556973143554435,2.528709514134546
10008090,南投縣,魚池鄉,0.8098676381633175,7.553499046560427,2.548119304598316
10008100,南投縣,國姓鄉,0.7965705332748305,6.852332262568291,2.4381515248692573
10008110,南投縣,水里鄉,0.8238843405903208,7.2719439769272824,2.5646444725314455
10008120,南投縣,信義鄉,0.781319725272687,6.569495637240287,2.3628096382822
10008130,南投縣,仁愛鄉,0.7549450806526052,6.565119828303217,2.2826128298490627
10009010,雲林縣,斗六市,0.8147132572185307,8.51054045892865,2.6497739725857525
10009020,雲林縣,斗南鎮,0.8442684024956237,8.10595455648782,2.70919697759007
10009030,雲林縣,虎尾鎮,0.8325331196515274,8.753491072057223,2.7287315990695875
10009040,雲林縣,西螺鎮,0.8290590371529284,8.289520848777054,2.6769379260712682
10009050,雲林縣,土庫鎮,0.8535733433821954,8.333150063826547,2.7600913626998778
10009060,雲林縣,北港鎮,0.8283849150513011,8.357287812040065,2.680782386392843
10009070,雲林縣,古坑鄉,0.8115686655293501,8.1601393861961,2.609080772529767
10009080,雲林縣,大埤鄉,0.8348074458005463,8.242476988263673,2.6912605267743013
10009090,雲林縣,莿桐鄉,0.8277875823318428,8.81213758571181,2.718139984011563
10009100,雲林縣,林內鄉,0.8254671412911748,8.702505124492978,2.7012455584883943
10009110,雲林縣,二崙鄉,0.8244308654449651,8.438122299205988,2.6750778640360924
10009120,雲林縣,崙背鄉,0.8210975321116318,8.11964158708956,2.636076563565181
10009130,雲林縣,麥寮鄉,0.7977657167983949,9.818499799303906,2.6974514033900867
10009140,雲林縣,東勢鄉,0.807127429079406,9.008091743493459,2.6662598581403367
10009150,雲林縣,褒忠鄉,0.8195712830396534,9.668170131013408,2.7597133308406763
10009160,雲林縣,臺西鄉,0.8217322172338248,9.153141904923562,2.726329349239817
10009170,雲林縣,元長鄉,0.8350461158134129,7.942959005642118,2.6645206930983014
10009180,雲林縣,四湖鄉,0.8219708872466917,8.741898582602433,2.6931350264795544
10009190,雲林縣,口湖鄉,0.8237908000770536,8.65158393678711,2.6914250796177432
10009200,雲林縣,水林鄉,0.817783633532044,8.68501936871232,2.674627038813266
10010010,嘉義縣,太保市,0.8170893222299209,8.560002386625715,2.661740351994575
10010020,嘉義縣,朴子市,0.8228073477408251,8.903030444126673,2.7093736181541157
10010030,嘉義縣,布袋鎮,0.822338893845501,8.499426316536296,2.673614040553977
10010040,嘉義縣,大林鎮,0.8329245618571338,8.635607101296298,2.7198862624878952
10010050,嘉義縣,民雄鄉,0.8235203245032428,8.426483200806423,2.6711071873954024
10010060,嘉義縣,溪口鄉,0.8347610829004475,8.477156055656348,2.7120421573957882
10010070,嘉義縣,新港鄉,0.8340065442981842,7.986723552122529,2.665275018931472
10010080,嘉義縣,六腳鄉,0.8180223035449106,8.678167598743025,2.674828704868136
10010090,嘉義縣,東石鄉,0.8327189652390726,8.500458894153487,2.707452565450686
10010100,嘉義縣,義竹鄉,0.7993858925646125,8.535097115964536,2.6019846323008955
10010110,嘉義縣,鹿草鄉,0.8076036675400456,9.823312063853187,2.731075206089441
10010120,嘉義縣,水上鄉,0.8419713450084999,8.2619676253408,2.7161292650190783
10010130,嘉義縣,中埔鄉,0.8347422514833664,8.028550175009597,2.671502255142322
10010140,嘉義縣,竹崎鄉,0.8120815645468551,7.8629254723435,2.5839435702288447
10010150,嘉義縣,梅山鄉,0.8076745484426846,7.704929720735809,2.5553930230340405
10010160,嘉義縣,番路鄉,0.7928527344717925,8.079463067602774,2.5418978049704117
10010170,嘉義縣,大埔鄉,0.7647534254405294,7.671121824800451,2.4166194279364346
10010180,嘉義縣,阿里山鄉,0.7681542543086934,8.002179303210218,2.456147643103898
10013010,屏東縣,屏東市,0.8542674659521755,10.115532403739136,2.911636918573027
10013020,屏東縣,潮州鎮,0.8465645234392993,10.098545075565006,2.884087891904687
10013030,屏東縣,東港鎮,0.843231190105966,10.198996932982796,2.8803295177839776
10013040,屏東縣,恆春鎮,0.7906974704085528,9.304630231679369,2.635073116943768
10013050,屏東縣,萬丹鄉,0.8344002935761087,10.549095423927758,2.875849989119934
10013060,屏東縣,長治鄉,0.839779098744301,10.359762142766712,2.8805073705257773
10013070,屏東縣,麟洛鄉,0.8465925618840913,10.212834056535872,2.892856749991608
10013080,屏東縣,九如鄉,0.8405271767366819,10.699248012792003,2.907824417426731
10013090,屏東縣,里港鄉,0.8425668696583646,9.850707752913166,2.851440337271431
10013100,屏東縣,鹽埔鄉,0.82930825537608,10.72146391735105,2.870585577856058
10013110,屏東縣,高樹鄉,0.8531325921858506,8.981714575636122,2.8159815641574713
10013120,屏東縣,萬巒鄉,0.8320539982975204,10.83045392274906,2.8877907143645842
10013130,屏東縣,內埔鄉,0.8377919692925713,9.69487977806619,2.8231621404588894
10013140,屏東縣,竹田鄉,0.843419716131246,10.797470001892146,2.924882668189848
10013150,屏東縣,新埤鄉,0.8335110203566071,10.32864385265198,2.85672097001848
10013160,屏東縣,枋寮鄉,0.8347273460907279,10.17470038703607,2.849468949176732
10013170,屏東縣,新園鄉,0.8466587864519394,10.391603523813409,2.906475094732633
10013180,屏東縣,崁頂鄉,0.8361849374641965,10.556254685239933,2.8825191442297022
10013190,屏東縣,林邊鄉,0.8429044276408442,9.824583285046568,2.850550863971732
10013200,屏東縣,南州鄉,0.8423421961513491,10.155895902903042,2.8740447351344693
10013210,屏東縣,佳冬鄉,0.8583488772778899,9.719667042956258,2.894421164264896
10013220,屏東縣,琉球鄉,0.8558169308653871,9.057032865171776,2.8312753412846385
10013230,屏東縣,車城鄉,0.820095201674549,8.626342839659335,2.6772035629149133
10013240,屏東縣,滿州鄉,0.7886733626382865,8.970913761484308,2.6023635939289758
10013250,屏東縣,枋山鄉,0.8186290814739413,10.712794838305587,2.833014779751012
10013260,屏東縣,三地門鄉,0.7864145080913985,9.763901530414373,2.6550911560575305
10013270,屏東縣,霧臺鄉,0.7314743546704269,8.831885276613303,2.403354598768233
10013280,屏東縣,瑪家鄉,0.7885724393123237,9.629537790148287,2.652471205181253
10013290,屏東縣,泰武鄉,0.7660678202375709,10.342538256144692,2.626509566470049
10013300,屏東縣,來義鄉,0.7871191505136262,10.556893633996685,2.7134217662803897
10013310,屏東縣,春日鄉,0.7498831595079761,10.322406605857484,2.569687348814979
10013320,屏東縣,獅子鄉,0.7505079689895293,9.145115190500395,2.4894291749592368
10013330,屏東縣,牡丹鄉,0.762400435438237,8.422634983284263,2.472552114112878
10014010,臺東縣,臺東市,0.8166284989110917,8.793432722200649,2.679939569449083
10014020,臺東縣,成功鎮,0.8118189052569265,8.08399264518884,2.603108534658506
10014030,臺東縣,關山鎮,0.7913368955035115,8.71171609456323,2.5903091753181995
10014040,臺東縣,卑南鄉,0.7764854072401365,9.678466085020851,2.6153808206571547
10014050,臺東縣,鹿野鄉,0.7919100894581935,8.172048065276188,2.5469100327481864
10014060,臺東縣,池上鄉,0.8066450989060024,7.885165225526837,2.568666986324282
10014070,臺東縣,東河鄉,0.7956426999793551,9.08831341999349,2.6346734674447605
10014080,臺東縣,長濱鄉,0.7897330242045236,6.588695316423075,2.3902531035582255
10014090,臺東縣,太麻里鄉,0.7995431162927891,8.98175614547511,2.6390991700314377
10014100,臺東縣,大武鄉,0.791193449014019,9.108808404511235,2.621546041306028
10014110,臺東縣,綠島鄉,0.7637190827973837,9.348232535596658,2.5483898530723748
10014120,臺東縣,海端鄉,0.7440632024786941,8.866116208015875,2.447302953014516
10014130,臺東縣,延平鄉,0.747259180487537,9.923787044724161,2.533913069929564
10014140,臺東縣,金峰鄉,0.7386084984214216,10.289880611180962,2.528926662768508
10014150,臺東縣,達仁鄉,0.7450310038587339,8.951295012324469,2.4568907490554293
10014160,臺東縣,蘭嶼鄉,0.7184591838679654,7.876604441143312,2.2871566893025363
10015010,花蓮縣,花蓮市,0.806672253644583,7.231312098379463,2.5070933447897787
10015020,花蓮縣,鳳林鎮,0.7951663935253174,6.70055776816972,2.4183337985348143
10015030,花蓮縣,玉里鎮,0.7921589034271357,7.1132699822922465,2.4505443524626407
10015040,花蓮縣,新城鄉,0.7899026713770887,9.15377702361267,2.6207752265301156
10015050,花蓮縣,吉安鄉,0.7798393120932823,8.810612897700594,2.560574890718081
10015060,花蓮縣,壽豐鄉,0.7795450054075217,7.171936877642545,2.4171398386659617
10015070,花蓮縣,光復鄉,0.8023982973010011,6.707028109961613,2.4410020618279114
10015080,花蓮縣,豐濱鄉,0.7518467498558051,6.44384743844002,2.261094776069177
10015090,花蓮縣,瑞穗鄉,0.7857340201072313,6.558583312631331,2.3750254780683293
10015100,花蓮縣,富里鄉,0.808388013241934,7.88249030813792,2.5739736878603563
10015110,花蓮縣,秀林鄉,0.7721199029140503,6.764704328277786,2.3546478826457413
10015120,花蓮縣,萬榮鄉,0.7599224877536894,6.742466315112303,2.3152712563453774
10015130,花蓮縣,卓溪鄉,0.7639510755694224,6.793037591602313,2.3325188914475325
10016010,澎湖縣,馬公市,0.8033381667582785,10.299970137699097,2.751272620217577
10016020,澎湖縣,湖西鄉,0.812054741764991,10.732338810084979,2.811616947326539
10016030,澎湖縣,白沙鄉,0.813877950264372,9.465607187590713,2.724940187222415
10016040,澎湖縣,西嶼鄉,0.8352057196334294,10.707000400323473,2.889967963122158
10016050,澎湖縣,望安鄉,0.8143774482240098,9.49170727809285,2.7286409943533814
10016060,澎湖縣,七美鄉,0.8355963695846117,8.637305534017704,2.7287582324297532
10017010,基隆市,中正區,0.7921899856413067,7.819051861768723,2.5167197456482246
10017020,基隆市,七堵區,0.816941292527023,8.14063276017286,2.6246114824598874
10017030,基隆市,暖暖區,0.7954923462661128,7.95688226032236,2.53954742966325
10017040,基隆市,仁愛區,0.7884371584622875,7.011690576436595,2.4290974583614626
10017050,基隆市,中山區,0.8026498657798589,7.237974567258884,2.4952413892004173
10017060,基隆市,安樂區,0.811336065259992,7.473980084788827,2.5451614817821198
10017070,基隆市,信義區,0.7970740362550429,7.617796051820103,2.51383550842816
10018010,新竹市,東區,0.807301905202022,9.134199343595986,2.6769451247713665
10018020,新竹市,北區,0.7913912155629528,8.685747285883785,2.5883679946233245
10018030,新竹市,香山區,0.7942842403759859,10.037800477768087,2.7016194705183123
10020010,嘉義市,東區,0.8431052836534217,7.6248748776528785,2.659702467426539
10020020,嘉義市,西區,0.835262948789677,7.938173984209089,2.664765542616098
63000010,臺北市,松山區,0.7873083433057882,8.162240142250626,2.531267737162107
63000020,臺北市,信義區,0.777213790243651,7.862163152579979,2.4729317519114584
63000030,臺北市,大安區,0.782243675012817,8.492807736109256,2.5427099994263203
63000040,臺北市,中山區,0.7953380482837864,7.721488864329552,2.517873211775797
63000050,臺北市,中正區,0.7949203184750436,7.761415444027642,2.5201815715318734
63000060,臺北市,大同區,0.793044576515179,7.793635813364448,2.517145894776975
63000070,臺北市,萬華區,0.8053168326148185,7.380152820068673,2.5173126275893405
63000080,臺北市,文山區,0.7837476292863845,8.603287173232903,2.5566674158524507
63000090,臺北市,南港區,0.782789825922051,8.44198812058467,2.5402833697037877
63000100,臺北市,內湖區,0.772950313502539,8.477965610093356,2.5112921444233858
63000110,臺北市,士林區,0.8064113571092131,8.937519466719227,2.658187819361013
63000120,臺北市,北投區,0.8080545996165959,8.499302704075424,2.627161979521928
64000010,高雄市,鹽埕區,0.8184389249070622,8.243101817114832,2.6385468546221675
64000020,高雄市,鼓山區,0.8106248395353942,8.477814755963132,2.633682635533493
64000030,高雄市,左營區,0.7944737514086266,9.052467329865085,2.627974662696228
64000040,高雄市,楠梓區,0.8132582985934924,9.240355227672708,2.7051706073795763
64000050,高雄市,三民區,0.8267156782857272,9.445892215555235,2.7663632874588155
64000060,高雄市,新興區,0.8025955130456333,8.122945791716019,2.576967858811075
64000070,高雄市,前金區,0.824524078515479,8.193128130363512,2.653694684164925
64000080,高雄市,苓雅區,0.8270841703030052,9.015372053404315,2.7327862734978603
64000090,高雄市,前鎮區,0.8471521138511923,9.084873888762473,2.8049517110603106
64000100,高雄市,旗津區,0.8012173072316603,8.750018181528231,2.625804763260239
64000110,高雄市,小港區,0.834818241317904,10.096754699624551,2.843935812594888
64000120,高雄市,鳳山區,0.826958469059501,9.972878441855396,2.807876809415475
64000130,高雄市,林園區,0.8468527212931279,10.396475672650597,2.9075029676045308
64000140,高雄市,大寮區,0.8224425384724556,10.93114768323882,2.8614029586697267
64000150,高雄市,大樹區,0.8209263343300366,10.269799328318854,2.8093137813725786
64000160,高雄市,大社區,0.8210672502922727,10.877582083375618,2.852923591384086
64000170,高雄市,仁武區,0.8158927917259094,10.739308489222662,2.8253901588798773
64000180,高雄市,鳥松區,0.8407333614467221,10.473261281099516,2.8921389240556894
64000190,高雄市,岡山區,0.8063705885981107,10.284697824611346,2.76056748300364
64000200,高雄市,橋頭區,0.8141123857717774,9.896474782631993,2.75857042087356
64000210,高雄市,燕巢區,0.8287476511145271,9.847705650215971,2.8044435948417252
64000220,高雄市,田寮區,0.7997282270640557,8.975197118972433,2.6391845007705217
64000230,高雄市,阿蓮區,0.8246907212493972,10.044852163597186,2.805568517474178
64000240,高雄市,路竹區,0.7962890608727912,10.025387206564629,2.7075424959646384
64000250,高雄市,湖內區,0.8100309744460631,9.675976313662167,2.7281810922492844
64000260,高雄市,茄萣區,0.8162763255854707,9.765060709788202,2.755998468277127
64000270,高雄市,永安區,0.8176804412335191,10.669838367140105,2.82672749637511
64000280,高雄市,彌陀區,0.8192300729437012,9.847281978957996,2.7722045552363537
64000290,高雄市,梓官區,0.8144391482368992,9.027891296645079,2.6920230045237785
64000300,高雄市,旗山區,0.8416245667752977,9.539403739503733,2.8237522331145457
64000310,高雄市,美濃區,0.8524645183074216,9.077417325356379,2.821910747866884
64000320,高雄市,六龜區,0.8086480585558381,8.1922079700704,2.6025174648975495
64000330,高雄市,甲仙區,0.7763250952238264,8.235221832800535,2.5021149060849996
64000340,高雄市,杉林區,0.8214708513504899,8.881918574033595,2.7032196184268455
64000350,高雄市,內門區,0.8223517785575793,9.987699026518817,2.7933450947836493
64000360,高雄市,茂林區,0.7232289984789165,9.244982505760563,2.406029606983936
64000370,高雄市,桃源區,0.7452047164637873,8.497590395462728,2.422688943297276
64000380,高雄市,那瑪夏區,0.722074593120962,8.952029395034877,2.3812406169849525
65000010,新北市,板橋區,0.782639341568181,8.323136582689411,2.5298809792075976
65000020,新北市,三重區,0.7726393415681809,8.09780572239273,2.478652701902194
65000030,新北市,中和區,0.7818912635758001,8.056674377629166,2.5047902158439355
65000040,新北市,永和區,0.7802092671540377,7.740787070545052,2.4717031451658396
65000050,新北市,新莊區,0.7813717371514426,8.976063507625296,2.578674079305099
65000060,新北市,新店區,0.8100544490483318,8.515223357055904,2.6350204264152532
65000070,新北市,樹林區,0.8060523182653435,9.071828938578719,2.66782546404455
65000080,新北市,鶯歌區,0.8024776980766662,8.384248760545768,2.5992514409003626
65000090,新北市,三峽區,0.8008632714368651,9.395194259557313,2.675959373637106
65000100,新北市,淡水區,0.798979608590829,8.266224799596293,2.577808671514311
65000110,新北市,汐止區,0.7736393680339297,8.419191974970289,2.508718524796027
65000120,新北市,瑞芳區,0.8173623180047848,8.104718663617616,2.6227463321160744
65000130,新北市,土城區,0.7967156490984101,8.845829989251992,2.6188425922514242
65000140,新北市,蘆洲區,0.7817402291687207,9.143649283517021,2.5929133775132267
65000150,新北市,五股區,0.8112969231596887,9.173824375511584,2.693358278261092
65000160,新北市,泰山區,0.8063421404769503,9.054012166020495,2.6673570419628443
65000170,新北市,林口區,0.7971629783734908,8.6844922980108,2.607142146572986
65000180,新北市,深坑區,0.7874497446864932,9.52273137030065,2.6407424919424916
65000190,新北市,石碇區,0.7696932398487873,7.989283570177519,2.4599651125414073
65000200,新北市,坪林區,0.7765927704480575,7.4747528620644355,2.4362425729391513
65000210,新北市,三芝區,0.8335404003175607,8.505018277770064,2.7105232602915943
65000220,新北市,石門區,0.8182125511605141,8.965353038128985,2.6993767941235256
65000230,新北市,八里區,0.8007690084242252,9.246117329056597,2.664077482557885
65000240,新北市,平溪區,0.7717230519133387,7.459179957770291,2.419546425021151
65000250,新北市,雙溪區,0.7858039402668695,7.504463353362009,2.4678888816367675
65000260,新北市,貢寮區,0.785643146314589,7.652131206527275,2.4809083842711943
65000270,新北市,金山區,0.8190260940882935,8.665585610087392,2.6770455140297
65000280,新北市,萬里區,0.8094975536031396,8.8584592781551,2.661895006723767
65000290,新北市,烏來區,0.7377181370131854,8.453291849662525,2.3949008826705644
66000010,臺中市,中區,0.824345423482577,7.190748855512821,2.5579482420316975
66000020,臺中市,東區,0.8008953763536165,7.520642142631214,2.5168070782494047
66000030,臺中市,南區,0.807924260360123,7.645302116506492,2.550629869655175
66000040,臺中市,西區,0.80744723287641,7.825304135517523,2.5657629510987503
66000050,臺中市,北區,0.8009136838831736,7.306967422344249,2.4965237280188814
66000060,臺中市,西屯區,0.8204387918840834,7.85650458343622,2.6099406433451278
66000070,臺中市,南屯區,0.8072878140156451,8.268019784472276,2.6047704332034796
66000080,臺中市,北屯區,0.8025386188609994,7.528110412650295,2.5226740643519734
66000090,臺中市,豐原區,0.7860446867735081,8.529512434875109,2.5580987627930187
66000100,臺中市,東勢區,0.8239645246965307,7.4886365896315334,2.5862008520145636
66000110,臺中市,大甲區,0.778048317292732,9.110044731895595,2.5780860187407892
66000120,臺中市,清水區,0.7936721433862538,8.79126785515443,2.6044279583926415
66000130,臺中市,沙鹿區,0.8051178696199142,8.20394470930915,2.592183389571464
66000140,臺中市,梧棲區,0.8212934493917312,7.874325155363829,2.6143103401157597
66000150,臺中市,后里區,0.8030460177536918,8.736707318574375,2.630700860993155
66000160,臺中市,神岡區,0.782458518390523,9.287186133365442,2.6062903402840396
66000170,臺中市,潭子區,0.7998202458466165,7.875820919823239,2.546092446335521
66000180,臺中市,大雅區,0.8011725815871522,8.474936348138925,2.602729333669005
66000190,臺中市,新社區,0.8366707222726864,8.131034730110303,2.6871178063465715
66000200,臺中市,石岡區,0.8233047359242156,9.238776373867315,2.7384614900750086
66000210,臺中市,外埔區,0.8023504732217946,9.199474778437386,2.665678043658062
66000220,臺中市,大安區,0.7809346114004821,9.435696269650112,2.6124076571585904
66000230,臺中市,烏日區,0.8194382410079926,8.294102933701005,2.6462775535139977
66000240,臺中市,大肚區,0.7936444680227441,8.118496708900668,2.547840768955056
66000250,臺中市,龍井區,0.7999476489875067,8.422520744734607,2.5943123385116196
66000260,臺中市,霧峰區,0.824459749123322,8.433346682358716,2.674754308723992
66000270,臺中市,太平區,0.8055186515710472,8.356560344474628,2.6067209762036336
66000280,臺中市,大里區,0.8078502408741118,8.12454493739324,2.5939812951418606
66000290,臺中市,和平區,0.7803283439512069,6.443571081906761,2.346721005314394
67000010,臺南市,新營區,0.809299528587189,9.00740957237788,2.67337999317223
67000020,臺南市,鹽水區,0.8197602032314839,8.437664202985635,2.659882910384529
67000030,臺南市,白河區,0.827673390756019,7.8146807210398235,2.6290371491764923
67000040,臺南市,柳營區,0.8463442498570619,8.193666579099709,2.723971520866211
67000050,臺南市,後壁區,0.8409118809777177,7.748437901073286,2.664744770403968
67000060,臺南市,東山區,0.8231178403930647,7.613995860915762,2.595610172458485
67000070,臺南市,麻豆區,0.8187706715867888,9.431026324379618,2.738611586768793
67000080,臺南市,下營區,0.8141268334026079,9.2546162213289,2.7091926324089655
67000090,臺南市,六甲區,0.8297185372745852,8.400430323044155,2.6889148859723435
67000100,臺南市,官田區,0.8170395043394618,9.0254493862325,2.700419161425532
67000110,臺南市,大內區,0.8168285273919029,9.021253834595726,2.6993799496368256
67000120,臺南市,佳里區,0.8063875107811147,9.145761972019397,2.6748325943366043
67000130,臺南市,學甲區,0.8117355129028442,8.954019797974992,2.6770846209145285
67000140,臺南市,西港區,0.8068006666142842,9.97748599593299,2.7397711777616425
67000150,臺南市,七股區,0.8054400177758497,8.816760428986672,2.645138452536145
67000160,臺南市,將軍區,0.8202807964207411,9.422142643154615,2.742963731682838
67000170,臺南市,北門區,0.8094768892988573,8.307373823331123,2.6152635761801415
67000180,臺南市,新化區,0.8354903294757473,9.108951109017363,2.7683314367341096
67000190,臺南市,善化區,0.8050163127756937,8.968656642632878,2.6561077202456507
67000200,臺南市,新市區,0.8035687423669571,10.213957666009607,2.745922338966434
67000210,臺南市,安定區,0.7921920973723772,9.867608616081478,2.682193450024542
67000220,臺南市,山上區,0.8120580997818315,9.341971885301039,2.70919680414953
67000230,臺南市,玉井區,0.812976729061857,8.522328470197762,2.6451331219198493
67000240,臺南市,楠西區,0.8044728180289852,7.8992584402427815,2.563024616451747
67000250,臺南市,南化區,0.7998031256068838,8.423247000750942,2.5939052780962957
67000260,臺南市,左鎮區,0.7677659872654904,8.084596576411212,2.4619032862468186
67000270,臺南市,仁德區,0.7999246752106618,9.923844053753415,2.7125029199191855
67000280,臺南市,歸仁區,0.8163171128726904,9.982965277535525,2.7724949213092267
67000290,臺南市,關廟區,0.8488569559694503,9.930870369050508,2.878975552921171
67000300,臺南市,龍崎區,0.7790032187888536,8.57615599853413,2.5389866964468384
67000310,臺南市,永康區,0.8098343370329935,9.923306291801902,2.7460661994170406
67000320,臺南市,東區,0.8192481101166985,9.11976586041341,2.7153901004647336
67000330,臺南市,南區,0.8172302982383945,9.258062443243936,2.7197947158437947
67000340,臺南市,北區,0.7992585935407754,8.808985955091767,2.6242048607819313
67000350,臺南市,安南區,0.7905481732589308,9.907462368927606,2.6795212733377847
67000360,臺南市,安平區,0.8009324136385032,9.010182707226457,2.6459626008540487
67000370,臺南市,中西區,0.8280261831365748,8.64706898663633,2.704875156902879
68000010,桃園市,桃園區,0.7979095240786346,8.999758132981958,2.635144800746956
68000020,桃園市,中壢區,0.8074753064670847,8.85592360615737,2.6550374753978505
68000030,桃園市,大溪區,0.7879775683732324,9.38432118401106,2.632079178738228
68000040,桃園市,楊梅區,0.7890801598360142,9.258499513731229,2.6261428743249287
68000050,桃園市,蘆竹區,0.8056665323392316,9.377496340182574,2.690635894689529
68000060,桃園市,大園區,0.8024056235247553,9.401283465146136,2.6815827904368836
68000070,桃園市,龜山區,0.8198609124343083,9.223200517045901,2.7257585334441052
68000080,桃園市,八德區,0.797577468514941,8.7015097189877,2.6098980066280837
68000090,桃園市,龍潭區,0.7855644710377859,9.406437859490346,2.6256900439764315
68000100,桃園市,平鎮區,0.7879697897773644,9.038831877837952,2.6053911904889953
68000110,桃園市,新屋區,0.8053045106295224,9.385032475122733,2.6900114723022863
68000120,桃園市,觀音區,0.8107032828299533,9.577784008888651,2.7229544777567187
68000130,桃園市,復興區,0.7968054706503876,6.753545525224005,2.428782775341896
