priority_rank,TOWNCODE,COUNTYNAME,TOWNNAME,topsis_score,combined_score,daily_solar_radiation,log_median_household_income,median_household_income,stage1_prob,stage2_density_pred
1,64000180,高雄市,鳥松區,0.8414419067513671,2.8921389240556894,4.7081038914690785,6.252736762771775,519.4324445775914,0.8407333614467221,10.473261281099516
2,10013010,屏東縣,屏東市,0.8111377817573815,2.911636918573027,4.7081038914690785,6.080770775718185,437.36617606165333,0.8542674659521755,10.115532403739136
3,10013070,屏東縣,麟洛鄉,0.8003920014331825,2.892856749991608,4.7081038914690785,6.049870227707175,424.0579954954955,0.8465925618840913,10.212834056535872
4,10013020,屏東縣,潮州鎮,0.7952931209000677,2.884087891904687,4.7081038914690785,6.037326419371339,418.7719163706813,0.8465645234392993,10.098545075565006
5,64000130,高雄市,林園區,0.7952883451327198,2.9075029676045308,4.7081038914690785,6.003799129149088,404.964386693136,0.8468527212931279,10.396475672650595
6,10013060,屏東縣,長治鄉,0.7936860805372917,2.8805073705257773,4.7081038914690785,6.0350803098396,417.8323643410853,0.839779098744301,10.359762142766712
7,10013140,屏東縣,竹田鄉,0.7901342269925768,2.924882668189848,4.7081038914690785,5.958080764115201,386.866922395987,0.843419716131246,10.797470001892146
8,10013080,屏東縣,九如鄉,0.7899693277465502,2.907824417426731,4.7081038914690785,5.975297827220004,393.58530405405406,0.8405271767366819,10.699248012792005
9,10013120,屏東縣,萬巒鄉,0.7870971644984445,2.887790714364584,4.7081038914690785,5.988253431079836,398.7176136363637,0.8320539982975204,10.83045392274906
10,10013050,屏東縣,萬丹鄉,0.7867511702699151,2.875849989119934,4.7081038914690785,6.007011635748062,406.2674293536717,0.8344002935761087,10.549095423927758
11,64000110,高雄市,小港區,0.7863048972239399,2.843935812594888,4.7081038914690785,6.075042352055199,434.86791967646167,0.834818241317904,10.096754699624553
12,10013200,屏東縣,南州鄉,0.7856084080433751,2.8740447351344693,4.7081038914690785,6.004319397756911,405.1751317680882,0.8423421961513491,10.155895902903042
13,10013030,屏東縣,東港鎮,0.7853852944844223,2.8803295177839776,4.7081038914690785,5.99169507639477,400.0922223442821,0.843231190105966,10.198996932982796
14,10013170,屏東縣,新園鄉,0.7839238120947812,2.906475094732633,4.7081038914690785,5.944542539499082,381.6647248198682,0.8466587864519394,10.391603523813409
15,64000170,高雄市,仁武區,0.7828522736835272,2.8253901588798773,4.7081038914690785,6.108849524308795,449.8209093416335,0.8158927917259094,10.739308489222662
16,10013180,屏東縣,崁頂鄉,0.7794894572621108,2.8825191442297022,4.7081038914690785,5.956300265931841,386.17871939736347,0.8361849374641965,10.556254685239931
17,10013190,屏東縣,林邊鄉,0.7748996874588943,2.850550863971732,4.7081038914690785,5.996787592012862,402.13489499192247,0.8429044276408442,9.824583285046568
18,10013210,屏東縣,佳冬鄉,0.7733864741846409,2.894421164264896,4.7081038914690785,5.9037634915348205,366.4138717030283,0.8583488772778899,9.719667042956258
19,10013090,屏東縣,里港鄉,0.7731802999450065,2.851440337271431,4.7081038914690785,5.985254706724517,397.5237603305785,0.8425668696583646,9.850707752913166
20,10013100,屏東縣,鹽埔鄉,0.772633344132411,2.870585577856058,4.7081038914690785,5.940962619965766,380.3008385744235,0.82930825537608,10.72146391735105
21,64000160,高雄市,大社區,0.7709642612170354,2.852923591384086,4.7081038914690785,5.969589063404261,391.3448197943735,0.8210672502922727,10.877582083375618
22,67000290,臺南市,關廟區,0.7705978383214438,2.878975552921171,4.7081038914690785,5.913987460314836,370.17929165616334,0.8488569559694503,9.930870369050508
23,64000090,高雄市,前鎮區,0.7698845876318203,2.8049517110603106,4.7081038914690785,6.103529513665977,447.4342115744613,0.8471521138511923,9.084873888762472
24,64000120,高雄市,鳳山區,0.7694404933860555,2.807876809415475,4.7081038914690785,6.090550445817307,441.66445660094627,0.826958469059501,9.972878441855396
25,10013160,屏東縣,枋寮鄉,0.7690694065048632,2.849468949176732,4.7081038914690785,5.967271588430863,390.4389380530974,0.8347273460907279,10.17470038703607
26,64000140,高雄市,大寮區,0.7659852218214969,2.8614029586697267,4.7081038914690785,5.92306697497613,373.5556445902128,0.8224425384724556,10.93114768323882
27,10013150,屏東縣,新埤鄉,0.7642013330430472,2.85672097001848,4.7081038914690785,5.9233629190618124,373.6662125340599,0.8335110203566071,10.32864385265198
28,10013220,屏東縣,琉球鄉,0.7602514896616465,2.8312753412846385,4.7081038914690785,5.964839094459391,389.4903518728717,0.8558169308653871,9.057032865171776
29,64000310,高雄市,美濃區,0.7597127316270588,2.821910747866884,4.7081038914690785,5.988896836392545,398.9742332135949,0.8524645183074216,9.07741732535638
30,10013130,屏東縣,內埔鄉,0.7584403431054484,2.82316214045889,4.7081038914690785,5.977822081542323,394.5800684499685,0.8377919692925713,9.69487977806619
31,10016040,澎湖縣,西嶼鄉,0.7584188278111257,2.889967963122158,4.400731121049717,6.156443416159029,471.74727891156465,0.8352057196334294,10.707000400323471
32,64000300,高雄市,旗山區,0.7516797792110106,2.8237522331145457,4.7081038914690785,5.936880415565275,378.7515372515372,0.8416245667752977,9.539403739503731
33,10013250,屏東縣,枋山鄉,0.7515445913719628,2.833014779751012,4.7081038914690785,5.909954666353712,368.6894409937888,0.8186290814739413,10.712794838305587
34,64000050,高雄市,三民區,0.7491208973281164,2.7663632874588155,4.7081038914690785,6.13552511963747,461.98162595813136,0.8267156782857272,9.445892215555237
35,64000150,高雄市,大樹區,0.7426687893442157,2.8093137813725786,4.7081038914690785,5.927978938556289,375.3950501598501,0.8209263343300366,10.269799328318854
36,64000270,高雄市,永安區,0.7410073037577216,2.82672749637511,4.7081038914690785,5.865352230217728,352.6063328424153,0.8176804412335191,10.669838367140104
37,10013110,屏東縣,高樹鄉,0.7389530900582549,2.8159815641574713,4.7081038914690785,5.884647361413535,359.47598054119794,0.8531325921858506,8.981714575636122
38,64000210,高雄市,燕巢區,0.7379714248226348,2.8044435948417252,4.7081038914690785,5.915512447498399,370.7442409923213,0.8287476511145271,9.847705650215971
39,64000200,高雄市,橋頭區,0.7361095299572008,2.75857042087356,4.7081038914690785,6.086532755673548,439.8935455349248,0.8141123857717774,9.896474782631993
40,67000280,臺南市,歸仁區,0.7359485459312262,2.7724949213092267,4.7081038914690785,6.022949191946946,412.79421166799864,0.8163171128726904,9.982965277535524
41,64000230,高雄市,阿蓮區,0.7335776138993058,2.805568517474178,4.7081038914690785,5.884906930798962,359.56930161166537,0.8246907212493972,10.044852163597186
42,10016020,澎湖縣,湖西鄉,0.7285708094571,2.811616947326539,4.400731121049717,6.206504726513977,495.9646859525671,0.812054741764991,10.73233881008498
43,64000190,高雄市,岡山區,0.7275115610126558,2.76056748300364,4.7081038914690785,6.020062892434983,411.60448172074587,0.8063705885981107,10.284697824611346
44,64000080,高雄市,苓雅區,0.7256385216561179,2.7327862734978603,4.7081038914690785,6.148014844576849,467.78783287987466,0.8270841703030052,9.015372053404317
45,67000320,臺南市,東區,0.724576352695601,2.7153901004647336,4.7081038914690785,6.247977382793567,516.9661418921413,0.8192481101166985,9.11976586041341
46,64000350,高雄市,內門區,0.7160794636977711,2.7933450947836493,4.7081038914690785,5.816089283210038,335.6568247821878,0.8223517785575793,9.987699026518817
47,64000280,高雄市,彌陀區,0.7098921536049465,2.7722045552363537,4.7081038914690785,5.854222922189769,348.7038247397725,0.8192300729437012,9.847281978957996
48,64000040,高雄市,楠梓區,0.7040354672458756,2.7051706073795763,4.7081038914690785,6.150837124363635,469.1099258056181,0.8132582985934924,9.240355227672708
49,67000370,臺南市,中西區,0.7030391085727357,2.704875156902879,4.7081038914690785,6.144771919157713,466.2732889297198,0.8280261831365748,8.64706898663633
50,10016010,澎湖縣,馬公市,0.6992027190490053,2.751272620217577,4.400731121049717,6.307044089826156,548.4214659685864,0.8033381667582785,10.299970137699097
51,67000270,臺南市,仁德區,0.6969363549610922,2.7125029199191855,4.7081038914690785,6.050294465979074,424.2379352926649,0.7999246752106618,9.923844053753417
52,64000260,高雄市,茄萣區,0.6940963140099699,2.755998468277127,4.7081038914690785,5.813220966948383,334.695434298441,0.8162763255854707,9.765060709788202
53,67000330,臺南市,南區,0.6926819668565939,2.7197947158437947,4.7081038914690785,5.977117363504487,394.3020987150083,0.8172302982383945,9.258062443243936
54,10013300,屏東縣,來義鄉,0.690751148261433,2.7134217662803897,4.7081038914690785,5.997764822701994,402.5280656303973,0.7871191505136262,10.556893633996683
55,67000310,臺南市,永康區,0.6882921172176439,2.746066199417041,4.463474029833198,6.117178479154063,453.58309316458866,0.8098343370329935,9.923306291801902
56,10009050,雲林縣,土庫鎮,0.6866416184230492,2.7600913626998778,4.463474029833198,6.027777532562057,414.7921421889616,0.8535733433821954,8.333150063826547
57,64000250,高雄市,湖內區,0.6859420992838822,2.7281810922492844,4.7081038914690785,5.883465029802781,359.0512118842846,0.8100309744460631,9.675976313662169
58,64000240,高雄市,路竹區,0.6848467024691824,2.7075424959646384,4.7081038914690785,5.985838983772795,397.75609220636665,0.7962890608727912,10.025387206564629
59,67000180,臺南市,新化區,0.6840748972849383,2.7683314367341096,4.463474029833198,5.967602083987121,390.56799771276087,0.8354903294757473,9.108951109017363
60,10009150,雲林縣,褒忠鄉,0.6839912368625379,2.7597133308406763,4.463474029833198,6.009962518804325,407.4680475980608,0.8195712830396534,9.668170131013408
61,67000200,臺南市,新市區,0.683620799452797,2.745922338966434,4.463474029833198,6.081778294489141,437.8070527522936,0.8035687423669571,10.213957666009607
62,10009030,雲林縣,虎尾鎮,0.6827236109370053,2.7287315990695875,4.463474029833198,6.17972230202083,482.85784908407135,0.8325331196515274,8.753491072057223
63,10016060,澎湖縣,七美鄉,0.6757126337429125,2.7287582324297532,4.400731121049717,6.255362005518168,520.7978723404256,0.8355963695846117,8.637305534017704
64,67000070,臺南市,麻豆區,0.6732367929002128,2.738611586768793,4.463474029833198,6.042938262114152,421.1286050085887,0.8187706715867888,9.431026324379618
65,10016050,澎湖縣,望安鄉,0.6686313276743404,2.728640994353382,4.400731121049717,6.193289179279195,489.4533613445378,0.8143774482240098,9.49170727809285
66,10009160,雲林縣,臺西鄉,0.6672962463319663,2.726329349239817,4.463474029833198,6.069196106285316,432.3329920655234,0.8217322172338248,9.153141904923562
67,64000070,高雄市,前金區,0.6660496924661834,2.653694684164925,4.7081038914690785,6.192530983605247,489.0824005715647,0.824524078515479,8.193128130363512
68,64000290,高雄市,梓官區,0.6647015265896339,2.6920230045237785,4.7081038914690785,5.916519101797803,371.1176401869159,0.8144391482368992,9.02789129664508
69,64000340,高雄市,杉林區,0.6618125598031639,2.7032196184268455,4.7081038914690785,5.829315827309051,340.12589459986987,0.8214708513504899,8.881918574033595
70,10010020,嘉義縣,朴子市,0.6617214559291015,2.7093736181541157,4.463474029833198,6.133828924430356,461.1986791414419,0.8228073477408251,8.903030444126673
71,10016030,澎湖縣,白沙鄉,0.6616584319480138,2.724940187222415,4.400731121049717,6.157731378648874,472.35526315789474,0.813877950264372,9.465607187590711
72,10010110,嘉義縣,鹿草鄉,0.6598973345813123,2.731075206089441,4.463474029833198,5.981412326032453,395.99925345278086,0.8076036675400456,9.823312063853187
73,67000140,臺南市,西港區,0.6588594415522934,2.7397711777616425,4.463474029833198,5.9240268617088585,373.91438784629133,0.8068006666142842,9.97748599593299
74,64000020,高雄市,鼓山區,0.6574999794303947,2.633682635533493,4.7081038914690785,6.279505460069014,533.5247492801112,0.8106248395353942,8.477814755963132
75,10009130,雲林縣,麥寮鄉,0.6566419009980585,2.6974514033900867,4.463474029833198,6.174965970291693,480.5666700988468,0.7977657167983949,9.818499799303906
76,67000040,臺南市,柳營區,0.6555176917143503,2.723971520866211,4.463474029833198,5.988407206831588,398.7789314516129,0.8463442498570619,8.193666579099709
77,67000360,臺南市,安平區,0.654995023313529,2.6459626008540487,4.7081038914690785,6.148624047887666,468.072897598794,0.8009324136385032,9.010182707226456
78,10010040,嘉義縣,大林鎮,0.6533609071582263,2.7198862624878952,4.463474029833198,5.995781802328872,401.7306351972121,0.8329245618571338,8.635607101296298
79,67000160,臺南市,將軍區,0.6521601627949694,2.742963731682838,4.463474029833198,5.854254763369084,348.71492805755395,0.8202807964207411,9.422142643154617
80,10013280,屏東縣,瑪家鄉,0.6507600793294096,2.652471205181253,4.7081038914690785,6.058582108316195,427.76847729296526,0.7885724393123237,9.629537790148287
81,10007240,彰化縣,大城鄉,0.650260261149855,2.7300298197528936,4.463474029833198,5.9105135618466775,368.89555745407944,0.8061429037500848,9.875726064026182
82,10007260,彰化縣,溪州鄉,0.6491957413918001,2.7291260324136277,4.463474029833198,5.907147359882901,367.6558681969641,0.8293568053532143,8.881394946049042
83,64000030,高雄市,左營區,0.6491176649738478,2.627974662696228,4.7081038914690785,6.242839166793541,514.3166707968987,0.7944737514086266,9.052467329865085
84,10009020,雲林縣,斗南鎮,0.6476890176485467,2.70919697759007,4.463474029833198,6.016499118380516,410.1402270342459,0.8442684024956237,8.10595455648782
85,10010120,嘉義縣,水上鄉,0.6467503674089952,2.7161292650190783,4.463474029833198,5.964715912707756,389.4423767239751,0.8419713450084999,8.2619676253408
86,10009090,雲林縣,莿桐鄉,0.6460990927788498,2.718139984011563,4.463474029833198,5.946998682737095,382.60330021889206,0.8277875823318428,8.81213758571181
87,10007120,彰化縣,田中鎮,0.6453868215947787,2.714337371189847,4.463474029833198,5.964578281567801,389.3887810140237,0.8389152462993265,8.3514582511771
88,67000080,臺南市,下營區,0.643751638832883,2.7091926324089655,4.463474029833198,5.98350470400202,396.8287010229685,0.8141268334026079,9.2546162213289
89,10013260,屏東縣,三地門鄉,0.6434428590151068,2.6550911560575305,4.7081038914690785,5.972764669768461,392.589552238806,0.7864145080913985,9.763901530414373
90,10008030,南投縣,草屯鎮,0.6417858275320067,2.705443569317967,4.463474029833198,5.991234025899637,399.90780214385074,0.8384023472818216,8.27111469415562
91,9020050,金門縣,烈嶼鄉,0.6403746870105345,2.7411329023643463,4.257506457788701,6.206833093140831,496.1275709450664,0.854423314963711,8.099024924482247
92,10007170,彰化縣,社頭鄉,0.6399107553992416,2.7173817845351467,4.463474029833198,5.900598710413893,365.2560850364589,0.8317702837868824,8.650270001859965
93,10004010,新竹縣,竹北市,0.639379044197639,2.6792293990493192,4.257017617124576,6.86069682274884,954.0316268649602,0.8062699947257654,9.20617382898794
94,10013230,屏東縣,車城鄉,0.6391105276023401,2.6772035629149133,4.7081038914690785,5.790747740364787,327.25763665594855,0.820095201674549,8.626342839659335
95,67000190,臺南市,善化區,0.6369208955649276,2.6561077202456507,4.463474029833198,6.332734546257463,562.6932025227751,0.8050163127756937,8.968656642632878
96,10007210,彰化縣,田尾鄉,0.6368164100661393,2.712477245683571,4.463474029833198,5.904807116397414,366.7964699393271,0.8298071151453092,8.667836162678569
97,67000100,臺南市,官田區,0.636668682703814,2.700419161425532,4.463474029833198,5.980788934676263,395.75246787111195,0.8170395043394618,9.0254493862325
98,10004060,新竹縣,新豐鄉,0.6345884556776278,2.743906118446341,4.257017617124576,6.1316423299232055,460.1913263802958,0.8178437984843628,9.538646533636191
99,10010060,嘉義縣,溪口鄉,0.6341552181409971,2.712042157395788,4.463474029833198,5.885191752798052,359.67172944511947,0.8347610829004475,8.477156055656348
100,10007140,彰化縣,埔鹽鄉,0.6337963318665171,2.7182397727041887,4.463474029833198,5.844729247475849,345.4090087585152,0.8277875823318428,8.813320497151711
101,67000010,臺南市,新營區,0.6335591681927991,2.67337999317223,4.463474029833198,6.149470356337223,468.4691993201341,0.809299528587189,9.00740957237788
102,10009180,雲林縣,四湖鄉,0.6324495529195989,2.6931350264795544,4.463474029833198,5.993570702673975,400.84335002782416,0.8219708872466917,8.741898582602433
103,10010090,嘉義縣,東石鄉,0.6311190644152305,2.707452565450686,4.463474029833198,5.888101187497124,360.7196946089125,0.8327189652390726,8.500458894153487
104,10009060,雲林縣,北港鎮,0.6308709279825959,2.680782386392843,4.463474029833198,6.067863773625687,431.7573642493789,0.8283849150513011,8.357287812040065
105,10013290,屏東縣,泰武鄉,0.6303486544452026,2.626509566470049,4.7081038914690785,6.063312806814331,429.7969151670951,0.7660678202375709,10.342538256144692
106,10008010,南投縣,南投市,0.6298517646268761,2.6866235536205343,4.463474029833198,6.016265978524829,410.0446181464582,0.8285294603732146,8.418171359415151
107,64000010,高雄市,鹽埕區,0.6297447905109624,2.6385468546221675,4.7081038914690785,5.964494830409753,389.3562874251497,0.8184389249070622,8.243101817114832
108,10014090,臺東縣,太麻里鄉,0.6289002879320535,2.6390991700314377,4.7081038914690785,5.95237031141753,384.6640328697851,0.7995431162927891,8.98175614547511
109,67000090,臺南市,六甲區,0.6285687451258325,2.6889148859723435,4.463474029833198,5.988771826803854,398.924360726137,0.8297185372745852,8.400430323044155
110,10018010,新竹市,東區,0.6283662602279897,2.6769451247713665,4.257017617124576,6.688381100143941,803.021188395874,0.807301905202022,9.134199343595986
111,10009190,雲林縣,口湖鄉,0.6270842985950712,2.6914250796177432,4.463474029833198,5.958375809239329,386.98108243547983,0.8237908000770536,8.65158393678711
112,67000220,臺南市,山上區,0.6269120994783192,2.70919680414953,4.463474029833198,5.84148439702479,344.2900246305419,0.8120580997818315,9.34197188530104
113,10007200,彰化縣,二林鎮,0.6267712809199016,2.6889917670906818,4.463474029833198,5.972387640787621,392.4415625,0.8201338776104311,8.76420307451731
114,9020020,金門縣,金沙鎮,0.625333217487532,2.7217928692133166,4.257506457788701,6.200886855012573,493.186231884058,0.8385432909007184,8.448523642408196
115,10007230,彰化縣,芳苑鄉,0.6252000444332025,2.70585616881395,4.463474029833198,5.847626220340893,346.411100099108,0.8204137917569851,8.95584947113738
116,10009100,雲林縣,林內鄉,0.6248854944472013,2.7012455584883943,4.463474029833198,5.874178161426743,355.7321860715246,0.8254671412911748,8.702505124492978
117,67000350,臺南市,安南區,0.62426942902078,2.6795212733377847,4.463474029833198,6.017515274281693,410.5572052678232,0.7905481732589308,9.907462368927606
118,67000210,臺南市,安定區,0.6242593168073894,2.682193450024542,4.463474029833198,5.99805627636963,402.6454010095345,0.7921920973723772,9.867608616081478
119,10010010,嘉義縣,太保市,0.6237163006718063,2.661740351994575,4.463474029833198,6.150463454936992,468.9346665151687,0.8170893222299209,8.560002386625715
120,10013040,屏東縣,恆春鎮,0.6235000607085442,2.635073116943768,4.751447559394848,5.874931007545133,356.0000985027581,0.7906974704085528,9.304630231679369
121,10009040,雲林縣,西螺鎮,0.6229419137127562,2.676937926071268,4.463474029833198,6.024485114192697,413.4287186325615,0.8290590371529284,8.289520848777054
122,10020010,嘉義市,東區,0.6220859735291799,2.659702467426539,4.463474029833198,6.151635428272674,469.484567612271,0.8431052836534217,7.6248748776528785
123,67000120,臺南市,佳里區,0.6217158950670482,2.6748325943366043,4.463474029833198,6.028958125080906,415.2821318710713,0.8063875107811147,9.145761972019397
124,9020040,金門縣,金寧鄉,0.6215011086890805,2.715453013928241,4.257506457788701,6.211647565570121,498.5219226018938,0.840991480683782,8.289372573649205
125,10009140,雲林縣,東勢鄉,0.6211801779273305,2.6662598581403367,4.463474029833198,6.089839701474451,441.35065761561304,0.807127429079406,9.00809174349346
126,10007220,彰化縣,埤頭鄉,0.6207526255358454,2.6912242451894466,4.463474029833198,5.904091229212922,366.5339790153349,0.8224842440260048,8.699436991471964
127,10020020,嘉義市,西區,0.6199694764487522,2.664765542616098,4.463474029833198,6.09027191260578,441.5414555121708,0.835262948789677,7.938173984209089
128,10009080,雲林縣,大埤鄉,0.6195931042154054,2.6912605267743013,4.463474029833198,5.893619063937831,362.71560283687944,0.8348074458005463,8.242476988263673
129,67000110,臺南市,大內區,0.6181677944408057,2.6993799496368256,4.463474029833198,5.827768965955432,339.60017371163866,0.8168285273919029,9.021253834595726
130,10008060,南投縣,名間鄉,0.6179929716570732,2.6886509408439756,4.463474029833198,5.89709842000347,363.9798176210272,0.8322509691055566,8.30523478907926
131,10010050,嘉義縣,民雄鄉,0.617873293027002,2.6711071873954024,4.463474029833198,6.021637312497899,412.2530304848776,0.8235203245032428,8.426483200806423
132,10009110,雲林縣,二崙鄉,0.617711644358246,2.6750778640360924,4.463474029833198,5.990556892150479,399.6371027346637,0.8244308654449651,8.438122299205988
133,10010080,嘉義縣,六腳鄉,0.6173306636211838,2.674828704868136,4.463474029833198,5.988911316013666,398.98001025115326,0.8180223035449106,8.678167598743025
134,64000220,高雄市,田寮區,0.6172985465483458,2.6391845007705217,4.7081038914690785,5.8409753107699345,344.11479591836735,0.7997282270640557,8.975197118972433
135,10010030,嘉義縣,布袋鎮,0.6169950143415387,2.673614040553977,4.463474029833198,5.994811922298254,401.34119356280735,0.822338893845501,8.499426316536296
136,10010070,嘉義縣,新港鄉,0.6169791224949519,2.665275018931472,4.463474029833198,6.058118281582624,427.5701128443412,0.8340065442981842,7.986723552122529
137,10009200,雲林縣,水林鄉,0.6127983220620565,2.674627038813266,4.463474029833198,5.948943326491578,383.3480512401199,0.817783633532044,8.68501936871232
138,10014100,臺東縣,大武鄉,0.6120294384817531,2.621546041306028,4.7081038914690785,5.919214048853237,372.11913145539904,0.791193449014019,9.108808404511237
139,67000130,臺南市,學甲區,0.6115543912699672,2.6770846209145285,4.463474029833198,5.9198440866085615,372.3536544291007,0.8117355129028442,8.954019797974992
140,10007130,彰化縣,大村鄉,0.61115158603373,2.6787231734873913,4.463474029833198,5.904509564110609,366.6873450468902,0.8046036623141102,9.270190407538095
141,10010130,嘉義縣,中埔鄉,0.6106889956496531,2.671502255142322,4.463474029833198,5.952441865283861,384.69155805333014,0.8347422514833664,8.028550175009597
142,67000050,臺南市,後壁區,0.6099723787320998,2.664744770403968,4.463474029833198,5.996531530626656,402.0319369556201,0.8409118809777177,7.748437901073286
143,10009170,雲林縣,元長鄉,0.6087574192301403,2.6645206930983014,4.463474029833198,5.986853605746711,398.1598690835851,0.8350461158134129,7.942959005642118
144,64000100,高雄市,旗津區,0.6075571221378437,2.625804763260239,4.680313242881474,5.883365607540472,359.01551597502754,0.8012173072316603,8.750018181528231
145,10009010,雲林縣,斗六市,0.6074381906024392,2.6497739725857525,4.463474029833198,6.091851726330203,442.2395600558659,0.8147132572185307,8.51054045892865
146,10018030,新竹市,香山區,0.6073302208536027,2.7016194705183123,4.257017617124576,6.178548463683579,482.291384563304,0.7942842403759859,10.037800477768087
147,10007110,彰化縣,溪湖鎮,0.6064549080417335,2.6659089856538007,4.463474029833198,5.954758997613607,385.58397282174263,0.8187155969255976,8.546827174545859
148,66000200,臺中市,石岡區,0.6039251584154549,2.7384614900750086,4.257017617124576,5.874245865429347,355.75627137970355,0.8233047359242156,9.238776373867315
149,67000020,臺南市,鹽水區,0.6011341805692846,2.659882910384529,4.463474029833198,5.950396837588176,383.90565703138856,0.8197602032314839,8.437664202985635
150,64000060,高雄市,新興區,0.6008904543359879,2.576967858811075,4.7081038914690785,6.183807252412537,484.8343336160219,0.8025955130456333,8.122945791716019
151,9020030,金門縣,金湖鎮,0.5998522596028985,2.6786356775715197,4.257506457788701,6.298554321206533,543.7852028639618,0.8263336736504104,8.408286584158697
152,10014010,臺東縣,臺東市,0.5964792106031447,2.679939569449083,4.320263742339639,6.076345121493384,435.43482150287093,0.8166284989110917,8.793432722200649
153,10007180,彰化縣,二水鄉,0.5936641782773018,2.658061592116634,4.463474029833198,5.892924770867832,362.4638593094547,0.8249014187636889,8.228327935350825
154,67000340,臺南市,北區,0.5929164406819846,2.6242048607819313,4.463474029833198,6.1693301115292885,477.8658819991251,0.7992585935407754,8.808985955091767
155,9020010,金門縣,金城鎮,0.5928451945596084,2.672032191630403,4.257506457788701,6.282131463209803,534.9276281233585,0.827382542493637,8.295220349315988
156,10007250,彰化縣,竹塘鄉,0.5920527662652116,2.647613674069058,4.463474029833198,5.959113761714892,387.2667614790735,0.8283266256367654,7.992043925090935
157,10009120,雲林縣,崙背鄉,0.5919030701858435,2.636076563565181,4.463474029833198,6.053296594738964,425.5134658947898,0.8210975321116318,8.11964158708956
158,10005060,苗栗縣,後龍鎮,0.5918584844071572,2.708832357455639,4.257017617124576,5.964408416572107,389.32264310783006,0.8153567540405088,9.198762726853213
159,67000230,臺南市,玉井區,0.5886287333512666,2.6451331219198493,4.463474029833198,5.945382614451784,381.98548650858544,0.812976729061857,8.522328470197762
160,10013240,屏東縣,滿州鄉,0.5884939193233912,2.602363593928976,4.7081038914690785,5.824429717309945,338.46805555555557,0.7886733626382865,8.970913761484308
161,10007100,彰化縣,員林市,0.5876716046277959,2.6323295617284086,4.463474029833198,6.042662210361629,421.0123677636246,0.8202315110185193,8.108899770663797
162,10013310,屏東縣,春日鄉,0.586666251699813,2.569687348814979,4.7081038914690785,6.085932083286151,439.629392971246,0.7498831595079761,10.322406605857484
163,10007160,彰化縣,永靖鄉,0.5865466343358746,2.649900870159667,4.463474029833198,5.886879339639677,360.2792191746973,0.8137180270042341,8.549936942121036
164,67000150,臺南市,七股區,0.5769753414727261,2.645138452536145,4.463474029833198,5.829084501301742,340.0472237343495,0.8054400177758497,8.816760428986672
165,67000030,臺南市,白河區,0.5736277569118335,2.6290371491764923,4.463474029833198,5.92707329725944,375.0552308002419,0.827673390756019,7.814680721039824
166,10007190,彰化縣,北斗鎮,0.5732061452005163,2.6250580163238477,4.463474029833198,5.956779574888819,386.3638626834382,0.8055884483023045,8.56929614974033
167,66000190,臺中市,新社區,0.5677645266575454,2.6871178063465715,4.257017617124576,5.8854376130323445,359.76016929226427,0.8366707222726864,8.131034730110303
168,10008020,南投縣,埔里鎮,0.5661792665325316,2.624855295103487,4.463474029833198,5.88500249401846,359.60366485366484,0.8441561933587106,7.243645644667479
169,10005090,苗栗縣,公館鄉,0.5661047758312489,2.6701984010127773,4.257017617124576,6.009835943121635,407.41647531572903,0.8199475733457372,8.550062706789916
170,10005150,苗栗縣,造橋鄉,0.5645800697034005,2.6752579481417125,4.257017617124576,5.94996667536709,383.7405508350425,0.8017912113041908,9.346018262364318
171,10005020,苗栗縣,苑裡鎮,0.5641992989405158,2.6850963404424486,4.257017617124576,5.863924588275097,352.1032964158019,0.8120589796989467,9.039514154787613
172,67000170,臺南市,北門區,0.5588542427848013,2.6152635761801415,4.463474029833198,5.8902740408836625,361.50433776749566,0.8094768892988573,8.307373823331123
173,10005010,苗栗縣,苗栗市,0.5584699699417575,2.6481932205307146,4.257017617124576,6.126023430141012,457.6128084377676,0.816778386083014,8.41441513630794
174,66000260,臺中市,霧峰區,0.5579962659203666,2.674754308723992,4.257017617124576,5.883158567381084,358.9411930395593,0.824459749123322,8.433346682358716
175,66000210,臺中市,外埔區,0.5559932979179784,2.665678043658062,4.257017617124576,5.93967888889606,379.8129477993859,0.8023504732217946,9.199474778437386
176,10009070,雲林縣,古坑鄉,0.5555846424879649,2.609080772529767,4.463474029833198,5.909931891572025,368.68104426787744,0.8115686655293501,8.1601393861961
177,10010100,嘉義縣,義竹鄉,0.5549166852652787,2.6019846323008955,4.463474029833198,5.967451849810224,390.50932545850173,0.7993858925646125,8.535097115964536
178,10014140,臺東縣,金峰鄉,0.552506431884854,2.528926662768508,4.7081038914690785,6.058878606606284,427.8953287197232,0.7386084984214216,10.289880611180962
179,10014130,臺東縣,延平鄉,0.5503512509096713,2.533913069929564,4.7081038914690785,5.981571767964857,396.0623973727422,0.747259180487537,9.92378704472416
180,10007090,彰化縣,芬園鄉,0.5493921662467933,2.6694082889846156,4.257017617124576,5.834274865901104,341.81678115799804,0.83497494630482,7.997907752651335
181,10007150,彰化縣,埔心鄉,0.5492257602296841,2.6043565842584524,4.463474029833198,5.88259718170536,358.73974514563105,0.7968784195770261,8.66197578157489
182,10008040,南投縣,竹山鎮,0.5479300222115414,2.5972603550649325,4.463474029833198,5.933713599315756,377.5539979231568,0.812882466049217,7.981115514533399
183,66000230,臺中市,烏日區,0.5478223303066773,2.6462775535139977,4.257017617124576,6.02534853111577,413.78583413231064,0.8194382410079926,8.294102933701005
184,67000250,臺南市,南化區,0.5460665512525336,2.5939052780962957,4.463474029833198,5.94426771518302,381.5598484848485,0.7998031256068838,8.423247000750942
185,67000300,臺南市,龍崎區,0.5457625417088601,2.5389866964468384,4.7081038914690785,5.873357532107914,355.4403815580286,0.7790032187888536,8.57615599853413
186,64000320,高雄市,六龜區,0.5456211314973507,2.6025174648975495,4.463474029833198,5.859006579466424,350.3759004584152,0.8086480585558381,8.1922079700704
187,67000060,臺南市,東山區,0.5435111560579303,2.595610172458485,4.463474029833198,5.899251691000691,364.7644092219021,0.8231178403930647,7.613995860915762
188,66000060,臺中市,西屯區,0.5380431191351422,2.609940643345128,4.257017617124576,6.274052172055078,530.6232038318254,0.8204387918840834,7.85650458343622
189,10014070,臺東縣,東河鄉,0.5374894663296532,2.6346734674447605,4.320263742339639,5.842834454379781,344.7551498127341,0.7956426999793551,9.08831341999349
190,66000070,臺中市,南屯區,0.536512720735278,2.6047704332034796,4.257017617124576,6.310401562736678,550.2658707210148,0.8072878140156451,8.268019784472276
191,10010140,嘉義縣,竹崎鄉,0.5354593303323867,2.5839435702288447,4.463474029833198,5.917828413812972,371.6038672142368,0.8120815645468551,7.8629254723435
192,10007060,彰化縣,福興鄉,0.5353557958566024,2.6535684044700063,4.257017617124576,5.815997828805592,335.6261288908374,0.8330169011516695,7.895020945463707
193,10004030,新竹縣,新埔鎮,0.531976034309482,2.73365959720513,3.8999777545063616,6.084906223862596,439.1786262667622,0.8200656656035223,9.313608865900209
194,10008050,南投縣,集集鎮,0.5298305129341637,2.567389919128186,4.463474029833198,6.015582537209222,409.7644724556489,0.8100644212062854,7.752725320219029
195,66000150,臺中市,后里區,0.5273557907846615,2.630700860993155,4.257017617124576,5.940419432913582,380.0943201771128,0.8030460177536918,8.736707318574375
196,10014040,臺東縣,卑南鄉,0.5268716285676379,2.6153808206571547,4.320263742339639,5.904315305322516,366.61611972592857,0.7764854072401365,9.678466085020853
197,10004050,新竹縣,湖口鄉,0.5252666026998523,2.7246748991257173,3.8999777545063616,6.074688563971899,434.71409580080183,0.8170950394141211,9.325199834864677
198,10007070,彰化縣,秀水鄉,0.5236868747932045,2.6308258000338114,4.257017617124576,5.895830559625857,363.5186344517265,0.8153082441062531,8.270030798004608
199,10013320,屏東縣,獅子鄉,0.52131983297579,2.4894291749592368,4.7081038914690785,6.037805891674371,418.97275405007366,0.7505079689895293,9.145115190500396
200,10005120,苗栗縣,頭屋鄉,0.5203465398406419,2.6194522305201944,4.257017617124576,5.969850186445889,391.44702228717574,0.7963796117458982,8.867045989411766
201,66000140,臺中市,梧棲區,0.5198790140332721,2.6143103401157597,4.257017617124576,6.016599178486979,410.1812677622637,0.8212934493917312,7.874325155363829
202,10008110,南投縣,水里鄉,0.5183232040688794,2.5646444725314455,4.463474029833198,5.904309010573734,366.6138119768191,0.8238843405903208,7.271943976927283
203,10010150,嘉義縣,梅山鄉,0.5167025256086306,2.5553930230340405,4.463474029833198,5.979557684113358,395.2654972752044,0.8076745484426846,7.704929720735809
204,10018020,新竹市,北區,0.5157382848370381,2.5883679946233245,4.257017617124576,6.238361908446826,512.0190894604045,0.7913912155629528,8.685747285883785
205,10002030,宜蘭縣,蘇澳鎮,0.5155569231662465,2.723291281990716,3.8999777545063616,5.945411068259072,381.9963556046383,0.8173270490625106,9.297983176232885
206,10005100,苗栗縣,銅鑼鄉,0.5146504399125141,2.612355707968214,4.257017617124576,5.9742376617523725,393.1682596132474,0.7877426500572297,9.137640324941517
207,67000240,臺南市,楠西區,0.5131701645390658,2.563024616451747,4.463474029833198,5.856594895199849,349.53192252510763,0.8044728180289852,7.899258440242781
208,68000070,桃園市,龜山區,0.5125939119217676,2.7257585334441052,3.81094788893115,6.155773209710183,471.4312167682865,0.8198609124343083,9.2232005170459
209,10008070,南投縣,鹿谷鄉,0.5089096563290747,2.548810152268316,4.463474029833198,5.951122679717912,384.1844130853111,0.8142161333356441,7.418109037639231
210,10013330,屏東縣,牡丹鄉,0.5086908165013101,2.472552114112878,4.7081038914690785,6.031428259298882,416.3092024539877,0.762400435438237,8.422634983284263
211,66000130,臺中市,沙鹿區,0.5079269221073229,2.592183389571464,4.257017617124576,6.1048690541075725,448.03396940607195,0.8051178696199142,8.20394470930915
212,66000270,臺中市,太平區,0.5077638501971415,2.6067209762036336,4.257017617124576,5.949242559906324,383.46277895085495,0.8055186515710472,8.356560344474628
213,66000120,臺中市,清水區,0.5071162446619973,2.6044279583926415,4.257017617124576,5.965457109419135,389.731137133788,0.7936721433862538,8.79126785515443
214,66000180,臺中市,大雅區,0.5069139599420969,2.602729333669005,4.257017617124576,5.980916248154321,395.8028557017033,0.8011725815871522,8.474936348138925
215,66000220,臺中市,大安區,0.506022097708034,2.6124076571585904,4.257017617124576,5.867779340417105,353.46318668794163,0.7809346114004821,9.435696269650112
216,10007080,彰化縣,花壇鄉,0.5015883304954656,2.603424673823054,4.257017617124576,5.9075323869840695,367.797452925353,0.8163502344850028,7.92719845374198
217,10004100,新竹縣,寶山鄉,0.5009460624009411,2.5681257459896187,4.257017617124576,6.2791311081886345,533.3250606662255,0.8171135264354576,7.524326698683737
218,10010160,嘉義縣,番路鄉,0.5005637718344561,2.5418978049704117,4.463474029833198,5.917624404094966,371.52806414662086,0.7928527344717925,8.079463067602774
219,66000250,臺中市,龍井區,0.49973952180020875,2.5943123385116196,4.257017617124576,5.982424664696386,396.40034179230264,0.7999476489875067,8.422520744734607
220,66000160,臺中市,神岡區,0.49970962900186877,2.6062903402840396,4.257017617124576,5.85286043680773,348.22904438999376,0.782458518390523,9.287186133365442
221,68000120,桃園市,觀音區,0.49969932277733303,2.7229544777567187,3.81094788893115,5.977711186437935,394.53631387821696,0.8107032828299533,9.577784008888653
222,66000280,臺中市,大里區,0.4984906458536198,2.5939812951418606,4.257017617124576,5.970468465449004,391.6891205963262,0.8078502408741118,8.12454493739324
223,10014150,臺東縣,達仁鄉,0.4983886422524653,2.4568907490554293,4.7081038914690785,6.042877517698889,421.1030245746692,0.7450310038587339,8.951295012324469
224,10005050,苗栗縣,頭份市,0.49818589179307543,2.5779552203238127,4.257017617124576,6.140028938423096,464.06700003215747,0.7792992385376917,9.054726083683876
225,10008090,南投縣,魚池鄉,0.49588744813859076,2.548119304598316,4.463474029833198,5.787793400097184,326.29223300970875,0.8098676381633175,7.553499046560427
226,68000050,桃園市,蘆竹區,0.49439827317782425,2.690635894689529,3.81094788893115,6.244216921954381,515.0257616089914,0.8056665323392316,9.377496340182574
227,10005030,苗栗縣,通霄鎮,0.4931968660423863,2.5961560365133396,4.257017617124576,5.87947321027507,357.62080111547726,0.8109871448609658,8.03611729378367
228,68000110,桃園市,新屋區,0.4928983434281252,2.6900114723022863,3.8999777545063616,5.955018159901062,385.6839145961553,0.8053045106295224,9.385032475122731
229,66000040,臺中市,西區,0.49271063291442097,2.5657629510987503,4.257017617124576,6.205963795991434,495.6964760638298,0.80744723287641,7.825304135517523
230,10004070,新竹縣,芎林鄉,0.49155226382959055,2.6721056607010527,3.8999777545063616,6.132846766213481,460.7459314404432,0.7919640509157602,9.740524580713837
231,65000090,新北市,三峽區,0.49100421358544344,2.675959373637106,3.8999777545063616,6.082295461045399,438.0335304763752,0.8008632714368651,9.395194259557313
232,10014110,臺東縣,綠島鄉,0.4888903079928425,2.5483898530723748,4.320263742339639,6.150074755264742,468.752427184466,0.7637190827973837,9.348232535596658
233,10007020,彰化縣,鹿港鎮,0.48809749536650565,2.589776588987595,4.257017617124576,5.884015973088537,359.2490832416575,0.819442188892451,7.674728496361895
234,10005130,苗栗縣,三義鄉,0.4858732039641379,2.5833384116325298,4.257017617124576,5.9273756429621995,375.16864428174705,0.7894739850168674,8.700984817625164
235,66000100,臺中市,東勢區,0.4849353023874858,2.5862008520145636,4.257017617124576,5.882723039834981,358.7848983003622,0.8239645246965307,7.488636589631533
236,10002070,宜蘭縣,員山鄉,0.4825131393813423,2.677913504241453,3.8999777545063616,5.931794430092102,376.83010277091194,0.8028332764093696,9.335438388307336
237,10002050,宜蘭縣,礁溪鄉,0.48196421299079883,2.673792476268855,3.8999777545063616,5.9709093647654,391.8618541380887,0.8043174725747774,9.219522671906772
238,66000110,臺中市,大甲區,0.4817911812077862,2.5780860187407892,4.257017617124576,5.933600618983257,377.5113441564989,0.778048317292732,9.110044731895597
239,68000020,桃園市,中壢區,0.48166321835940035,2.6550374753978505,3.8999777545063616,6.179341799485755,482.6741553985873,0.8074753064670847,8.85592360615737
240,65000070,新北市,樹林區,0.48129039294406556,2.66782546404455,3.8999777545063616,6.02923242699322,415.3960601786554,0.8060523182653435,9.07182893857872
241,10008080,南投縣,中寮鄉,0.4803350459121402,2.528709514134546,4.463474029833198,5.786503537024605,325.8716320246343,0.8035949180321931,7.556973143554435
242,10005140,苗栗縣,西湖鄉,0.4795008508225706,2.572693640454929,4.257017617124576,5.965128189547998,389.6029678982435,0.7923507338806678,8.458489277250369
243,65000210,新北市,三芝區,0.47908371298104596,2.7105232602915943,3.81094788893115,5.764115666394989,318.65712019739163,0.8335404003175607,8.505018277770064
244,10002080,宜蘭縣,冬山鄉,0.4789356432771174,2.66761201123452,3.8999777545063616,5.996017967078688,401.82552101606905,0.8008493025876745,9.28800602316203
245,65000150,新北市,五股區,0.47889648884206837,2.693358278261092,3.81094788893115,5.965785145311016,389.85900390625,0.8112969231596887,9.173824375511584
246,10005040,苗栗縣,竹南鎮,0.47870162090548046,2.5523280372626997,4.257017617124576,6.1827528965080765,484.3234150660148,0.7778683648558411,8.788247809728027
247,66000030,臺中市,南區,0.47477826770735704,2.550629869655175,4.257017617124576,6.153405908459176,470.3165169947266,0.807924260360123,7.645302116506492
248,68000060,桃園市,大園區,0.47476625823894786,2.6815827904368836,3.81094788893115,6.035654570844599,418.0723780832235,0.8024056235247553,9.401283465146136
249,10007040,彰化縣,線西鄉,0.4735150991568283,2.5776638815592383,4.257017617124576,5.826616211097501,339.2089235127479,0.7981694950999253,8.294931960860099
250,63000110,臺北市,士林區,0.47277742947069734,2.658187819361013,3.81094788893115,6.272472669970998,529.785744933659,0.8064113571092131,8.937519466719227
251,65000220,新北市,石門區,0.4722876102764628,2.6993767941235256,3.81094788893115,5.776914383938744,322.7617335352006,0.8182125511605141,8.965353038128985
252,9007010,連江縣,南竿鄉,0.471577727532735,2.651595497797794,3.769112494778964,6.441766948410832,627.5146067415731,0.7952996210083301,9.319999312483496
253,64000360,高雄市,茂林區,0.47145960011773624,2.406029606983936,4.7081038914690785,6.159858545651282,473.3611111111111,0.7232289984789165,9.244982505760564
254,10002060,宜蘭縣,壯圍鄉,0.4701136720268262,2.659365364681476,3.8999777545063616,5.95723181326258,386.53863076381555,0.8001558678320245,9.21195569555202
255,66000010,臺中市,中區,0.4691545778899695,2.5579482420316975,4.257017617124576,5.999560693078533,403.2516033547114,0.824345423482577,7.190748855512821
256,10014050,臺東縣,鹿野鄉,0.4686297752484533,2.5469100327481864,4.320263742339639,5.906535438552517,367.4309605488851,0.7919100894581935,8.172048065276188
257,10007010,彰化縣,彰化市,0.468162863467323,2.553727272630599,4.257017617124576,6.03531421226483,417.9301077752117,0.8025365621634202,7.864634364221517
258,65000160,新北市,泰山區,0.46784420449006925,2.6673570419628443,3.81094788893115,6.091266806436038,441.98096097644833,0.8063421404769503,9.054012166020495
259,10002040,宜蘭縣,頭城鎮,0.46753317251571724,2.6618834270830862,3.8999777545063616,5.885296536566719,359.7094191790155,0.8037550457163105,9.092668707645393
260,65000060,新北市,新店區,0.4666772165007888,2.6350204264152532,3.8999777545063616,6.1916095579771495,488.6319550713106,0.8100544490483318,8.515223357055904
261,66000090,臺中市,豐原區,0.46519182422787353,2.5580987627930187,4.257017617124576,5.945154016271381,381.8981753014011,0.7860446867735081,8.529512434875109
262,10013270,屏東縣,霧臺鄉,0.4632906733011635,2.403354598768233,4.7081038914690785,6.051635907175434,424.8074074074074,0.7314743546704269,8.831885276613303
263,64000330,高雄市,甲仙區,0.46146327194983944,2.5021149060849996,4.463474029833198,5.819059497337074,336.6552795031056,0.7763250952238264,8.235221832800535
264,65000180,新北市,深坑區,0.4600037252125848,2.6407424919424916,3.8999777545063616,6.02665523202311,414.326881874018,0.7874497446864932,9.52273137030065
265,65000270,新北市,金山區,0.4589445932211143,2.6770455140297,3.81094788893115,5.818607456458549,336.50313194584766,0.8190260940882935,8.665585610087392
266,65000230,新北市,八里區,0.45584551344422836,2.664077482557885,3.81094788893115,5.932548535837851,377.11437969054015,0.8007690084242252,9.246117329056595
267,66000170,臺中市,潭子區,0.45581370538855864,2.546092446335521,4.257017617124576,5.961253170939909,388.09617046738913,0.7998202458466165,7.875820919823239
268,10004040,新竹縣,關西鎮,0.45526264474994804,2.638344421389616,3.8999777545063616,5.983063962825356,396.6538408112238,0.7977593278194384,9.046189889781756
269,10007030,彰化縣,和美鎮,0.4550042135929782,2.549588205426687,4.257017617124576,5.907434233386258,367.7613540537285,0.7991506953696033,7.938539904418513
270,66000240,臺中市,大肚區,0.4549547410863993,2.547840768955056,4.257017617124576,5.928194982110926,375.47616060225846,0.7936444680227441,8.118496708900668
271,68000090,桃園市,龍潭區,0.45336520160527766,2.6256900439764315,3.8999777545063616,6.1090602467734945,449.91570669993905,0.7855644710377859,9.406437859490346
272,68000040,桃園市,楊梅區,0.45170417899559384,2.6261428743249287,3.8999777545063616,6.079163216442145,436.66364883667,0.7890801598360142,9.258499513731229
273,68000010,桃園市,桃園區,0.45153083093355373,2.635144800746956,3.81094788893115,6.216605072124597,500.999484491171,0.7979095240786346,8.999758132981958
274,68000030,桃園市,大溪區,0.4511978977879753,2.632079178738228,3.8999777545063616,5.998227008966609,402.7141515733245,0.7879775683732324,9.38432118401106
275,66000080,臺中市,北屯區,0.4502156832062043,2.5226740643519734,4.257017617124576,6.160011544834963,473.4335405153754,0.8025386188609994,7.528110412650295
276,10007050,彰化縣,伸港鄉,0.4501732710552857,2.5485410320095605,4.257017617124576,5.850782261737195,347.50611491829204,0.7945217158040971,8.094244641299584
277,63000120,臺北市,北投區,0.4493417375113474,2.627161979521928,3.81094788893115,6.2757765966968275,531.5390129549661,0.8080545996165959,8.499302704075424
278,65000280,新北市,萬里區,0.44842091358913544,2.661895006723767,3.81094788893115,5.827652833875639,339.56073752711495,0.8094975536031396,8.8584592781551
279,10015040,花蓮縣,新城鄉,0.44442124900311786,2.6207752265301156,3.8999777545063616,6.035883580464633,418.1681316434996,0.7899026713770887,9.15377702361267
280,10002100,宜蘭縣,三星鄉,0.4431747109355307,2.6254028911537657,3.8999777545063616,5.957102817154817,386.4887720008092,0.791610593624956,9.140459329576874
281,65000130,新北市,土城區,0.44170349436104756,2.618842592251424,3.8999777545063616,6.0186497400132435,411.023232644103,0.7967156490984101,8.845829989251992
282,65000170,新北市,林口區,0.44149634543173777,2.607142146572986,3.81094788893115,6.386497193481841,593.7730605892749,0.7971629783734908,8.6844922980108
283,10005070,苗栗縣,卓蘭鎮,0.4406151920151933,2.5321388570211867,4.257017617124576,5.92018373599357,372.4801455989411,0.782244891491734,8.36533890404711
284,10002010,宜蘭縣,宜蘭市,0.4398935527267635,2.6108312148090325,3.8999777545063616,6.091579743601426,442.119294889314,0.806159840045547,8.380212593905306
285,10005080,苗栗縣,大湖鄉,0.43983229803739066,2.530725471892463,4.257017617124576,5.926789186505696,374.9486887115165,0.7979416183530978,7.772020868437106
286,10014020,臺東縣,成功鎮,0.43978027791148366,2.603108534658506,4.005329803119323,5.86475813916962,352.3969147894221,0.8118189052569265,8.08399264518884
287,68000080,桃園市,八德區,0.43739156091425074,2.6098980066280837,3.8999777545063616,6.066048307730431,430.9742345672674,0.797577468514941,8.7015097189877
288,68000100,桃園市,平鎮區,0.43654790488363304,2.6053911904889953,3.8999777545063616,6.1093300430973985,450.0371086798409,0.7879697897773644,9.038831877837952
289,10014030,臺東縣,關山鎮,0.4355017654953621,2.5903091753181995,4.005329803119323,5.969626331357295,391.35940468651046,0.7913368955035115,8.71171609456323
290,10010180,嘉義縣,阿里山鄉,0.4318027651612301,2.456147643103898,4.463474029833198,5.915974313205328,370.9155145929339,0.7681542543086934,8.002179303210218
291,66000020,臺中市,東區,0.43142981826187926,2.5168070782494047,4.257017617124576,5.981741725172387,396.1297167523523,0.8008953763536165,7.520642142631214
292,67000260,臺南市,左鎮區,0.4287174682448651,2.461903286246818,4.463474029833198,5.7893375311554305,326.79646017699116,0.7677659872654904,8.084596576411212
293,10017020,基隆市,七堵區,0.42727788827618074,2.6246114824598874,3.81094788893115,5.962585944224208,388.6137595129376,0.816941292527023,8.14063276017286
294,10002090,宜蘭縣,五結鄉,0.42496784170214336,2.601473234538902,3.8999777545063616,5.983780546557957,396.9381783646888,0.7950381806601007,8.70010033436387
295,66000050,臺中市,北區,0.4208032102557933,2.4965237280188814,4.257017617124576,6.0814675536868945,437.6710293725936,0.8009136838831736,7.306967422344249
296,65000080,新北市,鶯歌區,0.42078674114788084,2.599251440900362,3.8999777545063616,5.94641151376551,382.3787133742431,0.8024776980766662,8.384248760545768
297,65000120,新北市,瑞芳區,0.4194788983039429,2.6227463321160744,3.81094788893115,5.846368995234185,345.9758570234114,0.8173623180047848,8.104718663617616
298,64000370,高雄市,桃源區,0.4152340950538356,2.422688943297276,4.463474029833198,6.050705956854881,424.4125412541254,0.7452047164637873,8.497590395462728
299,63000080,臺北市,文山區,0.4135793292471883,2.5566674158524507,3.8999777545063616,6.3580568085818,577.1238040566399,0.7837476292863845,8.603287173232903
300,10015050,花蓮縣,吉安鄉,0.41238954865466265,2.560574890718081,4.005329803119323,6.018018033030818,410.7636683910096,0.7798393120932823,8.810612897700594
301,10014060,臺東縣,池上鄉,0.4117829891744859,2.568666986324282,4.005329803119323,5.8965298901405605,363.7729430379747,0.8066450989060024,7.885165225526837
302,10015100,花蓮縣,富里鄉,0.411024791179681,2.5739736878603563,4.005329803119323,5.802152186205481,331.01119157340355,0.808388013241934,7.88249030813792
303,65000140,新北市,蘆洲區,0.40490935752975904,2.5929133775132267,3.81094788893115,6.020833318560247,411.9217147533562,0.7817402291687207,9.14364928351702
304,63000030,臺北市,大安區,0.4028288942754944,2.5427099994263203,3.81094788893115,6.547030097181674,697.170567302442,0.782243675012817,8.492807736109256
305,65000100,新北市,淡水區,0.3999856436064743,2.577808671514311,3.81094788893115,6.141783375712923,464.88189111061695,0.798979608590829,8.266224799596293
306,10010170,嘉義縣,大埔鄉,0.3994063323697885,2.4166194279364346,4.463474029833198,5.85961986545649,350.5908469945355,0.7647534254405294,7.671121824800451
307,65000050,新北市,新莊區,0.3961645785537468,2.578674079305099,3.81094788893115,6.072689989813983,433.846155053728,0.7813717371514426,8.976063507625296
308,64000380,高雄市,那瑪夏區,0.39185378405670945,2.3812406169849525,4.463474029833198,6.1392678457879555,463.71393643031786,0.722074593120962,8.952029395034877
309,10002020,宜蘭縣,羅東鎮,0.3899300811732507,2.555807825889537,3.8999777545063616,6.05668814783802,426.95906744025126,0.8031207091480799,7.8670823956618126
310,63000010,臺北市,松山區,0.38513275492754695,2.531267737162107,3.81094788893115,6.452809582074205,634.4824213700991,0.7873083433057882,8.162240142250626
311,63000050,臺北市,中正區,0.38028192454208454,2.5201815715318734,3.81094788893115,6.500070070531582,665.1882415050874,0.7949203184750436,7.761415444027642
312,10004020,新竹縣,竹東鎮,0.3788189156642775,2.5293328881779713,3.8999777545063616,6.227935698562682,506.70840423684666,0.8027602850145296,7.591683889423914
313,63000090,臺北市,南港區,0.3768544458037804,2.5402833697037877,3.81094788893115,6.264157303576959,525.398647793168,0.782789825922051,8.44198812058467
314,10017060,基隆市,安樂區,0.3682430029114465,2.54516148178212,3.81094788893115,6.088400255212517,440.7158140824979,0.811336065259992,7.473980084788827
315,10015010,花蓮縣,花蓮市,0.3659449131201069,2.5070933447897787,4.005329803119323,6.056818159465082,427.0145806919036,0.806672253644583,7.231312098379463
316,63000040,臺北市,中山區,0.36422064661727105,2.517873211775797,3.81094788893115,6.344378580270335,569.2835157662181,0.7953380482837864,7.721488864329552
317,63000100,臺北市,內湖區,0.3630622219156775,2.5112921444233858,3.81094788893115,6.394239963812775,598.3883535453976,0.772950313502539,8.477965610093356
318,9007020,連江縣,北竿鄉,0.36294286106866774,2.5294781752062754,3.769112494778964,6.277599853956952,532.5090293453725,0.7513703033592976,9.659875677295968
319,65000010,新北市,板橋區,0.3596724971613519,2.5298809792075976,3.81094788893115,6.158511364005217,472.72383706858994,0.782639341568181,8.323136582689411
320,9007040,連江縣,東引鄉,0.357925664265766,2.482141659259465,3.890047771142577,6.471629372299343,646.5363175675676,0.7080184483362453,11.252848637131995
321,10017030,基隆市,暖暖區,0.35665316345982057,2.53954742966325,3.81094788893115,5.982802990635685,396.55033869602033,0.7954923462661128,7.95688226032236
322,10008100,南投縣,國姓鄉,0.3530375413609588,2.4381515248692573,4.257017617124576,5.795618095359216,328.85538516405137,0.7965705332748305,6.852332262568291
323,10004080,新竹縣,橫山鄉,0.3524610074539289,2.5217169476891885,3.8999777545063616,5.9548862940677285,385.63305941845766,0.8079638610982556,7.3401100426438335
324,10002120,宜蘭縣,南澳鄉,0.35201860214015235,2.5226747873337665,3.8999777545063616,5.931976919118458,376.8988764044944,0.7602262656303744,9.158603755079708
325,63000060,臺北市,大同區,0.3505608574173027,2.517145894776975,3.81094788893115,6.187557765977995,486.6561255534394,0.793044576515179,7.793635813364448
326,65000030,新北市,中和區,0.349385845017165,2.5047902158439355,3.8999777545063616,6.139269269975424,463.7145968463652,0.7818912635758001,8.056674377629166
327,9007030,連江縣,莒光鄉,0.3475097369696804,2.469577735789816,3.927217815909579,6.4133308269498315,609.9218455743879,0.7191754256218285,10.403287906017722
328,63000070,臺北市,萬華區,0.3436024132520499,2.5173126275893405,3.81094788893115,6.091165627127234,441.9362439105711,0.8053168326148185,7.380152820068673
329,65000110,新北市,汐止區,0.338525327970224,2.508718524796027,3.81094788893115,6.128695974467901,458.83743465789127,0.7736393680339297,8.419191974970289
330,10017070,基隆市,信義區,0.33796946302682146,2.51383550842816,3.81094788893115,6.054676287778417,426.1009490418908,0.7970740362550429,7.617796051820103
331,10017010,基隆市,中正區,0.33489185789389286,2.5167197456482246,3.81094788893115,5.962118345117697,388.4320865445804,0.7921899856413067,7.819051861768723
332,10004090,新竹縣,北埔鄉,0.3280155845759267,2.493590424619352,3.8999777545063616,5.985601656420115,397.6617050067659,0.8036398056636251,7.189646403331505
333,63000020,臺北市,信義區,0.3216997272417251,2.4729317519114584,3.81094788893115,6.308193059431447,549.0519476966846,0.777213790243651,7.862163152579979
334,65000040,新北市,永和區,0.3150681636736513,2.4717031451658396,3.81094788893115,6.24967357493637,517.8437598940794,0.7802092671540377,7.740787070545052
335,10017050,基隆市,中山區,0.3147712340152689,2.4952413892004173,3.81094788893115,5.9564751900902175,386.2462772934187,0.8026498657798589,7.237974567258884
336,10014120,臺東縣,海端鄉,0.30526249026004615,2.447302953014516,4.005329803119323,5.995592918406039,401.6547619047619,0.7440632024786941,8.866116208015875
337,10015030,花蓮縣,玉里鎮,0.30366462936814353,2.4505443524626407,4.005329803119323,5.921392938415912,372.9308219178082,0.7921589034271357,7.1132699822922465
338,65000020,新北市,三重區,0.30291199570619226,2.478652701902194,3.81094788893115,6.0166013117626065,410.1821427928981,0.7726393415681809,8.09780572239273
339,65000250,新北市,雙溪區,0.2976282781556638,2.4678888816367675,3.8999777545063616,5.882997890934172,358.8835242771413,0.7858039402668695,7.504463353362009
340,65000260,新北市,貢寮區,0.29468617280302245,2.4809083842711943,3.81094788893115,5.817634260690996,336.1758078231293,0.785643146314589,7.652131206527275
341,10015070,花蓮縣,光復鄉,0.291490924244273,2.4410020618279114,4.005329803119323,5.863011376899907,351.7818984547461,0.8023982973010011,6.707028109961613
342,10005160,苗栗縣,三灣鄉,0.29051859346426934,2.351231007465738,4.257017617124576,5.878602592243617,357.309585492228,0.7594833326977084,7.13218490482777
343,65000190,新北市,石碇區,0.2890354483566653,2.4599651125414073,3.8999777545063616,5.863653158581577,352.0077380952381,0.7696932398487873,7.989283570177519
344,9020060,金門縣,烏坵鄉,0.28289282753841805,2.291948122263804,4.215679778875802,6.383280010656906,591.8658536585366,0.7553620554257072,6.64642201376241
345,10014160,臺東縣,蘭嶼鄉,0.28067295122293573,2.2871566893025363,4.320263742339639,5.9918397653884,400.15011547344113,0.7184591838679654,7.876604441143312
346,10005170,苗栗縣,獅潭鄉,0.2749806383943611,2.321070933376753,4.257017617124576,5.956667240882395,386.3204633204633,0.7357777292409361,7.624281575982915
347,10015020,花蓮縣,鳳林鎮,0.27247194553825876,2.4183337985348143,4.005329803119323,5.911041556394761,369.0903837263061,0.7951663935253174,6.70055776816972
348,10015060,花蓮縣,壽豐鄉,0.26967576302682006,2.4171398386659617,4.005329803119323,5.8799897652719135,357.8055796472969,0.7795450054075217,7.171936877642545
349,65000200,新北市,坪林區,0.26858878575429723,2.4362425729391513,3.8999777545063616,5.91641203675339,371.0779085872576,0.7765927704480575,7.4747528620644355
350,68000130,桃園市,復興區,0.26314209757185364,2.428782775341896,3.8999777545063616,5.9481765467812435,383.0542203985932,0.7968054706503876,6.753545525224005
351,10017040,基隆市,仁愛區,0.25755646295097867,2.429097458361462,3.81094788893115,6.043229648644359,421.2513340915056,0.7884371584622875,7.011690576436595
352,10004120,新竹縣,尖石鄉,0.24138749865543255,2.4109427325176784,3.8999777545063616,5.8734835064830495,355.48516075845015,0.7951805066034204,6.628902218928751
353,10014080,臺東縣,長濱鄉,0.24096227879025875,2.3902531035582255,4.005329803119323,5.800048223714794,330.3154885654886,0.7897330242045236,6.588695316423075
354,65000240,新北市,平溪區,0.23522899980705383,2.419546425021151,3.81094788893115,5.817029054786427,335.97241379310344,0.7717230519133387,7.459179957770291
355,65000290,新北市,烏來區,0.23510640366198382,2.3949008826705644,3.8999777545063616,6.0198294636075405,411.508412582297,0.7377181370131854,8.453291849662525
356,10008120,南投縣,信義鄉,0.2295908471273189,2.3628096382822,4.005329803119323,6.030515675016206,415.9294585196225,0.781319725272687,6.569495637240287
357,10015090,花蓮縣,瑞穗鄉,0.22925102773682793,2.3750254780683293,4.005329803119323,5.860603773342662,350.9359658484525,0.7857340201072313,6.558583312631331
358,10005110,苗栗縣,南庄鄉,0.2279890142316272,2.39694415166191,3.8999777545063616,5.883500931222956,359.06410256410254,0.786640690351704,6.745124285604503
359,10015130,花蓮縣,卓溪鄉,0.1956227246203243,2.3325188914475325,4.005329803119323,5.9342883846318255,377.7710727969349,0.7639510755694224,6.793037591602313
360,10015110,花蓮縣,秀林鄉,0.18660090314564398,2.3546478826457413,3.8999777545063616,5.894413213442145,363.0037676609105,0.7721199029140503,6.764704328277786
361,66000290,臺中市,和平區,0.17824338438204637,2.346721005314394,3.8999777545063616,5.885195564725294,359.6731004901961,0.7803283439512069,6.443571081906761
362,10015120,花蓮縣,萬榮鄉,0.17457737247164895,2.3152712563453774,4.005329803119323,5.806526761051475,332.4623966942149,0.7599224877536894,6.742466315112303
363,10002110,宜蘭縣,大同鄉,0.15057779668635302,2.31274734175075,3.8999777545063616,5.950596107772452,383.98216560509553,0.7599184124312699,6.716920029207907
364,10015080,花蓮縣,豐濱鄉,0.13517216829385284,2.261094776069177,4.005329803119323,5.772578835608152,321.3654135338346,0.7518467498558051,6.44384743844002
365,10008130,南投縣,仁愛鄉,0.12453488185374097,2.2826128298490627,3.8999777545063616,5.9544733082111,385.473831300813,0.7549450806526052,6.565119828303217
366,10005180,苗栗縣,泰安鄉,0.10699873578487547,2.2538453368091003,3.8999777545063616,5.983499234597581,396.8265306122449,0.7510879497129138,6.394778875692192
367,10004110,新竹縣,峨眉鄉,0.10075302238103132,2.250336505346969,3.8999777545063616,5.954888765638892,385.63401253918494,0.7328133890791958,6.931307837125807
368,10004130,新竹縣,五峰鄉,0.0712850312660286,2.201217498987048,3.8999777545063616,5.872019870996238,354.9652406417112,0.7296493481962006,6.514357689120418
