TOWNCODE,COUNTYNAME,TOWNNAME,average_household_size,housing_unit_median_value,occupancy_owner_rate,housing_unit_median_value_公寓,housing_unit_median_value_別墅,housing_unit_median_value_套房,housing_unit_median_value_樓中樓,housing_unit_median_value_透天厝,housing_unit_median_value_電梯大廈
9007010,連江縣,南竿鄉,5.946979166666667,,0.7201897018970189,,,,,,
9007020,連江縣,北竿鄉,6.0703125,,0.7,,,,,,
9007030,連江縣,莒光鄉,6.2488020833333335,,0.7839506172839507,,,,,,
9007040,連江縣,東引鄉,5.234947916666666,,0.5134099616858238,,,,,,
9020010,金門縣,金城鎮,6.842083333333333,20.1215,0.7989391679098292,,,,,,17.36
9020020,金門縣,金沙鎮,6.718697916666667,20.1215,0.8790627362055934,,,,,,
9020030,金門縣,金湖鎮,6.55265625,20.1215,0.7774725274725275,,,,,17.96,22.293333333333333
9020040,金門縣,金寧鄉,7.401875,20.1215,0.751145038167939,,,,,,24.759999999999998
9020050,金門縣,烈嶼鄉,8.771770833333333,20.1215,0.7858565737051793,,,,,,
9020060,金門縣,烏坵鄉,8.732291666666667,20.1215,0.8333333333333334,,,,,,
10002010,宜蘭縣,宜蘭市,3.15234375,15.742058823529412,0.8352170764726253,12.978627450980392,,,,18.774117647058826,14.7025
10002020,宜蘭縣,羅東鎮,3.415885416666667,15.742058823529412,0.7904135755852695,13.997239583333334,,,,19.6509375,15.851813725490198
10002030,宜蘭縣,蘇澳鎮,3.4902604166666666,15.742058823529412,0.8481326382360482,16.61,,,,10.950064102564102,
10002040,宜蘭縣,頭城鎮,3.7048958333333335,15.742058823529412,0.8426115185764098,,,,,18.122,25.938095238095237
10002050,宜蘭縣,礁溪鄉,3.2741666666666664,15.742058823529412,0.8598299873394827,17.09,,,,15.810902777777777,23.14
10002060,宜蘭縣,壯圍鄉,3.7553645833333333,15.742058823529412,0.8931630134997822,20.4,,,,13.510625,
10002070,宜蘭縣,員山鄉,3.471875,15.742058823529412,0.90755873340143,,,,,14.912115384615383,
10002080,宜蘭縣,冬山鄉,3.265364583333333,15.742058823529412,0.8712262729737873,19.281666666666666,,,,14.633382352941176,19.53
10002090,宜蘭縣,五結鄉,3.2138020833333334,15.742058823529412,0.8713144733895648,11.041875,,,,14.737941176470589,15.456666666666669
10002100,宜蘭縣,三星鄉,3.34859375,15.742058823529412,0.9069480819596364,,,,,14.771944444444443,
10002110,宜蘭縣,大同鄉,4.336666666666667,15.742058823529412,0.8030523255813954,,,,,,
10002120,宜蘭縣,南澳鄉,5.2476562499999995,15.742058823529412,0.7682926829268293,,,,,,
10004010,新竹縣,竹北市,3.216875,18.691911764705882,0.8400106980476063,11.89904761904762,,25.568392857142857,,22.511911764705882,21.679607843137255
10004020,新竹縣,竹東鎮,3.412916666666667,18.691911764705882,0.8461243284727552,10.124375,,,,16.377708333333334,14.111029411764704
10004030,新竹縣,新埔鎮,3.87609375,18.691911764705882,0.880400317082838,,,,,20.014666666666667,31.57
10004040,新竹縣,關西鎮,4.453645833333333,18.691911764705882,0.8694635970550426,,,,,26.16,
10004050,新竹縣,湖口鄉,3.545052083333333,18.691911764705882,0.8488038638593314,14.322083333333333,,,,15.964803921568626,14.944555555555555
10004060,新竹縣,新豐鄉,3.7582291666666667,18.691911764705882,0.8795948560373279,9.8,,,,16.355729166666666,16.79590277777778
10004070,新竹縣,芎林鄉,3.8745833333333333,18.691911764705882,0.8106457242582897,,,,,21.61,
10004080,新竹縣,橫山鄉,3.9147395833333336,18.691911764705882,0.8430735930735931,,,,,17.96,
10004090,新竹縣,北埔鄉,4.33421875,18.691911764705882,0.8509164969450101,,,,,,
10004100,新竹縣,寶山鄉,3.33046875,18.691911764705882,0.8043821209465382,,,,,13.91,16.318333333333335
10004110,新竹縣,峨眉鄉,4.558489583333333,18.691911764705882,0.8294689603590127,,,,,,
10004120,新竹縣,尖石鄉,4.35984375,18.691911764705882,0.7655737704918033,,,,,,
10004130,新竹縣,五峰鄉,4.038541666666666,18.691911764705882,0.7700865265760197,,,,,,
10005010,苗栗縣,苗栗市,3.2947395833333335,14.226617647058823,0.838702201622248,12.174,,,,13.4621875,12.59640625
10005020,苗栗縣,苑裡鎮,4.230364583333333,14.226617647058823,0.8891359855036652,,,,,14.675984848484848,
10005030,苗栗縣,通霄鎮,4.452864583333334,14.226617647058823,0.8445406883975382,,,,,,
10005040,苗栗縣,竹南鎮,3.5277604166666667,14.226617647058823,0.8159781938540416,9.03,,,,15.8353431372549,14.445098039215686
10005050,苗栗縣,頭份市,3.4731770833333333,14.226617647058823,0.8465451202696491,14.241785714285713,,,,15.479509803921568,14.555735294117646
10005060,苗栗縣,後龍鎮,4.306875,14.226617647058823,0.8077467637540453,,,,,16.705000000000002,17.09
10005070,苗栗縣,卓蘭鎮,4.456822916666667,14.226617647058823,0.8251331203407881,,,,,,
10005080,苗栗縣,大湖鄉,4.2564062499999995,14.226617647058823,0.8088812561334642,,,,,,
10005090,苗栗縣,公館鄉,3.81390625,14.226617647058823,0.8704685181259275,,,,,14.7,
10005100,苗栗縣,銅鑼鄉,4.07234375,14.226617647058823,0.8730964467005076,21.94,,,,,
10005110,苗栗縣,南庄鄉,3.870833333333333,14.226617647058823,0.7982149786573535,,,,,,
10005120,苗栗縣,頭屋鄉,4.1028125,14.226617647058823,0.8733639900955076,,,,,,25.51
10005130,苗栗縣,三義鄉,4.043385416666666,14.226617647058823,0.7919389978213508,,,,,,
10005140,苗栗縣,西湖鄉,5.0841666666666665,14.226617647058823,0.8515625,,,,,,
10005150,苗栗縣,造橋鄉,4.014895833333333,14.226617647058823,0.8955310504933256,,,,,,
10005160,苗栗縣,三灣鄉,4.04265625,14.226617647058823,0.8323624595469256,,,,,,
10005170,苗栗縣,獅潭鄉,3.814114583333333,14.226617647058823,0.8995024875621891,,,,,,
10005180,苗栗縣,泰安鄉,5.786145833333333,14.226617647058823,0.6920353982300885,,,,,,
10007010,彰化縣,彰化市,3.66921875,14.915000000000001,0.8284328942894733,11.358589743589743,,,,18.8753431372549,12.65014705882353
10007020,彰化縣,鹿港鎮,4.49515625,14.915000000000001,0.8572677686638631,,,,,16.31921875,
10007030,彰化縣,和美鎮,4.040208333333333,14.915000000000001,0.8922425620320646,,,,,16.133823529411764,
10007040,彰化縣,線西鄉,5.082395833333333,14.915000000000001,0.878103277060576,,,,,14.675,
10007050,彰化縣,伸港鄉,4.80609375,14.915000000000001,0.86989976713577,,,,,13.92875,
10007060,彰化縣,福興鄉,5.161145833333333,14.915000000000001,0.8957262210796915,,,,,16.392,
10007070,彰化縣,秀水鄉,4.52609375,14.915000000000001,0.8753148614609572,,,,,17.89,
10007080,彰化縣,花壇鄉,4.021927083333333,14.915000000000001,0.8702250130821559,,,,,13.736428571428572,
10007090,彰化縣,芬園鄉,4.714947916666667,14.915000000000001,0.945986124876115,,,,,,
10007100,彰化縣,員林市,3.9759895833333334,14.915000000000001,0.8069216757741348,26.88,,,,18.284313725490193,13.707333333333334
10007110,彰化縣,溪湖鎮,4.643385416666667,14.915000000000001,0.876170154185022,,,,,15.09088888888889,
10007120,彰化縣,田中鎮,3.98390625,14.915000000000001,0.8996062992125984,,,,,14.231851851851852,
10007130,彰化縣,大村鄉,5.347447916666667,14.915000000000001,0.8914006691382584,,,,,13.220833333333333,
10007140,彰化縣,埔鹽鄉,5.99875,14.915000000000001,0.9294443744487841,,,,,,
10007150,彰化縣,埔心鄉,3.9665104166666665,14.915000000000001,0.8668962124938514,,,,,13.216875,
10007160,彰化縣,永靖鄉,5.01328125,14.915000000000001,0.928441154382577,,,,,,
10007170,彰化縣,社頭鄉,4.919114583333333,14.915000000000001,0.9417613636363636,,,,,15.223333333333334,
10007180,彰化縣,二水鄉,4.055729166666667,14.915000000000001,0.9116909182137481,,,,,,
10007190,彰化縣,北斗鎮,3.789791666666667,14.915000000000001,0.8443373493975903,,,,,13.602121212121212,
10007200,彰化縣,二林鎮,5.1103125,14.915000000000001,0.9006838905775076,,,,,11.225000000000001,
10007210,彰化縣,田尾鄉,4.092447916666667,14.915000000000001,0.8950617283950617,,,,,15.44,
10007220,彰化縣,埤頭鄉,4.414791666666667,14.915000000000001,0.8704458293384468,,,,,14.595,
10007230,彰化縣,芳苑鄉,5.054010416666666,14.915000000000001,0.8698908352373699,,,,,,
10007240,彰化縣,大城鄉,6.0132812499999995,14.915000000000001,0.9260355029585798,,,,,,
10007250,彰化縣,竹塘鄉,4.573229166666667,14.915000000000001,0.9177789642285105,,,,,,
10007260,彰化縣,溪州鄉,4.999583333333333,14.915000000000001,0.9093599704032557,,,,,14.045,
10008010,南投縣,南投市,3.49671875,14.466470588235294,0.7902285970416854,,,,,16.24156862745098,10.731666666666667
10008020,南投縣,埔里鎮,3.6527083333333334,14.466470588235294,0.7873092897972612,,,,,15.100416666666666,22.21
10008030,南投縣,草屯鎮,3.832239583333333,14.466470588235294,0.8338043374718191,24.355,,,,16.19014705882353,14.430416666666666
10008040,南投縣,竹山鎮,3.5906770833333335,14.466470588235294,0.8496964493775679,,,,,12.1384375,
10008050,南投縣,集集鎮,3.77984375,14.466470588235294,0.7984822934232715,,,,,,
10008060,南投縣,名間鄉,4.49859375,14.466470588235294,0.8573361685675623,,,,,,
10008070,南投縣,鹿谷鄉,4.17015625,14.466470588235294,0.7896987727779844,,,,,,
10008080,南投縣,中寮鄉,4.289791666666667,14.466470588235294,0.734585130677493,,,,,,
10008090,南投縣,魚池鄉,4.4816666666666665,14.466470588235294,0.843206342215371,,,,,,
10008100,南投縣,國姓鄉,3.786822916666667,14.466470588235294,0.763284097448686,,,,,,
10008110,南投縣,水里鄉,3.4990625,14.466470588235294,0.7921159625243062,,,,,,
10008120,南投縣,信義鄉,4.8028125,14.466470588235294,0.8183934807916181,,,,,,
10008130,南投縣,仁愛鄉,4.235625,14.466470588235294,0.8381152934982891,,,,,,
10009010,雲林縣,斗六市,3.3940625,11.962352941176471,0.8402530963920302,7.780454545454546,,,,13.477696078431373,9.729111111111111
10009020,雲林縣,斗南鎮,3.5934375,11.962352941176471,0.8505755193711398,,,,,14.08,
10009030,雲林縣,虎尾鎮,3.488489583333333,11.962352941176471,0.8541862652869238,,,,,14.30578431372549,9.154285714285715
10009040,雲林縣,西螺鎮,4.16484375,11.962352941176471,0.8874230430958663,,,,,14.08462962962963,
10009050,雲林縣,土庫鎮,4.288958333333333,11.962352941176471,0.8876745598057073,,,,,13.836666666666666,
10009060,雲林縣,北港鎮,3.5465625000000003,11.962352941176471,0.7976102122606501,,,,,13.274999999999999,
10009070,雲林縣,古坑鄉,4.177291666666667,11.962352941176471,0.9026853084775854,,,,,,11.38
10009080,雲林縣,大埤鄉,4.272447916666667,11.962352941176471,0.9207568377669539,,,,,,
10009090,雲林縣,莿桐鄉,4.320260416666667,11.962352941176471,0.8678190137264871,,,,,,
10009100,雲林縣,林內鄉,4.110833333333333,11.962352941176471,0.8503823103947097,,,,,,
10009110,雲林縣,二崙鄉,4.706354166666666,11.962352941176471,0.8817328519855596,,,,,,
10009120,雲林縣,崙背鄉,4.3732291666666665,11.962352941176471,0.8124054462934948,,,,,17.72,
10009130,雲林縣,麥寮鄉,5.6384895833333335,11.962352941176471,0.6650523975865354,,,,,16.09,
10009140,雲林縣,東勢鄉,4.496354166666666,11.962352941176471,0.783652680087315,,,,,,
10009150,雲林縣,褒忠鄉,4.416458333333333,11.962352941176471,0.834920634920635,,,,,,
10009160,雲林縣,臺西鄉,4.890677083333333,11.962352941176471,0.8883968113374667,,,,,,
10009170,雲林縣,元長鄉,4.544895833333333,11.962352941176471,0.8460654796094199,,,,,,
10009180,雲林縣,四湖鄉,4.4825,11.962352941176471,0.9212929145361578,,,,,,
10009190,雲林縣,口湖鄉,5.16359375,11.962352941176471,0.8343588082901554,,,,,,
10009200,雲林縣,水林鄉,4.8429166666666665,11.962352941176471,0.8538038496791934,,,,,,
10010010,嘉義縣,太保市,3.7525,11.539558823529413,0.8867497168742922,,,,,12.046145833333334,9.66
10010020,嘉義縣,朴子市,3.7605208333333335,11.539558823529413,0.759718026183283,,,,,16.03,
10010030,嘉義縣,布袋鎮,4.2925,11.539558823529413,0.8353697749196142,,,,,,
10010040,嘉義縣,大林鎮,3.7892708333333336,11.539558823529413,0.8440653091175931,,,,,12.482142857142858,
10010050,嘉義縣,民雄鄉,3.703125,11.539558823529413,0.7778572962141272,,,,,11.395539215686274,29.13
10010060,嘉義縣,溪口鄉,4.972239583333334,11.539558823529413,0.908417877707705,,,,,,
10010070,嘉義縣,新港鄉,4.6609375,11.539558823529413,0.8719387204660697,,,,,17.674999999999997,
10010080,嘉義縣,六腳鄉,4.77390625,11.539558823529413,0.9106048703849176,,,,,,
10010090,嘉義縣,東石鄉,4.955885416666667,11.539558823529413,0.8660640920295809,,,,,,
10010100,嘉義縣,義竹鄉,4.487395833333333,11.539558823529413,0.8380055638775947,,,,,,
10010110,嘉義縣,鹿草鄉,4.6144791666666665,11.539558823529413,0.8681605002605524,,,,,,
10010120,嘉義縣,水上鄉,3.5780729166666667,11.539558823529413,0.8238044507575758,,,,,10.388958333333333,
10010130,嘉義縣,中埔鄉,4.056354166666667,11.539558823529413,0.8606276459915329,,,,,12.65982142857143,
10010140,嘉義縣,竹崎鄉,4.526197916666667,11.539558823529413,0.7417362089519888,,,,,,
10010150,嘉義縣,梅山鄉,4.24890625,11.539558823529413,0.8800347222222222,,,,,,
10010160,嘉義縣,番路鄉,3.85203125,11.539558823529413,0.855390574564235,,,,,,
10010170,嘉義縣,大埔鄉,5.2184375,11.539558823529413,0.7397660818713451,,,,,,
10010180,嘉義縣,阿里山鄉,4.512864583333333,11.539558823529413,0.7596958174904943,,,,,,
10013010,屏東縣,屏東市,3.2209895833333335,12.388088235294118,0.794003491710794,9.239479166666666,,,,15.305686274509803,10.131568627450982
10013020,屏東縣,潮州鎮,3.30078125,12.388088235294118,0.8074880099015007,,,,,13.331862745098038,9.161388888888888
10013030,屏東縣,東港鎮,3.84390625,12.388088235294118,0.7925657803146318,22.76,,,,15.335944444444443,15.967916666666667
10013040,屏東縣,恆春鎮,3.688645833333333,12.388088235294118,0.7206005004170142,,,,,24.55,
10013050,屏東縣,萬丹鄉,4.002552083333334,12.388088235294118,0.8797113633179207,,,,,10.106166666666667,15.39
10013060,屏東縣,長治鄉,3.7411979166666667,12.388088235294118,0.8468230371104504,,,,,12.763916666666667,16.0375
10013070,屏東縣,麟洛鄉,3.4475,12.388088235294118,0.8901230861603122,,,,,,
10013080,屏東縣,九如鄉,3.9514062500000002,12.388088235294118,0.8601667735728031,,,,,11.492916666666666,
10013090,屏東縣,里港鄉,4.2082291666666665,12.388088235294118,0.8664837677183356,,,,,11.987499999999999,20.96
10013100,屏東縣,鹽埔鄉,4.5703125,12.388088235294118,0.8444505194095134,,,,,,
10013110,屏東縣,高樹鄉,4.528645833333333,12.388088235294118,0.8697964144636888,,,,,,
10013120,屏東縣,萬巒鄉,4.545,12.388088235294118,0.8400726192440997,,,,,,
10013130,屏東縣,內埔鄉,3.790260416666667,12.388088235294118,0.8526176129139256,,,,,12.108229166666668,16.51722222222222
10013140,屏東縣,竹田鄉,3.83359375,12.388088235294118,0.8452060069310743,,,,,,
10013150,屏東縣,新埤鄉,4.204739583333334,12.388088235294118,0.8593913955928646,,,,,,
10013160,屏東縣,枋寮鄉,3.74203125,12.388088235294118,0.825965379494008,,,,,,
10013170,屏東縣,新園鄉,4.134375,12.388088235294118,0.8262600757502185,,,,,10.308333333333334,
10013180,屏東縣,崁頂鄉,5.33640625,12.388088235294118,0.7855160932297447,,,,,,
10013190,屏東縣,林邊鄉,3.9776041666666666,12.388088235294118,0.8120967741935484,,,,,,
10013200,屏東縣,南州鄉,3.8910416666666667,12.388088235294118,0.8579142760715491,,,,,,
10013210,屏東縣,佳冬鄉,4.28453125,12.388088235294118,0.7883501572066854,,,,,,
10013220,屏東縣,琉球鄉,4.620572916666666,12.388088235294118,0.6803364879074658,,,,,,
10013230,屏東縣,車城鄉,3.6744791666666665,12.388088235294118,0.8313063946645743,,,,,,
10013240,屏東縣,滿州鄉,3.769791666666667,12.388088235294118,0.864021164021164,,,,,,
10013250,屏東縣,枋山鄉,3.927864583333333,12.388088235294118,0.7995512341062079,,,,,,
10013260,屏東縣,三地門鄉,4.696458333333333,12.388088235294118,0.8312564901349948,,,,,,
10013270,屏東縣,霧臺鄉,3.816197916666667,12.388088235294118,0.9708904109589042,,,,,,
10013280,屏東縣,瑪家鄉,4.745,12.388088235294118,0.867816091954023,,,,,,
10013290,屏東縣,泰武鄉,5.6209375,12.388088235294118,0.9032258064516129,,,,,,
10013300,屏東縣,來義鄉,4.358020833333334,12.388088235294118,0.8951612903225806,,,,,,
10013310,屏東縣,春日鄉,4.6421875,12.388088235294118,0.8883299798792756,,,,,,
10013320,屏東縣,獅子鄉,4.17734375,12.388088235294118,0.8658922914466737,,,,,,
10013330,屏東縣,牡丹鄉,3.66765625,12.388088235294118,0.8174740484429066,,,,,,
10014010,臺東縣,臺東市,3.34203125,13.316176470588236,0.7946308027832589,13.864999999999998,9.75,,,14.686764705882354,10.794848484848485
10014020,臺東縣,成功鎮,3.2973958333333333,13.316176470588236,0.8300171947924343,,,,,,
10014030,臺東縣,關山鎮,3.5222395833333335,13.316176470588236,0.7670329670329671,,,,,,
10014040,臺東縣,卑南鄉,3.39109375,13.316176470588236,0.8131024342427708,,,,,,
10014050,臺東縣,鹿野鄉,3.38515625,13.316176470588236,0.7714497041420119,,,,,,
10014060,臺東縣,池上鄉,3.3865625,13.316176470588236,0.8016431924882629,,,,,,
10014070,臺東縣,東河鄉,3.00375,13.316176470588236,0.8335310399367339,,,,,,
10014080,臺東縣,長濱鄉,2.8463541666666665,13.316176470588236,0.8637842863784286,,,,,,
10014090,臺東縣,太麻里鄉,3.2292708333333335,13.316176470588236,0.7485013623978202,,,,,,
10014100,臺東縣,大武鄉,3.2659895833333334,13.316176470588236,0.7811526479750779,,,,,,
10014110,臺東縣,綠島鄉,5.854166666666667,13.316176470588236,0.718052738336714,,,,,,
10014120,臺東縣,海端鄉,4.735885416666667,13.316176470588236,0.8267394270122783,,,,,,
10014130,臺東縣,延平鄉,4.57875,13.316176470588236,0.8745762711864407,,,,,,
10014140,臺東縣,金峰鄉,4.789479166666666,13.316176470588236,0.7804232804232805,,,,,,
10014150,臺東縣,達仁鄉,3.377708333333333,13.316176470588236,0.7701778385772914,,,,,,
10014160,臺東縣,蘭嶼鄉,4.190729166666666,13.316176470588236,0.8563772775991425,,,,,,
10015010,花蓮縣,花蓮市,3.2514583333333333,15.433088235294118,0.7396683489545782,12.491555555555555,13.83,,,18.413725490196075,14.93406862745098
10015020,花蓮縣,鳳林鎮,3.0794791666666668,15.433088235294118,0.8059450364554123,,,,,,
10015030,花蓮縣,玉里鎮,3.3533333333333335,15.433088235294118,0.787437660062003,,,,,10.99,
10015040,花蓮縣,新城鄉,3.1722916666666667,15.433088235294118,0.7409458883681296,,,,,12.48125,19.7
10015050,花蓮縣,吉安鄉,3.136927083333333,15.433088235294118,0.8378482161558333,,12.327000000000002,,,16.1228431372549,14.144166666666667
10015060,花蓮縣,壽豐鄉,3.1714583333333333,15.433088235294118,0.7505367686527107,,,,,,
10015070,花蓮縣,光復鄉,3.2078645833333335,15.433088235294118,0.796137339055794,,,,,,
10015080,花蓮縣,豐濱鄉,3.2252083333333332,15.433088235294118,0.8634577603143418,,,,,,
10015090,花蓮縣,瑞穗鄉,3.1763541666666666,15.433088235294118,0.805759162303665,,,,,,
10015100,花蓮縣,富里鄉,3.2873958333333335,15.433088235294118,0.79584,,,,,,
10015110,花蓮縣,秀林鄉,5.04859375,15.433088235294118,0.7559550561797753,,,,,,
10015120,花蓮縣,萬榮鄉,4.6619270833333335,15.433088235294118,0.8706968933669186,,,,,,
10015130,花蓮縣,卓溪鄉,4.4240625,15.433088235294118,0.8558797524314765,,,,,,
10016010,澎湖縣,馬公市,3.7400520833333335,13.064226190476191,0.8178519200563289,,,,,11.668,
10016020,澎湖縣,湖西鄉,4.164479166666666,13.064226190476191,0.7923124612523249,,,,,,
10016030,澎湖縣,白沙鄉,4.650625,13.064226190476191,0.6909262759924386,,,,,,
10016040,澎湖縣,西嶼鄉,3.99609375,13.064226190476191,0.805228088159918,,,,,,
10016050,澎湖縣,望安鄉,5.6553125,13.064226190476191,0.6160409556313993,,,,,,
10016060,澎湖縣,七美鄉,5.079479166666666,13.064226190476191,0.684375,,,,,,
10017010,基隆市,中正區,2.7116666666666664,13.933676470588235,0.8156928213689483,11.186029411764705,,,,11.25,13.184019607843137
10017020,基隆市,七堵區,2.92625,13.933676470588235,0.8303846330591425,15.308039215686275,,,,15.33875,18.59734375
10017030,基隆市,暖暖區,2.8254687499999998,13.933676470588235,0.8505808519161436,11.475208333333333,,,,,13.235196078431372
10017040,基隆市,仁愛區,3.0801041666666666,13.933676470588235,0.8514190317195326,14.345156249999999,,,,,20.540256410256408
10017050,基隆市,中山區,2.8971354166666665,13.933676470588235,0.8673325571419818,10.253385416666667,,,,,27.695833333333333
10017060,基隆市,安樂區,2.8259895833333335,13.933676470588235,0.8397976391231029,10.726323529411765,,,,15.9655,14.817549019607844
10017070,基隆市,信義區,2.7838020833333332,13.933676470588235,0.8843377359499492,12.052892156862745,,,,16.610357142857143,14.871666666666666
10018010,新竹市,東區,3.2639583333333335,19.95044117647059,0.7280056328111248,16.141176470588235,,22.707202380952378,,22.062303921568628,19.83372549019608
10018020,新竹市,北區,3.2639583333333335,19.95044117647059,0.78915593595965,16.141176470588235,,22.707202380952378,,22.062303921568628,19.83372549019608
10018030,新竹市,香山區,3.2639583333333335,19.95044117647059,0.8150741069599071,16.141176470588235,,22.707202380952378,,22.062303921568628,19.83372549019608
10020010,嘉義市,東區,3.36296875,13.711029411764706,0.8038572289560035,9.811225490196078,12.53,14.838611111111112,,17.18470588235294,10.916813725490197
10020020,嘉義市,西區,3.36296875,13.711029411764706,0.7740199846272099,9.811225490196078,12.53,14.838611111111112,,17.18470588235294,10.916813725490197
63000010,臺北市,松山區,3.355625,60.52205882352941,0.7764311653036521,67.20004901960785,,85.96453125000001,,,72.61205882352941
63000020,臺北市,信義區,3.1927083333333335,60.52205882352941,0.7401283914728682,59.192205882352944,,93.22984375,,,74.77808823529412
63000030,臺北市,大安區,3.353802083333333,60.52205882352941,0.7212469187759274,76.51676470588235,,104.50348958333333,,,85.58632352941176
63000040,臺北市,中山區,2.86296875,60.52205882352941,0.6677290918843091,60.110441176470594,,71.88529411764705,,,66.69279411764705
63000050,臺北市,中正區,3.388541666666667,60.52205882352941,0.7188725098894861,64.9964705882353,,88.236875,,,74.51779411764706
63000060,臺北市,大同區,3.3425,60.52205882352941,0.6689723320158103,48.15946078431372,,66.85692708333333,,,59.185
63000070,臺北市,萬華區,3.1425520833333334,60.52205882352941,0.6333310425400316,39.99823529411765,,54.76885416666667,,62.75,51.093529411764706
63000080,臺北市,文山區,3.2734375,60.52205882352941,0.7541444641799881,41.57808823529412,,54.472500000000004,,52.39,46.82205882352941
63000090,臺北市,南港區,3.3511458333333333,60.52205882352941,0.7179788218825495,48.957205882352945,,,,,57.326764705882354
63000100,臺北市,內湖區,3.3758333333333335,60.52205882352941,0.7930804920265883,45.85058823529412,,64.4828125,,,56.20705882352941
63000110,臺北市,士林區,3.4764583333333334,60.52205882352941,0.6915074614627746,47.7275,,75.32439393939394,,73.63,58.775294117647064
63000120,臺北市,北投區,3.47359375,60.52205882352941,0.7357723577235772,42.54485294117647,,49.510989583333334,,45.196666666666665,47.419264705882355
64000010,高雄市,鹽埕區,2.85359375,18.314852941176472,0.6698181818181819,,,,,,19.390128205128203
64000020,高雄市,鼓山區,2.85421875,18.314852941176472,0.7727545749409362,12.99078431372549,,,,23.983229166666668,23.008529411764705
64000030,高雄市,左營區,2.9122916666666665,18.314852941176472,0.7965070471855029,11.116111111111111,,,,26.5846875,19.460980392156863
64000040,高雄市,楠梓區,3.0717708333333333,18.314852941176472,0.8165971739634005,11.347549019607843,,,,20.257941176470588,17.042499999999997
64000050,高雄市,三民區,3.064375,18.314852941176472,0.7878517839562752,12.863970588235293,,15.430833333333334,,23.744803921568625,18.20936274509804
64000060,高雄市,新興區,2.7186458333333334,18.314852941176472,0.757958776944459,14.678,,18.992,,27.599333333333334,19.2278431372549
64000070,高雄市,前金區,2.5205208333333333,18.314852941176472,0.720969089390142,,,19.388333333333332,,20.43,21.831029411764707
64000080,高雄市,苓雅區,2.9311458333333333,18.314852941176472,0.7693434057705747,13.586911764705881,,17.710625,,27.20073529411765,19.78735294117647
64000090,高雄市,前鎮區,3.03765625,18.314852941176472,0.7846048813790749,12.611960784313725,,17.916666666666668,,22.742941176470588,19.02852941176471
64000100,高雄市,旗津區,4.147760416666666,18.314852941176472,0.6207891093677895,,,,,,
64000110,高雄市,小港區,3.6226041666666666,18.314852941176472,0.756386470672185,9.679264705882352,,,,18.67441176470588,13.441764705882353
64000120,高雄市,鳳山區,3.0604761904761904,18.314852941176472,0.8078122149810125,13.152222222222223,,,,22.73638888888889,18.0425
64000130,高雄市,林園區,3.771011904761905,18.314852941176472,0.7677738127916552,,,,,11.225166666666667,17.44
64000140,高雄市,大寮區,3.2635714285714283,18.314852941176472,0.8184615384615385,9.36,,,,14.9195,10.18988888888889
64000150,高雄市,大樹區,3.9396428571428572,18.314852941176472,0.8574674341108754,,,,,14.063214285714285,19.62625
64000160,高雄市,大社區,3.229107142857143,18.314852941176472,0.80281579976535,,,,,17.18378205128205,13.165555555555555
64000170,高雄市,仁武區,3.080952380952381,18.314852941176472,0.8170497772864713,15.05,12.45,,,22.01361111111111,20.37474358974359
64000180,高雄市,鳥松區,2.927202380952381,18.314852941176472,0.7447290053603335,,27.52,,,21.446190476190477,18.396071428571428
64000190,高雄市,岡山區,3.3130357142857143,18.314852941176472,0.820793564656686,,,,,19.401888888888887,11.928869047619047
64000200,高雄市,橋頭區,3.2094047619047616,18.314852941176472,0.825142945448926,,,,,18.532619047619047,19.338257575757577
64000210,高雄市,燕巢區,3.847202380952381,18.314852941176472,0.7599534758879842,,,,,15.6945,
64000220,高雄市,田寮區,3.856904761904762,18.314852941176472,0.774331550802139,,,,,,
64000230,高雄市,阿蓮區,3.8296428571428573,18.314852941176472,0.874890350877193,,,,,,
64000240,高雄市,路竹區,3.7689285714285714,18.314852941176472,0.8482194603644794,,,,,16.220892857142857,28.45
64000250,高雄市,湖內區,3.3063690476190475,18.314852941176472,0.7501736111111111,,,,,12.530448717948717,
64000260,高雄市,茄萣區,4.108988095238095,18.314852941176472,0.7675361683472162,,,,,11.900625,
64000270,高雄市,永安區,4.266726190476191,18.314852941176472,0.7069062324536777,,,,,16.94,
64000280,高雄市,彌陀區,4.272916666666666,18.314852941176472,0.7886524822695036,,,,,,
64000290,高雄市,梓官區,3.605357142857143,18.314852941176472,0.8130506607929515,,,,,13.528035714285712,31.11
64000300,高雄市,旗山區,3.4838095238095237,18.314852941176472,0.7719011112068223,,,,,11.38425,
64000310,高雄市,美濃區,4.329642857142857,18.314852941176472,0.8942614240170031,,,,,11.67,
64000320,高雄市,六龜區,3.3491666666666666,18.314852941176472,0.8029239766081872,,,,,,
64000330,高雄市,甲仙區,3.4141666666666666,18.314852941176472,0.7821982467970331,,,,,,
64000340,高雄市,杉林區,3.6453571428571427,18.314852941176472,0.6235591790834973,,,,,,
64000350,高雄市,內門區,4.90172619047619,18.314852941176472,0.8152999738014147,,,,,,
64000360,高雄市,茂林區,4.694047619047619,18.314852941176472,0.8936781609195402,,,,,,
64000370,高雄市,桃源區,4.565952380952381,18.314852941176472,0.9319371727748691,,,,,,
64000380,高雄市,那瑪夏區,4.677559523809523,18.314852941176472,0.7891682785299806,,,,,,
65000010,新北市,板橋區,3.1690625,31.858088235294115,0.7703221315891094,35.74176470588235,,50.463802083333334,,47.88055555555556,42.00338235294117
65000020,新北市,三重區,3.0943229166666666,31.858088235294115,0.7303664747637735,34.16279411764706,,44.428480392156864,,47.620666666666665,39.11161764705883
65000030,新北市,中和區,2.91296875,31.858088235294115,0.7446678672067103,34.620588235294115,,45.1184375,,41.653333333333336,39.804117647058824
65000040,新北市,永和區,2.9471875,31.858088235294115,0.7710091909885141,39.9639705882353,,49.991388888888885,,,44.53397058823529
65000050,新北市,新莊區,3.2309895833333333,31.858088235294115,0.7846837666429788,30.021176470588237,,36.167272727272724,,29.98625,34.508823529411764
65000060,新北市,新店區,2.7760416666666665,31.858088235294115,0.8082815665656448,32.89205882352941,23.679999999999996,47.14969696969697,20.43,26.70578125,36.45411764705882
65000070,新北市,樹林區,3.3119791666666667,31.858088235294115,0.7990795806258204,23.44264705882353,,17.62,,21.66142857142857,26.349117647058822
65000080,新北市,鶯歌區,3.4878645833333333,31.858088235294115,0.756241066383007,14.615055555555555,,,,20.876197916666666,18.728529411764704
65000090,新北市,三峽區,3.2717187500000002,31.858088235294115,0.7027313454405318,17.412916666666668,,28.09583333333333,,23.37,24.322058823529414
65000100,新北市,淡水區,2.6106249999999998,31.858088235294115,0.7389405448697894,19.00588235294118,17.69,27.324322916666667,,24.62833333333333,23.384705882352943
65000110,新北市,汐止區,2.65234375,31.858088235294115,0.7820721050464382,24.85735294117647,,31.978444444444445,20.17222222222222,24.561444444444444,31.06044117647059
65000120,新北市,瑞芳區,3.2076041666666666,31.858088235294115,0.8051258720048529,9.875,,,,,
65000130,新北市,土城區,3.2553645833333333,31.858088235294115,0.7517603302800882,30.251911764705884,,37.5,,25.66,32.995294117647056
65000140,新北市,蘆洲區,3.36890625,31.858088235294115,0.7611085029410952,31.582205882352945,,,,,34.30823529411765
65000150,新北市,五股區,3.23890625,31.858088235294115,0.7641730483483826,20.627187499999998,,,,,26.451470588235296
65000160,新北市,泰山區,3.2103645833333334,31.858088235294115,0.7428024322236033,23.4625,,,,,29.190882352941177
65000170,新北市,林口區,3.087083333333333,31.858088235294115,0.6983291699086777,21.196388888888887,16.345,,,24.432395833333334,27.057058823529413
65000180,新北市,深坑區,2.91140625,31.858088235294115,0.760010583877227,22.84625,,,,,25.674833333333332
65000190,新北市,石碇區,3.371770833333333,31.858088235294115,0.7634920634920634,,,,,,
65000200,新北市,坪林區,3.7231770833333333,31.858088235294115,0.814974182444062,,,,,,
65000210,新北市,三芝區,3.08640625,31.858088235294115,0.7662116040955631,,,,,,10.22406862745098
65000220,新北市,石門區,4.93015625,31.858088235294115,0.7064796905222437,,,,,,
65000230,新北市,八里區,3.2838541666666665,31.858088235294115,0.7718349928876245,,,,,16.56,20.382303921568628
65000240,新北市,平溪區,2.886510416666667,31.858088235294115,0.7726523887973641,,,,,,
65000250,新北市,雙溪區,3.639947916666667,31.858088235294115,0.8130653266331658,,,,,,
65000260,新北市,貢寮區,4.506354166666666,31.858088235294115,0.7955570982297814,,,,,,
65000270,新北市,金山區,4.05484375,31.858088235294115,0.7982596341679986,,,,,,17.78
65000280,新北市,萬里區,4.078020833333333,31.858088235294115,0.7254865956665443,7.055,,,,,
65000290,新北市,烏來區,5.150104166666667,31.858088235294115,0.7156398104265402,,,,,,
66000010,臺中市,中區,3.6145833333333335,20.27235294117647,0.43484569991293415,,,17.856666666666666,,,13.038333333333334
66000020,臺中市,東區,3.303125,20.27235294117647,0.7733133326190221,14.355,,,,24.141927083333332,17.692303921568627
66000030,臺中市,南區,2.9888541666666666,20.27235294117647,0.7577998977062596,14.797333333333333,,20.723000000000003,,27.111666666666665,18.390588235294118
66000040,臺中市,西區,3.0959375,20.27235294117647,0.726356848322746,17.149705882352944,,20.92452380952381,,31.9175,21.308529411764706
66000050,臺中市,北區,3.010052083333333,20.27235294117647,0.6992212954515835,15.453529411764706,,20.079090909090908,,28.588802083333334,19.68779411764706
66000060,臺中市,西屯區,3.1409375,20.27235294117647,0.7057123022246169,16.667760416666667,,21.252954545454546,,31.396225490196077,23.44338235294118
66000070,臺中市,南屯區,3.241875,20.27235294117647,0.8076108927121962,28.145,22.32,25.032,,32.484754901960784,22.093529411764706
66000080,臺中市,北屯區,3.2480208333333334,20.27235294117647,0.7785970211127891,15.025294117647059,20.056333333333335,22.540000000000003,,28.0378431372549,19.294509803921567
66000090,臺中市,豐原區,3.8558928571428575,20.27235294117647,0.763864079663279,7.71,,,,23.17377777777778,17.529611111111112
66000100,臺中市,東勢區,3.853214285714286,20.27235294117647,0.8189906948312164,,,,,20.975,
66000110,臺中市,大甲區,4.18922619047619,20.27235294117647,0.8067677842824197,,,,,16.723511904761903,17.03857142857143
66000120,臺中市,清水區,3.977738095238095,20.27235294117647,0.8194563876322578,,,,,16.53511111111111,15.537833333333333
66000130,臺中市,沙鹿區,3.6958928571428573,20.27235294117647,0.8231057587295965,,13.15,,,20.651,18.764242424242425
66000140,臺中市,梧棲區,3.896190476190476,20.27235294117647,0.8142785821268098,,,,,16.42470238095238,16.845833333333335
66000150,臺中市,后里區,4.331964285714286,20.27235294117647,0.8287407781070686,,,,,20.291666666666668,30.24
66000160,臺中市,神岡區,4.13827380952381,20.27235294117647,0.8222355966515292,,,,,20.89551282051282,18.23
66000170,臺中市,潭子區,3.539107142857143,20.27235294117647,0.784975141634871,,,,,23.45267857142857,17.244500000000002
66000180,臺中市,大雅區,3.835952380952381,20.27235294117647,0.7935798978181935,,,,,21.905055555555556,16.44089285714286
66000190,臺中市,新社區,3.8945238095238097,20.27235294117647,0.8173558072162234,,,,,,
66000200,臺中市,石岡區,4.065654761904762,20.27235294117647,0.7688942891859052,,,,,,
66000210,臺中市,外埔區,4.118273809523809,20.27235294117647,0.823190262652146,,,,,14.524666666666667,
66000220,臺中市,大安區,4.586130952380953,20.27235294117647,0.8447460415381451,,,,,17.47,
66000230,臺中市,烏日區,3.6322619047619047,20.27235294117647,0.7598503274087932,,,,,23.996190476190474,19.733166666666666
66000240,臺中市,大肚區,3.881964285714286,20.27235294117647,0.798510935318753,,,,,17.704545454545453,27.1875
66000250,臺中市,龍井區,4.16827380952381,20.27235294117647,0.8403753838169787,,,20.38,,18.327166666666667,17.51861111111111
66000260,臺中市,霧峰區,3.9379166666666667,20.27235294117647,0.731751745673765,,,,,19.017944444444442,13.184999999999999
66000270,臺中市,太平區,3.52327380952381,20.27235294117647,0.7780268345415235,14.616296296296294,,43.25,,22.560666666666666,17.85811111111111
66000280,臺中市,大里區,3.620357142857143,20.27235294117647,0.7824288181868836,13.731428571428571,,,,23.51961111111111,18.80172222222222
66000290,臺中市,和平區,3.435238095238095,20.27235294117647,0.7254168084382443,,,,,,
67000010,臺南市,新營區,3.1148809523809526,15.76220588235294,0.8244534154042927,19.36,,,,14.68677777777778,10.851666666666668
67000020,臺南市,鹽水區,3.476845238095238,15.76220588235294,0.7966161438138879,,,,,10.8825,
67000030,臺南市,白河區,3.8445238095238095,15.76220588235294,0.8521439132577624,,,,,17.599999999999998,
67000040,臺南市,柳營區,3.601785714285714,15.76220588235294,0.8148201027984009,,,,,13.52375,10.27
67000050,臺南市,後壁區,3.6026785714285716,15.76220588235294,0.8717878246530164,,,,,8.17,
67000060,臺南市,東山區,4.039166666666667,15.76220588235294,0.7493833251110015,,,,,11.71,
67000070,臺南市,麻豆區,3.498392857142857,15.76220588235294,0.8205753640863763,,,,,14.39375,22.41
67000080,臺南市,下營區,3.7124404761904763,15.76220588235294,0.8535211267605634,,,,,15.25,
67000090,臺南市,六甲區,3.6400595238095237,15.76220588235294,0.8516985441050529,,,,,14.56,
67000100,臺南市,官田區,3.4991666666666665,15.76220588235294,0.8804317353518363,,,,,13.671875,
67000110,臺南市,大內區,3.828333333333333,15.76220588235294,0.7602489019033675,,,,,,
67000120,臺南市,佳里區,3.4617857142857145,15.76220588235294,0.8464597371037226,,,,,13.270119047619048,12.41
67000130,臺南市,學甲區,3.5611309523809527,15.76220588235294,0.8209454935047542,,,,,11.904,
67000140,臺南市,西港區,3.8388095238095237,15.76220588235294,0.8465202434506484,,,,,14.163333333333332,
67000150,臺南市,七股區,4.318214285714285,15.76220588235294,0.8537806710065098,,,,,9.87,
67000160,臺南市,將軍區,4.078690476190476,15.76220588235294,0.8079508354138659,,,,,,
67000170,臺南市,北門區,4.304880952380953,15.76220588235294,0.7381398252184769,,,,,,
67000180,臺南市,新化區,3.6429761904761904,15.76220588235294,0.7705148975135592,,,,,11.288,22.07
67000190,臺南市,善化區,3.2653571428571424,15.76220588235294,0.8127677143004594,,,,,18.31153846153846,18.679166666666667
67000200,臺南市,新市區,3.4121428571428574,15.76220588235294,0.7357391617629399,,,,,18.273333333333333,21.478
67000210,臺南市,安定區,3.7014285714285715,15.76220588235294,0.8639213143104194,,,,,9.57,
67000220,臺南市,山上區,3.886964285714286,15.76220588235294,0.8556749182624942,,,,,,
67000230,臺南市,玉井區,3.5714285714285716,15.76220588235294,0.75736864587783,,,,,,
67000240,臺南市,楠西區,3.738928571428571,15.76220588235294,0.7919055649241147,,,,,,
67000250,臺南市,南化區,4.2891071428571435,15.76220588235294,0.8316696914700544,,,,,,
67000260,臺南市,左鎮區,3.6526785714285714,15.76220588235294,0.8309137489325363,,,,,,
67000270,臺南市,仁德區,3.2591666666666663,15.76220588235294,0.801284780000774,,,,,17.346888888888888,14.063571428571427
67000280,臺南市,歸仁區,3.5922023809523806,15.76220588235294,0.830355427473583,34.63,,,,15.935892857142857,24.3625
67000290,臺南市,關廟區,3.799702380952381,15.76220588235294,0.8571989015300118,,,,,16.393333333333334,
67000300,臺南市,龍崎區,4.218154761904762,15.76220588235294,0.864,,,,,,
67000310,臺南市,永康區,3.1719642857142856,15.76220588235294,0.8019965097689857,12.472083333333334,,15.21425925925926,,19.779722222222222,14.567944444444445
67000320,臺南市,東區,3.13265625,15.76220588235294,0.7868719083571987,10.8303125,,17.21547619047619,,22.20558823529412,15.14735294117647
67000330,臺南市,南區,3.287916666666667,15.76220588235294,0.8015654442672852,9.829117647058823,,,,17.398186274509804,12.67705882352941
67000340,臺南市,北區,3.07359375,15.76220588235294,0.7295356092743474,8.850625,,,,19.55,16.218235294117648
67000350,臺南市,安南區,3.7105208333333333,15.76220588235294,0.8311621528968118,20.933333333333334,,,,17.50308823529412,15.12298611111111
67000360,臺南市,安平區,3.013125,15.76220588235294,0.7761143246002041,6.585,,,,19.746813725490195,14.681225490196079
67000370,臺南市,中西區,3.0895312500000003,15.76220588235294,0.7042845939972909,10.030416666666666,,13.225999999999999,,20.265196078431373,15.931960784313727
68000010,桃園市,桃園區,3.1391145833333334,19.24,0.7851765958255712,16.45044117647059,16.25,23.77243055555556,,25.437450980392157,21.723088235294117
68000020,桃園市,中壢區,3.21296875,19.24,0.7849573838471986,15.599264705882353,11.64,24.188205128205126,,22.37191176470588,20.275000000000002
68000030,桃園市,大溪區,3.5350520833333334,19.24,0.7976291003572589,9.92,9.89,,,15.694656862745099,13.750333333333334
68000040,桃園市,楊梅區,3.3893229166666665,19.24,0.8237090113303448,10.02109375,13.97,,,14.781470588235294,13.157058823529413
68000050,桃園市,蘆竹區,3.28671875,19.24,0.8257685858021241,10.695,,,,19.96588235294118,20.9575
68000060,桃園市,大園區,3.7303125,19.24,0.7912299465240642,14.176666666666668,,,,17.597499999999997,21.07046875
68000070,桃園市,龜山區,3.0625520833333333,19.24,0.7219345938489005,15.938235294117646,,26.880714285714287,,19.42140625,23.461323529411764
68000080,桃園市,八德區,3.3234375,19.24,0.8129080827530294,14.287303921568627,15.1425,,,19.883382352941176,18.69205882352941
68000090,桃園市,龍潭區,3.43,19.24,0.785394231959401,10.178333333333333,,11.32,,15.05029411764706,15.609019607843138
68000100,桃園市,平鎮區,3.393125,19.24,0.8357183743560389,12.03640625,16.465,,,18.017205882352943,17.410441176470588
68000110,桃園市,新屋區,4.414322916666666,19.24,0.8575923392612859,,,,,14.902559523809524,18.284
68000120,桃園市,觀音區,4.0125520833333335,19.24,0.8144818020947917,15.175999999999998,,,,13.937794117647059,18.3565
68000130,桃園市,復興區,4.245885416666667,19.24,0.8081420528367259,,,,,,
