TOWNCODE,COUNTYNAME,TOWNNAME,郵遞區號,行政區,electricity_consume_residential,electricity_consume_commercial,electricity_consume_total,electricity_price_industrial,electricity_price_commercial
63000050.0,臺北市,中正區,100,中正區,4744.41391720281,19400.708509815933,1482569002.4,0.08748538011695907,0.10959064327485381
63000060.0,臺北市,大同區,103,大同區,4253.639812811163,12907.200001783738,752404222.4,0.08748538011695907,0.10959064327485381
63000040.0,臺北市,中山區,104,中山區,4874.490383942417,20456.960397123992,2038297375.2,0.08748538011695907,0.10959064327485381
63000010.0,臺北市,松山區,105,松山區,4974.202688367672,20686.0991060429,1210056175.4,0.08748538011695907,0.10959064327485381
63000030.0,臺北市,大安區,106,大安區,5358.977702886665,21023.380841700335,2043927927.2,0.08748538011695907,0.10959064327485381
63000070.0,臺北市,萬華區,108,萬華區,4075.5709454008065,15858.516201341326,724323983.0,0.08748538011695907,0.10959064327485381
63000020.0,臺北市,信義區,110,信義區,4871.445194785747,17723.35581901553,1528086727.8,0.08748538011695907,0.10959064327485381
63000110.0,臺北市,士林區,111,士林區,4991.665840980973,19325.73701123731,1177697673.8,0.08748538011695907,0.10959064327485381
63000120.0,臺北市,北投區,112,北投區,4287.459711529855,19570.80992913891,1101110185.6,0.08748538011695907,0.10959064327485381
63000100.0,臺北市,內湖區,114,內湖區,4711.166728136491,26293.758636750445,1998338904.6,0.08748538011695907,0.10959064327485381
63000090.0,臺北市,南港區,115,南港區,4433.037676033014,19783.304110555917,996813099.8,0.08748538011695907,0.10959064327485381
63000080.0,臺北市,文山區,116,文山區,4319.148894726627,18875.339817050935,868026721.6,0.08748538011695907,0.10959064327485381
10017040.0,基隆市,仁愛區,200,仁愛區,3556.813089910863,14764.991052732948,183225661.2,0.08748538011695907,0.10959064327485381
10017070.0,基隆市,信義區,201,信義區,3714.1431096772526,17865.92387627739,183016314.4,0.08748538011695907,0.10959064327485381
10017010.0,基隆市,中正區,202,中正區,3444.7007575899784,15101.85441173751,256847862.2,0.08748538011695907,0.10959064327485381
10017050.0,基隆市,中山區,203,中山區,3626.5272592618408,13638.272447886275,145564485.8,0.08748538011695907,0.10959064327485381
10017060.0,基隆市,安樂區,204,安樂區,3754.1095070457623,18300.495409803552,306571351.2,0.08748538011695907,0.10959064327485381
10017030.0,基隆市,暖暖區,205,暖暖區,3626.663626203066,16825.679745392288,107379853.0,0.08748538011695907,0.10959064327485381
10017020.0,基隆市,七堵區,206,七堵區,3889.9652314571117,16644.79405561848,280689102.0,0.08748538011695907,0.10959064327485381
65000280.0,新北市,萬里區,207,萬里,3099.202173338063,18552.5897439778,82465278.6,0.08748538011695907,0.10959064327485381
65000270.0,新北市,金山區,208,金山,3329.588038332638,16146.793860957207,83170583.6,0.08748538011695907,0.10959064327485381
9007010.0,連江縣,南竿鄉,209,南竿,6587.015973301828,13916.47152108474,42831756.0,0.08748538011695907,0.10959064327485381
9007020.0,連江縣,北竿鄉,210,北竿,6251.3582445598495,11687.213281829108,10213299.0,0.08748538011695907,0.10959064327485381
9007030.0,連江縣,莒光鄉,211,莒光,6888.284127165696,11722.883603404,5855248.2,0.08748538011695907,0.10959064327485381
9007040.0,連江縣,東引鄉,212,東引,10405.000317645143,16300.390185059197,13747940.2,0.08748538011695907,0.10959064327485381
65000010.0,新北市,板橋區,220,板橋,4323.6112716171565,16979.807428024134,2181795173.6,0.08748538011695907,0.10959064327485381
65000110.0,新北市,汐止區,221,汐止,4267.528383276227,21250.490253619544,1235483999.0,0.08748538011695907,0.10959064327485381
65000180.0,新北市,深坑區,222,深坑,4231.8200421209385,21750.08476518136,125839902.4,0.08748538011695907,0.10959064327485381
65000190.0,新北市,石碇區,223,石碇,3349.355835950312,14379.863427499902,27545999.0,0.08748538011695907,0.10959064327485381
65000120.0,新北市,瑞芳區,224,瑞芳,3524.9673759663615,14664.124930888725,224779678.2,0.08748538011695907,0.10959064327485381
65000240.0,新北市,平溪區,226,平溪,2891.228236691498,11385.521708048449,12116712.2,0.08748538011695907,0.10959064327485381
65000250.0,新北市,雙溪區,227,雙溪,2536.1518265386976,12224.180572598543,41175117.2,0.08748538011695907,0.10959064327485381
65000260.0,新北市,貢寮區,228,貢寮,2834.6639408313727,15275.075998361723,50551500.2,0.08748538011695907,0.10959064327485381
65000060.0,新北市,新店區,231,新店,4249.349199518259,21912.13455269731,1499135601.0,0.08748538011695907,0.10959064327485381
65000200.0,新北市,坪林區,232,坪林,2724.097868753409,12687.45319494725,37095518.4,0.08748538011695907,0.10959064327485381
65000290.0,新北市,烏來區,233,烏來,4338.556994468155,26167.2011293345,19900451.8,0.08748538011695907,0.10959064327485381
65000040.0,新北市,永和區,234,永和,4267.176589668702,17057.839222771327,686083404.6,0.08748538011695907,0.10959064327485381
65000030.0,新北市,中和區,235,中和,4207.792061934207,20094.72303736554,2113587463.2,0.08748538011695907,0.10959064327485381
65000130.0,新北市,土城區,236,土城,4166.392767869809,19996.27435444314,1263052776.4,0.08748538011695907,0.10959064327485381
65000090.0,新北市,三峽區,237,三峽,3795.1087366724473,19387.41138249602,597268881.8,0.08748538011695907,0.10959064327485381
65000070.0,新北市,樹林區,238,樹林,4327.012421331895,23752.749735251193,1505625940.2,0.08748538011695907,0.10959064327485381
65000080.0,新北市,鶯歌區,239,鶯歌,3767.926283612754,17648.6060347825,710408837.8,0.08748538011695907,0.10959064327485381
65000020.0,新北市,三重區,241,三重,4303.777257183459,16798.55160669566,1597539750.0,0.08748538011695907,0.10959064327485381
65000050.0,新北市,新莊區,242,新莊,4420.170481447454,19802.015357635322,2178314873.2,0.08748538011695907,0.10959064327485381
65000160.0,新北市,泰山區,243,泰山,4397.979653377925,27675.216041877953,1278328228.4,0.08748538011695907,0.10959064327485381
65000170.0,新北市,林口區,244,林口,4368.704784166739,24833.839144976366,727700868.0,0.08748538011695907,0.10959064327485381
65000140.0,新北市,蘆洲區,247,蘆洲,4783.977339586435,21156.195859518903,692185570.6,0.08748538011695907,0.10959064327485381
65000150.0,新北市,五股區,248,五股,4257.324540931682,25786.896309595682,889102880.6,0.08748538011695907,0.10959064327485381
65000230.0,新北市,八里區,249,八里,4102.318725888888,25179.771911746142,362825580.6,0.08748538011695907,0.10959064327485381
65000100.0,新北市,淡水區,251,淡水,3668.207680814479,20236.77854631245,1009132899.8,0.08748538011695907,0.10959064327485381
65000210.0,新北市,三芝區,252,三芝,2849.2566226864874,17382.761993865835,106482275.8,0.08748538011695907,0.10959064327485381
65000220.0,新北市,石門區,253,石門,3001.2728410063437,26490.495934633258,25424348.4,0.08748538011695907,0.10959064327485381
10002010.0,宜蘭縣,宜蘭市,260,宜蘭,3312.158947752107,13589.896802996382,460393573.4,0.08748538011695907,0.10959064327485381
10002040.0,宜蘭縣,頭城鎮,261,頭城,3060.769701980344,14911.941467988936,147829415.6,0.08748538011695907,0.10959064327485381
10002050.0,宜蘭縣,礁溪鄉,262,礁溪,2593.3447166681785,19464.76384591338,267525769.4,0.08748538011695907,0.10959064327485381
10002060.0,宜蘭縣,壯圍鄉,263,壯圍,3111.804150755934,15099.973030382534,77543874.4,0.08748538011695907,0.10959064327485381
10002070.0,宜蘭縣,員山鄉,264,員山,3053.1551380702244,15959.286112996273,162390417.6,0.08748538011695907,0.10959064327485381
10002020.0,宜蘭縣,羅東鎮,265,羅東,3497.9551982806092,14288.59973704032,283471987.2,0.08748538011695907,0.10959064327485381
10002100.0,宜蘭縣,三星鄉,266,三星,3088.8138792339046,14608.958918952176,88009873.0,0.08748538011695907,0.10959064327485381
10002110.0,宜蘭縣,大同鄉,267,大同,3335.648142328152,17420.973009920846,15851803.2,0.08748538011695907,0.10959064327485381
10002090.0,宜蘭縣,五結鄉,268,五結,3198.469893983039,14207.44019846897,345315594.4,0.08748538011695907,0.10959064327485381
10002080.0,宜蘭縣,冬山鄉,269,冬山,3288.563962952639,12426.738452488175,553537626.6,0.08748538011695907,0.10959064327485381
10002030.0,宜蘭縣,蘇澳鎮,270,蘇澳,3098.023747742198,13052.420483989712,902182826.4,0.08748538011695907,0.10959064327485381
10002120.0,宜蘭縣,南澳鄉,272,南澳,4346.701346190676,16496.581329501914,109123723.2,0.08748538011695907,0.10959064327485381
10004010.0,新竹縣,竹北市,302,竹北,4066.0195795165905,20208.97223879749,1651393872.2,0.08748538011695907,0.10959064327485381
10004050.0,新竹縣,湖口鄉,303,湖口,3720.1430468981657,16356.861232208821,3332177161.4,0.08748538011695907,0.10959064327485381
10004060.0,新竹縣,新豐鄉,304,新豐,3735.6860636569386,17316.881360840947,836169457.0,0.08748538011695907,0.10959064327485381
10004030.0,新竹縣,新埔鎮,305,新埔,3413.0200207078074,14979.116057522184,580398058.8,0.08748538011695907,0.10959064327485381
10004040.0,新竹縣,關西鎮,306,關西,3255.2429760211967,14168.491301818929,149653385.8,0.08748538011695907,0.10959064327485381
10004070.0,新竹縣,芎林鄉,307,芎林,3341.1916157152054,19768.19654482815,132813061.0,0.08748538011695907,0.10959064327485381
10004100.0,新竹縣,寶山鄉,308,寶山,3908.3148946714405,18797.565387609786,2660637128.8,0.08748538011695907,0.10959064327485381
10004020.0,新竹縣,竹東鎮,310,竹東,3553.169242553837,15390.958966143671,508327061.4,0.08748538011695907,0.10959064327485381
10004130.0,新竹縣,五峰鄉,311,五峰,2863.495321372625,14666.502483365208,8750203.2,0.08748538011695907,0.10959064327485381
10004080.0,新竹縣,橫山鄉,312,橫山,3050.9630588494138,17069.015991382916,62915132.2,0.08748538011695907,0.10959064327485381
10004120.0,新竹縣,尖石鄉,313,尖石,3149.8350922641916,19466.410422942823,16720143.0,0.08748538011695907,0.10959064327485381
10004090.0,新竹縣,北埔鄉,314,北埔,3032.348257199981,15604.019254214965,24187648.0,0.08748538011695907,0.10959064327485381
10004110.0,新竹縣,峨眉鄉,315,峨眉,2845.0757990854045,16348.224519887013,15157118.4,0.08748538011695907,0.10959064327485381
68000020.0,桃園市,中壢區,320,中壢,3884.041599347277,19926.076360504256,4178194826.8,0.08748538011695907,0.10959064327485381
68000100.0,桃園市,平鎮區,324,平鎮,3848.9804116607775,18520.92337235577,1827534256.8,0.08748538011695907,0.10959064327485381
68000090.0,桃園市,龍潭區,325,龍潭,3723.7071427792807,19469.32400100433,2958529547.4,0.08748538011695907,0.10959064327485381
68000040.0,桃園市,楊梅區,326,楊梅,3634.2349972161637,21540.12486711413,2159219637.2,0.08748538011695907,0.10959064327485381
68000110.0,桃園市,新屋區,327,新屋,4062.9331046529433,25375.382572879294,999403555.0,0.08748538011695907,0.10959064327485381
68000120.0,桃園市,觀音區,328,觀音,4094.9183120634743,25590.821374369552,3734341807.8,0.08748538011695907,0.10959064327485381
68000010.0,桃園市,桃園區,330,桃園,4019.8340993851707,19511.050399107953,2378127036.0,0.08748538011695907,0.10959064327485381
68000070.0,桃園市,龜山區,333,龜山,4109.667176213572,25173.70177434777,4108600053.4,0.08748538011695907,0.10959064327485381
68000080.0,桃園市,八德區,334,八德,3762.8999875720715,22005.572530818194,1259571204.0,0.08748538011695907,0.10959064327485381
68000030.0,桃園市,大溪區,335,大溪,3666.7946174147582,17263.18292851076,670761154.6,0.08748538011695907,0.10959064327485381
68000130.0,桃園市,復興區,336,復興,3362.91889408722,14720.826546709108,22199349.8,0.08748538011695907,0.10959064327485381
68000060.0,桃園市,大園區,337,大園,4208.88459005092,24870.818118500076,1674587215.8,0.08748538011695907,0.10959064327485381
68000050.0,桃園市,蘆竹區,338,蘆竹,4581.234156324036,27330.386305753636,3068212818.8,0.08748538011695907,0.10959064327485381
10005040.0,苗栗縣,竹南鎮,350,竹南,3410.9213882365984,20987.380072047094,2944004737.8,0.08748538011695907,0.10959064327485381
10005050.0,苗栗縣,頭份市,351,頭份,3315.225590944462,18610.91545128493,856319059.6,0.08748538011695907,0.10959064327485381
10005160.0,苗栗縣,三灣鄉,352,三灣,2485.668118588796,16217.67878276495,22417260.6,0.08748538011695907,0.10959064327485381
10005110.0,苗栗縣,南庄鄉,353,南庄,2583.1408986847296,13005.493642777623,27725032.4,0.08748538011695907,0.10959064327485381
10005170.0,苗栗縣,獅潭鄉,354,獅潭,2556.7023191170124,17155.971839273792,11437922.4,0.08748538011695907,0.10959064327485381
10005060.0,苗栗縣,後龍鎮,356,後龍,2881.9255548549345,15856.004018043928,210628683.4,0.08748538011695907,0.10959064327485381
10005030.0,苗栗縣,通霄鎮,357,通霄,2845.6050736505713,13306.785236756643,325922430.6,0.08748538011695907,0.10959064327485381
10005020.0,苗栗縣,苑裡鎮,358,苑裡,3026.3351714758624,16922.27229097099,219016722.4,0.08748538011695907,0.10959064327485381
10005010.0,苗栗縣,苗栗市,360,苗栗,3132.268955429278,14696.609860066668,960465230.4,0.08748538011695907,0.10959064327485381
10005150.0,苗栗縣,造橋鄉,361,造橋,2786.502854140089,17607.920920388555,164487020.6,0.08748538011695907,0.10959064327485381
10005120.0,苗栗縣,頭屋鄉,362,頭屋,2945.004350478891,13901.455533588352,47558681.2,0.08748538011695907,0.10959064327485381
10005090.0,苗栗縣,公館鄉,363,公館,3019.0247169899512,17196.729796140455,90881684.0,0.08748538011695907,0.10959064327485381
10005080.0,苗栗縣,大湖鄉,364,大湖,2581.0125259351094,14359.594731169762,37137164.0,0.08748538011695907,0.10959064327485381
10005180.0,苗栗縣,泰安鄉,365,泰安,2725.5171242487536,27402.96870116417,33092516.4,0.08748538011695907,0.10959064327485381
10005100.0,苗栗縣,銅鑼鄉,366,銅鑼,3043.467307132368,19433.32369054546,484534598.2,0.08748538011695907,0.10959064327485381
10005130.0,苗栗縣,三義鄉,367,三義,3392.7770218615015,13330.098055014114,201914947.2,0.08748538011695907,0.10959064327485381
10005140.0,苗栗縣,西湖鄉,368,西湖,2630.6995273519456,12470.324865320474,602147538.0,0.08748538011695907,0.10959064327485381
10005070.0,苗栗縣,卓蘭鎮,369,卓蘭,2242.412969713119,13912.071310897201,45767884.4,0.08748538011695907,0.10959064327485381
66000010.0,臺中市,中區,400,中區,3400.6786762866227,16669.506186156817,181097353.2,0.08748538011695907,0.10959064327485381
66000020.0,臺中市,東區,401,東區,3763.6292842667294,14639.90220073647,359243550.8,0.08748538011695907,0.10959064327485381
66000030.0,臺中市,南區,402,南區,3626.4171609541563,14059.595817143252,589344634.2,0.08748538011695907,0.10959064327485381
66000040.0,臺中市,西區,403,西區,3925.631329023079,16578.065436126326,710957036.6,0.08748538011695907,0.10959064327485381
66000050.0,臺中市,北區,404,北區,3792.6013348049796,15352.657316475199,808811226.8,0.08748538011695907,0.10959064327485381
66000080.0,臺中市,北屯區,406,北屯區,3744.3841374284057,16958.80152607226,1015431092.0,0.08748538011695907,0.10959064327485381
66000060.0,臺中市,西屯區,407,西屯區,4077.036321307067,18845.07294673092,8114158864.8,0.08748538011695907,0.10959064327485381
66000070.0,臺中市,南屯區,408,南屯區,4127.804553219699,19163.891803456554,1680384433.4,0.08748538011695907,0.10959064327485381
66000270.0,臺中市,太平區,411,太平,3698.6197731300467,21079.038716754887,1119550342.0,0.08748538011695907,0.10959064327485381
66000280.0,臺中市,大里區,412,大里,3845.983043927749,20378.16330477438,1132834008.8,0.08748538011695907,0.10959064327485381
66000260.0,臺中市,霧峰區,413,霧峰,3693.7453411059423,20249.078255424938,521878576.8,0.08748538011695907,0.10959064327485381
66000230.0,臺中市,烏日區,414,烏日,3622.421302757432,24273.172897358898,641686515.8,0.08748538011695907,0.10959064327485381
66000090.0,臺中市,豐原區,420,豐原,3583.1914845809006,17137.167514789555,763490082.4,0.08748538011695907,0.10959064327485381
66000150.0,臺中市,后里區,421,后里,3504.4434058318257,17175.898726174062,3756274358.6,0.08748538011695907,0.10959064327485381
66000200.0,臺中市,石岡區,422,石岡,2726.8481314296596,16813.624423645302,67272824.8,0.08748538011695907,0.10959064327485381
66000100.0,臺中市,東勢區,423,東勢,2303.220536308008,9832.217312195175,119388135.4,0.08748538011695907,0.10959064327485381
66000290.0,臺中市,和平區,424,和平,3163.1023386526904,16589.885588136774,58821085.8,0.08748538011695907,0.10959064327485381
66000190.0,臺中市,新社區,426,新社,2389.3751551599485,12190.753799991293,116944469.0,0.08748538011695907,0.10959064327485381
66000170.0,臺中市,潭子區,427,潭子,3698.825686958521,20851.202672803942,1261730326.6,0.08748538011695907,0.10959064327485381
66000180.0,臺中市,大雅區,428,大雅,3857.8891550529015,24506.83622383912,3939269071.4,0.08748538011695907,0.10959064327485381
66000160.0,臺中市,神岡區,429,神岡,3842.5200038937865,24912.879820311537,656171081.2,0.08748538011695907,0.10959064327485381
66000240.0,臺中市,大肚區,432,大肚,3344.531821403548,15456.796224695505,437828167.4,0.08748538011695907,0.10959064327485381
66000130.0,臺中市,沙鹿區,433,沙鹿,3621.2097907079105,14716.756592952293,552969962.0,0.08748538011695907,0.10959064327485381
66000250.0,臺中市,龍井區,434,龍井,3691.4264868026085,18540.06710085697,980633393.0,0.08748538011695907,0.10959064327485381
66000140.0,臺中市,梧棲區,435,梧棲,3483.2508620779067,17808.885650337073,1538757872.8,0.08748538011695907,0.10959064327485381
66000120.0,臺中市,清水區,436,清水,3238.200799764935,16836.133809804196,541568800.8,0.08748538011695907,0.10959064327485381
66000110.0,臺中市,大甲區,437,大甲,3576.4287564937135,16969.653111913154,800446878.8,0.08748538011695907,0.10959064327485381
66000210.0,臺中市,外埔區,438,外埔,3474.286929325561,19623.963953749848,160996276.4,0.08748538011695907,0.10959064327485381
66000220.0,臺中市,大安區,439,大安,3165.25856974651,24948.681695573752,99582796.2,0.08748538011695907,0.10959064327485381
10007010.0,彰化縣,彰化市,500,彰化,3522.9884896284675,13462.378617970307,1222866612.0,0.08748538011695907,0.10959064327485381
10007090.0,彰化縣,芬園鄉,502,芬園,2989.872536096276,14727.226109625943,88012698.8,0.08748538011695907,0.10959064327485381
10007080.0,彰化縣,花壇鄉,503,花壇,3216.801013498586,15113.924740761033,364128009.6,0.08748538011695907,0.10959064327485381
10007070.0,彰化縣,秀水鄉,504,秀水,3042.5561435442833,17463.135622500096,283377936.0,0.08748538011695907,0.10959064327485381
10007020.0,彰化縣,鹿港鎮,505,鹿港,3316.4401838950384,11942.66257193453,1537577504.6,0.08748538011695907,0.10959064327485381
10007060.0,彰化縣,福興鄉,506,福興,2893.57675179864,12473.83284285988,402725468.0,0.08748538011695907,0.10959064327485381
10007040.0,彰化縣,線西鄉,507,線西,2875.093357863652,13564.84247205943,1046436691.4,0.08748538011695907,0.10959064327485381
10007030.0,彰化縣,和美鎮,508,和美,3269.350143865443,14309.823601825387,1047009689.6,0.08748538011695907,0.10959064327485381
10007050.0,彰化縣,伸港鄉,509,伸港,3108.0300846345754,11750.101776706859,980682962.6,0.08748538011695907,0.10959064327485381
10007100.0,彰化縣,員林市,510,員林,3246.3770834225256,12552.197374420814,577206837.8,0.08748538011695907,0.10959064327485381
10007170.0,彰化縣,社頭鄉,511,社頭,2829.9215201595443,10983.646727892836,182142319.0,0.08748538011695907,0.10959064327485381
10007160.0,彰化縣,永靖鄉,512,永靖,2636.503377435628,11828.966837566046,129132995.8,0.08748538011695907,0.10959064327485381
10007150.0,彰化縣,埔心鄉,513,埔心,2896.934506050667,14109.269663829156,228205228.8,0.08748538011695907,0.10959064327485381
10007110.0,彰化縣,溪湖鎮,514,溪湖,2962.9516507136477,13456.346464868004,248340513.8,0.08748538011695907,0.10959064327485381
10007130.0,彰化縣,大村鄉,515,大村,3197.6057007150202,13905.401720936828,381530548.2,0.08748538011695907,0.10959064327485381
10007140.0,彰化縣,埔鹽鄉,516,埔鹽,2565.1191466325213,16360.171143643689,203417378.8,0.08748538011695907,0.10959064327485381
10007120.0,彰化縣,田中鎮,520,田中,2754.8753615894393,11467.018960107884,196473702.2,0.08748538011695907,0.10959064327485381
10007190.0,彰化縣,北斗鎮,521,北斗,3065.5727100935374,13849.825406527112,246027328.6,0.08748538011695907,0.10959064327485381
10007210.0,彰化縣,田尾鄉,522,田尾,2643.9429131026404,13995.775517710712,92047539.8,0.08748538011695907,0.10959064327485381
10007220.0,彰化縣,埤頭鄉,523,埤頭,2411.080244761467,14004.94248226594,223655017.2,0.08748538011695907,0.10959064327485381
10007260.0,彰化縣,溪州鄉,524,溪州,2424.0370469768686,10854.754251322514,196174937.0,0.08748538011695907,0.10959064327485381
10007250.0,彰化縣,竹塘鄉,525,竹塘,2301.0445799078425,13301.857741325166,62443237.6,0.08748538011695907,0.10959064327485381
10007200.0,彰化縣,二林鎮,526,二林,2660.745377737742,11133.020820545127,248599133.0,0.08748538011695907,0.10959064327485381
10007240.0,彰化縣,大城鄉,527,大城,2109.9030487291043,16094.50856399124,122053627.2,0.08748538011695907,0.10959064327485381
10007230.0,彰化縣,芳苑鄉,528,芳苑,2537.842415004548,13829.294323609865,978332093.4,0.08748538011695907,0.10959064327485381
10007180.0,彰化縣,二水鄉,530,二水,2598.5095419449817,9245.065691303305,74962673.0,0.08748538011695907,0.10959064327485381
10008010.0,南投縣,南投市,540,南投,3014.2722830317534,12797.595023667014,1186737952.4,0.08748538011695907,0.10959064327485381
10008080.0,南投縣,中寮鄉,541,中寮,2023.6459850367949,10565.70120916222,25560810.8,0.08748538011695907,0.10959064327485381
10008030.0,南投縣,草屯鎮,542,草屯,3133.255531966409,14616.866975382061,417526428.6,0.08748538011695907,0.10959064327485381
10008100.0,南投縣,國姓鄉,544,國姓,2212.931630343038,10531.101301978491,48800350.6,0.08748538011695907,0.10959064327485381
10008020.0,南投縣,埔里鎮,545,埔里,3188.3127325571363,13458.987914781315,412859209.6,0.08748538011695907,0.10959064327485381
10008130.0,南投縣,仁愛鄉,546,仁愛,3116.4664005720247,22946.740695442575,56913924.8,0.08748538011695907,0.10959064327485381
10008060.0,南投縣,名間鄉,551,名間,2834.7450464898625,13595.463489980079,148715484.2,0.08748538011695907,0.10959064327485381
10008050.0,南投縣,集集鎮,552,集集,2834.119833023354,15259.989801206353,50477746.6,0.08748538011695907,0.10959064327485381
10008110.0,南投縣,水里鄉,553,水里,2576.700536701156,10577.107975271187,54846464.2,0.08748538011695907,0.10959064327485381
10008090.0,南投縣,魚池鄉,555,魚池,3501.3417554770494,14883.324551389582,94096097.0,0.08748538011695907,0.10959064327485381
10008120.0,南投縣,信義鄉,556,信義,2595.3760357205756,15882.119327520279,27595622.8,0.08748538011695907,0.10959064327485381
10008040.0,南投縣,竹山鎮,557,竹山,3015.7691214688007,14859.009938239707,241927375.6,0.08748538011695907,0.10959064327485381
10008070.0,南投縣,鹿谷鄉,558,鹿谷,2370.294213843486,12864.913746173504,50369975.4,0.08748538011695907,0.10959064327485381
10010160.0,嘉義縣,番路鄉,602,番路,2495.6820867199276,12506.823640828019,41029730.2,0.08748538011695907,0.10959064327485381
10010150.0,嘉義縣,梅山鄉,603,梅山,2362.569360766684,9996.476598722833,58413395.8,0.08748538011695907,0.10959064327485381
10010140.0,嘉義縣,竹崎鄉,604,竹崎,2451.291745350616,9134.54730922062,98906545.6,0.08748538011695907,0.10959064327485381
10010180.0,嘉義縣,阿里山鄉,605,阿里山,3452.747397062815,15582.599735662026,20659173.8,0.08748538011695907,0.10959064327485381
10010130.0,嘉義縣,中埔鄉,606,中埔,2918.3382306382136,10543.128883823683,148919546.0,0.08748538011695907,0.10959064327485381
10010170.0,嘉義縣,大埔鄉,607,大埔,2039.4652382210322,13679.289701701517,9901694.6,0.08748538011695907,0.10959064327485381
10010120.0,嘉義縣,水上鄉,608,水上,2872.458472427622,14213.379135653591,248130125.6,0.08748538011695907,0.10959064327485381
10010110.0,嘉義縣,鹿草鄉,611,鹿草,2040.926518070911,13934.542704811756,71703550.6,0.08748538011695907,0.10959064327485381
10010010.0,嘉義縣,太保市,612,太保,2751.6914253255386,13574.569961347064,329216844.4,0.08748538011695907,0.10959064327485381
10010020.0,嘉義縣,朴子市,613,朴子,2706.6055407028857,9774.754929762954,259656272.6,0.08748538011695907,0.10959064327485381
10010090.0,嘉義縣,東石鄉,614,東石,2455.9957065781155,9772.425720032901,87209000.6,0.08748538011695907,0.10959064327485381
10010080.0,嘉義縣,六腳鄉,615,六腳,1901.3181043776726,9660.53589099257,70496509.2,0.08748538011695907,0.10959064327485381
10010070.0,嘉義縣,新港鄉,616,新港,2325.3059042022664,9840.093384469006,222149250.2,0.08748538011695907,0.10959064327485381
10010050.0,嘉義縣,民雄鄉,621,民雄,2862.3552364999555,12242.079894665736,747124166.6,0.08748538011695907,0.10959064327485381
10010040.0,嘉義縣,大林鎮,622,大林,2714.7447910569895,11984.864394705044,333424987.0,0.08748538011695907,0.10959064327485381
10010060.0,嘉義縣,溪口鄉,623,溪口,2125.7284164380226,8948.217739867305,58427867.0,0.08748538011695907,0.10959064327485381
10010100.0,嘉義縣,義竹鄉,624,義竹,2036.0859603772594,8908.331169336278,90946559.8,0.08748538011695907,0.10959064327485381
10010030.0,嘉義縣,布袋鎮,625,布袋,2356.2345502284215,9717.057435622468,107816603.4,0.08748538011695907,0.10959064327485381
10009020.0,雲林縣,斗南鎮,630,斗南,2754.541169227781,12783.778701240095,193948505.0,0.08748538011695907,0.10959064327485381
10009080.0,雲林縣,大埤鄉,631,大埤,2344.7926149518744,13623.650863669973,90270894.4,0.08748538011695907,0.10959064327485381
10009030.0,雲林縣,虎尾鎮,632,虎尾,2861.560767363624,14527.658465622517,536855248.4,0.08748538011695907,0.10959064327485381
10009050.0,雲林縣,土庫鎮,633,土庫,2225.904606436046,10571.214566367746,174064949.2,0.08748538011695907,0.10959064327485381
10009150.0,雲林縣,褒忠鄉,634,褒忠,2197.662268972908,12357.280993895756,98014346.2,0.08748538011695907,0.10959064327485381
10009140.0,雲林縣,東勢鄉,635,東勢,1966.2315876870766,11044.910692997859,53034231.0,0.08748538011695907,0.10959064327485381
10009160.0,雲林縣,臺西鄉,636,臺西,2040.1147226714093,7168.46877721808,78242630.0,0.08748538011695907,0.10959064327485381
10009120.0,雲林縣,崙背鄉,637,崙背,2193.404047657369,11421.85342660547,108598141.8,0.08748538011695907,0.10959064327485381
10009130.0,雲林縣,麥寮鄉,638,麥寮,3218.6240492844513,15209.77318119886,429370048.6,0.08748538011695907,0.10959064327485381
10009010.0,雲林縣,斗六市,640,斗六,3062.4448723446394,14891.301561391501,2859020376.8,0.08748538011695907,0.10959064327485381
10009100.0,雲林縣,林內鄉,643,林內,2867.550575376302,12570.315599463405,116859577.2,0.08748538011695907,0.10959064327485381
10009070.0,雲林縣,古坑鄉,646,古坑,2341.69807866646,11976.70321098932,111615170.0,0.08748538011695907,0.10959064327485381
10009090.0,雲林縣,莿桐鄉,647,莿桐,2515.6406939185126,14962.829475182578,158358030.2,0.08748538011695907,0.10959064327485381
10009040.0,雲林縣,西螺鎮,648,西螺,2750.033811888352,19333.30062112156,236169595.0,0.08748538011695907,0.10959064327485381
10009110.0,雲林縣,二崙鄉,649,二崙,2176.8542755970825,13604.494521396793,102450228.2,0.08748538011695907,0.10959064327485381
10009060.0,雲林縣,北港鎮,651,北港,2687.765895453168,10504.460341772792,154885263.6,0.08748538011695907,0.10959064327485381
10009200.0,雲林縣,水林鄉,652,水林,2048.3446059294224,8807.296106281929,88176821.0,0.08748538011695907,0.10959064327485381
10009190.0,雲林縣,口湖鄉,653,口湖,2360.4243722949896,8403.15632247806,125051034.2,0.08748538011695907,0.10959064327485381
10009180.0,雲林縣,四湖鄉,654,四湖,2018.7320661586484,9452.862996776406,78546803.6,0.08748538011695907,0.10959064327485381
10009170.0,雲林縣,元長鄉,655,元長,2030.7767490105375,13610.312645775295,165356186.0,0.08748538011695907,0.10959064327485381
67000370.0,臺南市,中西區,700,中西區,3393.719512770828,13524.744576416988,560349658.6,0.08748538011695907,0.10959064327485381
67000320.0,臺南市,東區,701,東區,3529.1994382801145,14349.666945397985,898491436.4,0.08748538011695907,0.10959064327485381
67000330.0,臺南市,南區,702,南區,3373.8219992210556,12917.039763962955,642981241.0,0.08748538011695907,0.10959064327485381
67000340.0,臺南市,北區,704,北區,3482.638593139247,12558.151659347384,498271872.0,0.08748538011695907,0.10959064327485381
67000360.0,臺南市,安平區,708,安平區,3666.1548398910368,16796.571385102387,322919595.6,0.08748538011695907,0.10959064327485381
67000350.0,臺南市,安南區,709,安南區,3490.35587230207,14078.96926232359,1663369222.6,0.08748538011695907,0.10959064327485381
67000310.0,臺南市,永康區,710,永康,3574.197973819539,16687.752213475072,2316422336.4,0.08748538011695907,0.10959064327485381
67000280.0,臺南市,歸仁區,711,歸仁,3145.7097826608265,17262.53898338107,462413338.2,0.08748538011695907,0.10959064327485381
67000180.0,臺南市,新化區,712,新化,3091.697405850864,13967.740631633447,222588449.0,0.08748538011695907,0.10959064327485381
67000260.0,臺南市,左鎮區,713,左鎮,2372.254225000622,12832.101837260601,10916548.2,0.08748538011695907,0.10959064327485381
67000230.0,臺南市,玉井區,714,玉井,2462.704093589776,10153.184394860731,40083759.0,0.08748538011695907,0.10959064327485381
67000240.0,臺南市,楠西區,715,楠西,1905.9748351503556,9936.538354338983,29556209.4,0.08748538011695907,0.10959064327485381
67000250.0,臺南市,南化區,716,南化,2119.424225391879,12537.133950568677,20458417.8,0.08748538011695907,0.10959064327485381
67000270.0,臺南市,仁德區,717,仁德,3390.598652503197,16532.070161182994,1836965932.8,0.08748538011695907,0.10959064327485381
67000290.0,臺南市,關廟區,718,關廟,2873.8844528118684,16106.725292803196,292806770.0,0.08748538011695907,0.10959064327485381
67000300.0,臺南市,龍崎區,719,龍崎,2289.9682628697615,15975.427028114727,12074075.2,0.08748538011695907,0.10959064327485381
67000100.0,臺南市,官田區,720,官田,2677.5094120787776,12260.628142643129,810190902.2,0.08748538011695907,0.10959064327485381
67000070.0,臺南市,麻豆區,721,麻豆,2838.005590289906,12925.576125442154,400267825.8,0.08748538011695907,0.10959064327485381
67000120.0,臺南市,佳里區,722,佳里,2901.7529891530694,12212.814116245683,335166881.2,0.08748538011695907,0.10959064327485381
67000140.0,臺南市,西港區,723,西港,2840.5617572354763,15996.767608935572,129468706.4,0.08748538011695907,0.10959064327485381
67000150.0,臺南市,七股區,724,七股,3097.6686947251533,13715.876677223063,127707259.6,0.08748538011695907,0.10959064327485381
67000160.0,臺南市,將軍區,725,將軍,2470.3646682364715,11754.844418617251,89688447.4,0.08748538011695907,0.10959064327485381
67000130.0,臺南市,學甲區,726,學甲,2736.9951046797323,9718.201156843475,245630455.6,0.08748538011695907,0.10959064327485381
67000170.0,臺南市,北門區,727,北門,2843.9429163896502,11335.027338899148,56022159.0,0.08748538011695907,0.10959064327485381
67000010.0,臺南市,新營區,730,新營,2910.957696595303,11980.533082740589,735830767.6,0.08748538011695907,0.10959064327485381
67000050.0,臺南市,後壁區,731,後壁,2489.6449227839066,12983.30538706671,144786151.2,0.08748538011695907,0.10959064327485381
67000030.0,臺南市,白河區,732,白河,2510.911208398281,11215.643391034504,132322052.2,0.08748538011695907,0.10959064327485381
67000060.0,臺南市,東山區,733,東山,2292.0075315158456,8600.31587133627,62764867.4,0.08748538011695907,0.10959064327485381
67000090.0,臺南市,六甲區,734,六甲,2478.001281051444,9661.742461379841,79001182.8,0.08748538011695907,0.10959064327485381
67000080.0,臺南市,下營區,735,下營,2648.7254986681933,9851.194573970804,79757789.6,0.08748538011695907,0.10959064327485381
67000040.0,臺南市,柳營區,736,柳營,2599.590492121263,13605.112254303775,351158287.0,0.08748538011695907,0.10959064327485381
67000020.0,臺南市,鹽水區,737,鹽水,2779.5763292614956,8758.630024106355,450530553.2,0.08748538011695907,0.10959064327485381
67000190.0,臺南市,善化區,741,善化,2814.69276755489,14964.167770487611,5563155108.2,0.08748538011695907,0.10959064327485381
67000110.0,臺南市,大內區,742,大內,2157.9355822571442,10394.10355996959,27275379.0,0.08748538011695907,0.10959064327485381
67000220.0,臺南市,山上區,743,山上,2503.206598515485,17221.491993110583,273808858.2,0.08748538011695907,0.10959064327485381
67000200.0,臺南市,新市區,744,新市,3307.128181548592,17976.94722933298,6623237410.0,0.08748538011695907,0.10959064327485381
67000210.0,臺南市,安定區,745,安定,3027.092710088445,20068.644705924125,2361034614.2,0.08748538011695907,0.10959064327485381
64000060.0,高雄市,新興區,800,新興區,3392.5932571598955,15233.202668966424,334351389.6,0.08748538011695907,0.10959064327485381
64000070.0,高雄市,前金區,801,前金區,3444.4517852878007,18238.46419079951,273829166.8,0.08748538011695907,0.10959064327485381
64000080.0,高雄市,苓雅區,802,苓雅區,3368.2710485845846,13507.423486555956,828282581.6,0.08748538011695907,0.10959064327485381
64000010.0,高雄市,鹽埕區,803,鹽埕區,3010.601148988396,10203.49707952608,122349986.8,0.08748538011695907,0.10959064327485381
64000020.0,高雄市,鼓山區,804,鼓山區,3581.8677440020992,16891.678004310925,575763389.4,0.08748538011695907,0.10959064327485381
64000100.0,高雄市,旗津區,805,旗津區,3595.09037336739,14211.656031874028,179916534.8,0.08748538011695907,0.10959064327485381
64000090.0,高雄市,前鎮區,806,前鎮區,3365.9726713422483,14208.65528629744,2047678281.0,0.08748538011695907,0.10959064327485381
64000050.0,高雄市,三民區,807,三民區,3379.9493323521433,13042.602252113758,1419088234.6,0.08748538011695907,0.10959064327485381
64000040.0,高雄市,楠梓區,811,楠梓區,3197.654550793046,15215.8222836314,2665891337.0,0.08748538011695907,0.10959064327485381
64000110.0,高雄市,小港區,812,小港區,3260.089812119767,13153.135526351985,7011095136.6,0.08748538011695907,0.10959064327485381
64000030.0,高雄市,左營區,813,左營區,3504.862051869232,17471.177817436946,987270921.4,0.08748538011695907,0.10959064327485381
64000170.0,高雄市,仁武區,814,仁武,3277.683554033813,20129.067542847806,1147404590.8,0.08748538011695907,0.10959064327485381
64000160.0,高雄市,大社區,815,大社,3371.672198051773,18554.397962653733,807164703.2,0.08748538011695907,0.10959064327485381
64000190.0,高雄市,岡山區,820,岡山,3466.0256555799942,17729.224109032937,2505033863.4,0.08748538011695907,0.10959064327485381
64000240.0,高雄市,路竹區,821,路竹,3060.683428838452,15608.455062288436,2011111003.2,0.08748538011695907,0.10959064327485381
64000230.0,高雄市,阿蓮區,822,阿蓮,3131.3234532762813,14884.291984952157,248379005.4,0.08748538011695907,0.10959064327485381
64000220.0,高雄市,田寮區,823,田寮,2610.513164389974,10943.366515722897,25919563.4,0.08748538011695907,0.10959064327485381
64000210.0,高雄市,燕巢區,824,燕巢,3003.4266430648354,15568.780011722998,595137025.2,0.08748538011695907,0.10959064327485381
64000200.0,高雄市,橋頭區,825,橋頭,2881.659326955832,12267.28244062437,447240445.4,0.08748538011695907,0.10959064327485381
64000290.0,高雄市,梓官區,826,梓官,2969.5045804280862,12898.74553104179,182163350.6,0.08748538011695907,0.10959064327485381
64000280.0,高雄市,彌陀區,827,彌陀,2995.5180775471827,12609.398754394922,111629946.6,0.08748538011695907,0.10959064327485381
64000270.0,高雄市,永安區,828,永安,3001.664327031827,14358.959750047721,594976183.8,0.08748538011695907,0.10959064327485381
64000250.0,高雄市,湖內區,829,湖內,3197.1493769823505,14338.65275929682,238427402.8,0.08748538011695907,0.10959064327485381
64000120.0,高雄市,鳳山區,830,鳳山,3388.449526563791,13653.20622698788,1168596638.6,0.08748538011695907,0.10959064327485381
64000140.0,高雄市,大寮區,831,大寮,3207.574397769441,18908.593233791384,1236695199.6,0.08748538011695907,0.10959064327485381
64000130.0,高雄市,林園區,832,林園,2939.87681076174,13179.962636683445,2118359077.6,0.08748538011695907,0.10959064327485381
64000180.0,高雄市,鳥松區,833,鳥松,3493.160592802365,18778.687337065505,365876383.0,0.08748538011695907,0.10959064327485381
64000150.0,高雄市,大樹區,840,大樹,2852.901427109778,15549.612611055743,453759176.4,0.08748538011695907,0.10959064327485381
64000300.0,高雄市,旗山區,842,旗山,2836.527234605618,10839.985712676407,163928314.6,0.08748538011695907,0.10959064327485381
64000310.0,高雄市,美濃區,843,美濃,2630.7905997948938,10993.254169185942,117208155.2,0.08748538011695907,0.10959064327485381
64000320.0,高雄市,六龜區,844,六龜,2459.1760519589106,12393.367772797114,32892840.6,0.08748538011695907,0.10959064327485381
64000350.0,高雄市,內門區,845,內門,2797.995639202312,10874.697213216667,37155090.8,0.08748538011695907,0.10959064327485381
64000340.0,高雄市,杉林區,846,杉林,2288.867315946153,9509.582784327828,22402062.4,0.08748538011695907,0.10959064327485381
64000330.0,高雄市,甲仙區,847,甲仙,2396.3044659915317,13260.836970149254,13977199.2,0.08748538011695907,0.10959064327485381
64000370.0,高雄市,桃源區,848,桃源,3093.5024127277657,10481.285504799856,6445080.6,0.08748538011695907,0.10959064327485381
64000380.0,高雄市,那瑪夏區,849,那瑪夏區,2637.448049320693,12717.00871600253,4093699.2,0.08748538011695907,0.10959064327485381
64000360.0,高雄市,茂林區,851,茂林,3340.807265371114,10856.534268292682,3149395.0,0.08748538011695907,0.10959064327485381
64000260.0,高雄市,茄萣區,852,茄萣,3188.6081059079247,10099.416289936733,119126021.4,0.08748538011695907,0.10959064327485381
10016010.0,澎湖縣,馬公市,880,馬公,4178.267739348023,11196.572592824663,328609674.6,0.08748538011695907,0.10959064327485381
10016040.0,澎湖縣,西嶼鄉,881,西嶼,3690.636412928898,13893.423038978037,20138347.6,0.08748538011695907,0.10959064327485381
10016050.0,澎湖縣,望安鄉,882,望安,3694.219087300199,23192.79209486166,6542249.8,0.08748538011695907,0.10959064327485381
10016060.0,澎湖縣,七美鄉,883,七美,3736.9830148751184,15010.576113655963,7348706.0,0.08748538011695907,0.10959064327485381
10016030.0,澎湖縣,白沙鄉,884,白沙,3574.9944265824,10914.567533342337,28263966.4,0.08748538011695907,0.10959064327485381
10016020.0,澎湖縣,湖西鄉,885,湖西,3305.0221477386976,10647.197225628624,46672241.4,0.08748538011695907,0.10959064327485381
9020020.0,金門縣,金沙鎮,890,金沙,3747.169026902331,10630.725610030679,27279552.2,0.08748538011695907,0.10959064327485381
9020030.0,金門縣,金湖鎮,891,金湖,4504.096785570752,12528.298192993543,101243299.8,0.08748538011695907,0.10959064327485381
9020040.0,金門縣,金寧鄉,892,金寧,3725.0965021349657,15570.108134715938,70383841.0,0.08748538011695907,0.10959064327485381
9020010.0,金門縣,金城鎮,893,金城,4265.797478446175,12235.881652599279,81777482.8,0.08748538011695907,0.10959064327485381
9020050.0,金門縣,烈嶼鄉,894,烈嶼,4416.697758224977,8234.977527539197,13985940.4,0.08748538011695907,0.10959064327485381
9020060.0,金門縣,烏坵鄉,896,烏坵,,,0.0,0.08748538011695907,0.10959064327485381
10013010.0,屏東縣,屏東市,900,屏東,3333.8251589150846,11845.352509399087,1147672674.0,0.08748538011695907,0.10959064327485381
10013260.0,屏東縣,三地門鄉,901,三地門,3310.9847084200933,17215.766875374444,12706291.8,0.08748538011695907,0.10959064327485381
10013270.0,屏東縣,霧臺鄉,902,霧臺,2949.4284679056777,15591.929817946759,3967594.2,0.08748538011695907,0.10959064327485381
10013280.0,屏東縣,瑪家鄉,903,瑪家,3977.3062713783656,11527.404165311653,10680219.8,0.08748538011695907,0.10959064327485381
10013080.0,屏東縣,九如鄉,904,九如,2819.5186147571358,13932.756831244158,129333412.8,0.08748538011695907,0.10959064327485381
10013090.0,屏東縣,里港鄉,905,里港,2808.6660153200874,12923.538562126016,208030376.2,0.08748538011695907,0.10959064327485381
10013110.0,屏東縣,高樹鄉,906,高樹,2531.522976075306,7535.282881046756,115684521.4,0.08748538011695907,0.10959064327485381
10013100.0,屏東縣,鹽埔鄉,907,鹽埔,2853.864493689124,11722.848146082002,146809307.6,0.08748538011695907,0.10959064327485381
10013060.0,屏東縣,長治鄉,908,長治,2979.9251270976715,12384.844773688852,259431690.8,0.08748538011695907,0.10959064327485381
10013070.0,屏東縣,麟洛鄉,909,麟洛,2789.149191193395,11738.152517596143,52596133.4,0.08748538011695907,0.10959064327485381
10013140.0,屏東縣,竹田鄉,911,竹田,2567.142451457547,16400.82416955669,76611549.8,0.08748538011695907,0.10959064327485381
10013130.0,屏東縣,內埔鄉,912,內埔,2827.64207205798,13236.748047568562,340951083.0,0.08748538011695907,0.10959064327485381
10013050.0,屏東縣,萬丹鄉,913,萬丹,2923.7581707589243,13417.587898649072,271239942.2,0.08748538011695907,0.10959064327485381
10013020.0,屏東縣,潮州鎮,920,潮州,3070.2840948317426,11437.307251003713,249969533.6,0.08748538011695907,0.10959064327485381
10013290.0,屏東縣,泰武鄉,921,泰武,3907.3826796944486,13603.614358989274,8864180.0,0.08748538011695907,0.10959064327485381
10013300.0,屏東縣,來義鄉,922,來義,3065.1420422257106,6480.152552694972,11641201.8,0.08748538011695907,0.10959064327485381
10013120.0,屏東縣,萬巒鄉,923,萬巒,2429.851418379226,13670.172518372061,86615870.4,0.08748538011695907,0.10959064327485381
10013180.0,屏東縣,崁頂鄉,924,崁頂,2652.0661877180837,14954.296319933299,52756250.0,0.08748538011695907,0.10959064327485381
10013150.0,屏東縣,新埤鄉,925,新埤,2372.8198584047086,14763.990268204278,60535831.8,0.08748538011695907,0.10959064327485381
10013200.0,屏東縣,南州鄉,926,南州,2352.6996234645326,17680.94715419267,38687963.6,0.08748538011695907,0.10959064327485381
10013190.0,屏東縣,林邊鄉,927,林邊,2559.5373381368468,8711.930454147488,67132974.6,0.08748538011695907,0.10959064327485381
10013030.0,屏東縣,東港鎮,928,東港,3415.669046741167,14894.5952343807,225030034.0,0.08748538011695907,0.10959064327485381
10013220.0,屏東縣,琉球鄉,929,琉球,3751.652962831236,11880.793594020171,37213889.0,0.08748538011695907,0.10959064327485381
10013210.0,屏東縣,佳冬鄉,931,佳冬,2357.298362664431,10326.811488684843,137122361.6,0.08748538011695907,0.10959064327485381
10013170.0,屏東縣,新園鄉,932,新園,2842.927641614354,12951.505526639061,212238183.0,0.08748538011695907,0.10959064327485381
10013160.0,屏東縣,枋寮鄉,940,枋寮,2841.8174673787275,11236.808325964346,438617911.2,0.08748538011695907,0.10959064327485381
10013250.0,屏東縣,枋山鄉,941,枋山,3082.530051735614,18328.35752016008,35227938.0,0.08748538011695907,0.10959064327485381
10013310.0,屏東縣,春日鄉,942,春日,2939.3466620365225,11055.822166026463,7423864.0,0.08748538011695907,0.10959064327485381
10013320.0,屏東縣,獅子鄉,943,獅子,2865.030975772268,13254.050004671246,17662487.6,0.08748538011695907,0.10959064327485381
10013230.0,屏東縣,車城鄉,944,車城,2479.3357147343486,17651.08436568494,63559748.4,0.08748538011695907,0.10959064327485381
10013330.0,屏東縣,牡丹鄉,945,牡丹,2371.2364895649453,11218.411603864733,11529682.0,0.08748538011695907,0.10959064327485381
10013040.0,屏東縣,恆春鎮,946,恆春,3443.59960515242,10844.644045797671,202432477.4,0.08748538011695907,0.10959064327485381
10013240.0,屏東縣,滿州鄉,947,滿州,2519.314584129893,6883.429643429086,24698822.2,0.08748538011695907,0.10959064327485381
10014010.0,臺東縣,臺東市,950,臺東,3705.9514879309245,11402.502115746263,618605628.2,0.08748538011695907,0.10959064327485381
10014110.0,臺東縣,綠島鄉,951,綠島,7013.237419623469,18914.371085707455,15374438.6,0.08748538011695907,0.10959064327485381
10014160.0,臺東縣,蘭嶼鄉,952,蘭嶼,6976.926262155165,35983.97122508062,15922094.4,0.08748538011695907,0.10959064327485381
10014130.0,臺東縣,延平鄉,953,延平,3156.2827278571094,13214.365430746166,5018231.8,0.08748538011695907,0.10959064327485381
10014040.0,臺東縣,卑南鄉,954,卑南,2652.4575887449964,3897.9394287440387,65275792.8,0.08748538011695907,0.10959064327485381
10014050.0,臺東縣,鹿野鄉,955,鹿野,3035.095284018925,13043.604026240337,29318068.6,0.08748538011695907,0.10959064327485381
10014030.0,臺東縣,關山鎮,956,關山,3283.5812328177876,9477.249239243352,36069628.2,0.08748538011695907,0.10959064327485381
10014120.0,臺東縣,海端鄉,957,海端,3463.4416010859654,13390.848440877046,7609910.6,0.08748538011695907,0.10959064327485381
10014060.0,臺東縣,池上鄉,958,池上,3038.4617858141983,11605.370902149625,28936607.6,0.08748538011695907,0.10959064327485381
10014070.0,臺東縣,東河鄉,959,東河,2438.1806491866573,10994.4840635624,20334736.8,0.08748538011695907,0.10959064327485381
10014020.0,臺東縣,成功鎮,961,成功,2782.253554954789,10564.510186655836,41816701.6,0.08748538011695907,0.10959064327485381
10014080.0,臺東縣,長濱鄉,962,長濱,2597.401718986228,9699.26344393332,16117640.0,0.08748538011695907,0.10959064327485381
10014090.0,臺東縣,太麻里鄉,963,太麻里,2788.06855321061,12507.06987636611,35366334.8,0.08748538011695907,0.10959064327485381
10014140.0,臺東縣,金峰鄉,964,金峰,3171.472167216157,12240.935283248555,5130655.0,0.08748538011695907,0.10959064327485381
10014100.0,臺東縣,大武鄉,965,大武,2872.724802168648,12955.27118319169,15637532.2,0.08748538011695907,0.10959064327485381
10014150.0,臺東縣,達仁鄉,966,達仁,2806.1145607713806,14592.066719326336,7551164.4,0.08748538011695907,0.10959064327485381
10015010.0,花蓮縣,花蓮市,970,花蓮,3719.2539601539634,14271.82025110236,673336708.0,0.08748538011695907,0.10959064327485381
10015040.0,花蓮縣,新城鄉,971,新城,3579.818553063748,15747.853658798535,418240137.8,0.08748538011695907,0.10959064327485381
10015110.0,花蓮縣,秀林鄉,972,秀林,4789.655465493616,16402.374866822585,404249721.4,0.08748538011695907,0.10959064327485381
10015050.0,花蓮縣,吉安鄉,973,吉安,3951.6157729417405,13254.529924725124,526108028.2,0.08748538011695907,0.10959064327485381
10015060.0,花蓮縣,壽豐鄉,974,壽豐,2828.734604349239,14858.81816585462,141074031.2,0.08748538011695907,0.10959064327485381
10015020.0,花蓮縣,鳳林鎮,975,鳳林,2951.6128065402468,10662.625924084463,36136319.2,0.08748538011695907,0.10959064327485381
10015070.0,花蓮縣,光復鄉,976,光復,2743.808608932616,9822.125051218554,40069747.2,0.08748538011695907,0.10959064327485381
10015080.0,花蓮縣,豐濱鄉,977,豐濱,2819.6232533481116,17713.426166557947,11502303.6,0.08748538011695907,0.10959064327485381
10015090.0,花蓮縣,瑞穗鄉,978,瑞穗,2881.09282334776,13275.536769077109,42429827.0,0.08748538011695907,0.10959064327485381
10015120.0,花蓮縣,萬榮鄉,979,萬榮,3022.1172019225414,16521.505509433962,7882235.8,0.08748538011695907,0.10959064327485381
10015030.0,花蓮縣,玉里鎮,981,玉里,3154.200186208857,12939.595596256313,93471439.6,0.08748538011695907,0.10959064327485381
10015130.0,花蓮縣,卓溪鄉,982,卓溪,3072.7124098907107,15874.580840670958,6643752.8,0.08748538011695907,0.10959064327485381
10015100.0,花蓮縣,富里鄉,983,富里,2915.8257328670807,12704.90714930383,28083298.6,0.08748538011695907,0.10959064327485381
10018010.0,新竹市,東區,300,新竹市,3993.6988267927527,18623.3125543648,10456997059.4,0.08748538011695907,0.10959064327485381
10018020.0,新竹市,北區,300,新竹市,3993.6988267927527,18623.3125543648,10456997059.4,0.08748538011695907,0.10959064327485381
10018030.0,新竹市,香山區,300,新竹市,3993.6988267927527,18623.3125543648,10456997059.4,0.08748538011695907,0.10959064327485381
10020010.0,嘉義市,東區,600,嘉義市,3287.1655350317014,13240.236857394493,1177845180.6,0.08748538011695907,0.10959064327485381
10020020.0,嘉義市,西區,600,嘉義市,3287.1655350317014,13240.236857394493,1177845180.6,0.08748538011695907,0.10959064327485381
