TOWNCODE,COUNTYNAME,TOWNNAME,median_household_income,gini_index,poverty_family_below_poverty_level_rate,poverty_family_below_poverty_level,tax_household_count
9007010,連江縣,南竿鄉,627.5146067415731,0.41755221353189587,0.018433179723502304,32,5340.0
9007020,連江縣,北竿鄉,532.5090293453725,0.4121026084964676,0.01692047377326565,10,1772.0
9007030,連江縣,莒光鄉,609.9218455743879,0.41144320906766335,0.021352313167259787,6,1062.0
9007040,連江縣,東引鄉,646.5363175675676,0.35225991014025426,0.02197802197802198,4,1184.0
9020010,金門縣,金城鎮,534.9276281233585,0.47058098778736207,0.0055067718410477745,74,26654.0
9020020,金門縣,金沙鎮,493.186231884058,0.4679069102272092,0.009073543457497613,57,12420.0
9020030,金門縣,金湖鎮,543.7852028639618,0.4724277356437049,0.006677411927239235,58,19274.0
9020040,金門縣,金寧鄉,498.5219226018938,0.4748459878607038,0.004593175853018373,49,19432.0
9020050,金門縣,烈嶼鄉,496.1275709450664,0.47221446687155516,0.013727245598328858,46,7682.0
9020060,金門縣,烏坵鄉,591.8658536585366,0.3900823731769686,0.015625,1,410.0
10002010,宜蘭縣,宜蘭市,442.119294889314,0.4864653711669379,0.010755393420969872,342,51226.0
10002020,宜蘭縣,羅東鎮,426.95906744025126,0.48562126214331075,0.013483909956186734,357,37574.0
10002030,宜蘭縣,蘇澳鎮,381.9963556046383,0.45817277065152573,0.022254127781765973,279,18110.0
10002040,宜蘭縣,頭城鎮,359.7094191790155,0.4901001102991723,0.015302935665209244,147,11742.0
10002050,宜蘭縣,礁溪鄉,391.8618541380887,0.49017801300243835,0.018880762034359583,222,17496.0
10002060,宜蘭縣,壯圍鄉,386.53863076381555,0.47657238033357674,0.01720514841082217,131,11364.0
10002070,宜蘭縣,員山鄉,376.83010277091194,0.5102975953370951,0.015573851800416625,157,15374.0
10002080,宜蘭縣,冬山鄉,401.82552101606905,0.5023906093943136,0.01373867290266004,235,28502.0
10002090,宜蘭縣,五結鄉,396.93817836468884,0.48897611350267167,0.015184225676453656,211,22112.0
10002100,宜蘭縣,三星鄉,386.4887720008092,0.508841419597889,0.03412518853695324,181,9886.0
10002110,宜蘭縣,大同鄉,383.98216560509553,0.45889462897506655,0.054820415879017016,116,1570.0
10002120,宜蘭縣,南澳鄉,376.8988764044944,0.46772783972227583,0.09975816203143893,165,2136.0
10004010,新竹縣,竹北市,954.0316268649602,0.5812213604708878,0.004288254366698044,287,125874.0
10004020,新竹縣,竹東鎮,506.70840423684666,0.5393792534875003,0.012131660441209335,380,57590.0
10004030,新竹縣,新埔鎮,439.1786262667622,0.5415275487158271,0.010809665112335736,102,19538.0
10004040,新竹縣,關西鎮,396.6538408112238,0.4984573052075368,0.015372983870967742,122,14398.0
10004050,新竹縣,湖口鄉,434.71409580080183,0.459772017902823,0.011572338830584708,247,47390.0
10004060,新竹縣,新豐鄉,460.1913263802958,0.48433159249190877,0.008808749630505468,149,33942.0
10004070,新竹縣,芎林鄉,460.7459314404432,0.5994352720947834,0.013848631239935587,86,11552.0
10004080,新竹縣,橫山鄉,385.63305941845766,0.46225380563333435,0.022953328232593728,90,6328.0
10004090,新竹縣,北埔鄉,397.6617050067659,0.49513216341057004,0.017711654268508677,50,4434.0
10004100,新竹縣,寶山鄉,533.3250606662255,0.6601624833576636,0.009480812641083521,42,9066.0
10004110,新竹縣,峨眉鄉,385.63401253918494,0.46897334094855425,0.019988895058300944,36,2552.0
10004120,新竹縣,尖石鄉,355.48516075845015,0.46051031762809624,0.05399129172714078,186,2426.0
10004130,新竹縣,五峰鄉,354.9652406417112,0.40810755528348885,0.05740645822655049,112,1122.0
10005010,苗栗縣,苗栗市,457.61280843776757,0.4983001649882639,0.014091495484767291,426,51388.0
10005020,苗栗縣,苑裡鎮,352.1032964158019,0.49329693251660117,0.01785441782389745,234,22934.0
10005030,苗栗縣,通霄鎮,357.62080111547726,0.4624599425576865,0.017719298245614034,202,15778.0
10005040,苗栗縣,竹南鎮,484.32341506601483,0.4873257004948581,0.0116710096524388,318,51958.0
10005050,苗栗縣,頭份市,464.06700003215747,0.4880477185870581,0.013726331270298426,448,62194.0
10005060,苗栗縣,後龍鎮,389.32264310783006,0.4647282656850585,0.019017279660198862,197,16526.0
10005070,苗栗縣,卓蘭鎮,372.4801455989411,0.4674509400177645,0.02264868603042877,131,6044.0
10005080,苗栗縣,大湖鄉,374.9486887115165,0.4735122208661915,0.023726176584986387,122,5262.0
10005090,苗栗縣,公館鄉,407.41647531572903,0.46105544427477346,0.016918807626891057,189,17420.0
10005100,苗栗縣,銅鑼鄉,393.1682596132474,0.4511487667764275,0.025974025974025976,136,8998.0
10005110,苗栗縣,南庄鄉,359.06410256410254,0.523657005317054,0.04117315284827975,146,3588.0
10005120,苗栗縣,頭屋鄉,391.44702228717574,0.5368173239112687,0.02119285498032092,70,5474.0
10005130,苗栗縣,三義鄉,375.16864428174705,0.475346638178363,0.018602810211755392,94,7922.0
10005140,苗栗縣,西湖鄉,389.6029678982435,0.44493323085388653,0.02630405706642889,59,3302.0
10005150,苗栗縣,造橋鄉,383.7405508350425,0.43755321233511973,0.02012072434607646,70,6826.0
10005160,苗栗縣,三灣鄉,357.309585492228,0.4691384597583941,0.023380418899171942,48,3088.0
10005170,苗栗縣,獅潭鄉,386.3204633204633,0.4406822885312765,0.03189493433395872,51,1554.0
10005180,苗栗縣,泰安鄉,396.8265306122449,0.41690705750838236,0.039850560398505604,96,1568.0
10007010,彰化縣,彰化市,417.9301077752117,0.523255724924754,0.01341873365888749,970,129900.0
10007020,彰化縣,鹿港鎮,359.2490832416575,0.5215681710544582,0.019750341997264022,462,43632.0
10007030,彰化縣,和美鎮,367.76135405372844,0.5067888632308353,0.01941980340445936,486,49806.0
10007040,彰化縣,線西鄉,339.2089235127479,0.5108270276475998,0.026679148139480458,114,8472.0
10007050,彰化縣,伸港鄉,347.50611491829204,0.48024385153687305,0.02165410664886006,227,18970.0
10007060,彰化縣,福興鄉,335.6261288908374,0.5180458773211974,0.018179075205551783,241,22810.0
10007070,彰化縣,秀水鄉,363.5186344517265,0.5188765131559623,0.013236088600756347,147,20446.0
10007080,彰化縣,花壇鄉,367.79745292535307,0.5177697740768135,0.01845772233165536,253,23792.0
10007090,彰化縣,芬園鄉,341.81678115799804,0.4755639249752989,0.027622641509433964,183,10190.0
10007100,彰化縣,員林市,421.0123677636246,0.5116325830369971,0.016406450558939533,703,64846.0
10007110,彰化縣,溪湖鎮,385.58397282174263,0.4846323343048175,0.012960476385077939,222,25020.0
10007120,彰化縣,田中鎮,389.3887810140237,0.4744699709913031,0.02558051008755234,336,18540.0
10007130,彰化縣,大村鄉,366.6873450468902,0.5671131377808106,0.015810276679841896,160,18554.0
10007140,彰化縣,埔鹽鄉,345.4090087585152,0.4996035187239523,0.019078947368421053,174,14386.0
10007150,彰化縣,埔心鄉,358.73974514563105,0.4785666101642975,0.02247817202303548,242,16480.0
10007160,彰化縣,永靖鄉,360.2792191746973,0.480879668518446,0.017181818181818184,189,16188.0
10007170,彰化縣,社頭鄉,365.25608503645884,0.545760318805614,0.017037822552138565,241,19474.0
10007180,彰化縣,二水鄉,362.4638593094547,0.4634451506402045,0.03605818479819709,176,6198.0
10007190,彰化縣,北斗鎮,386.36386268343813,0.5175521737827808,0.016912926307963944,182,15264.0
10007200,彰化縣,二林鎮,392.4415625,0.4834926117054848,0.023842730955701667,359,19200.0
10007210,彰化縣,田尾鄉,366.7964699393271,0.4882971447713925,0.026706231454005934,216,10878.0
10007220,彰化縣,埤頭鄉,366.5339790153349,0.4994727834741119,0.02372845286231113,223,12390.0
10007230,彰化縣,芳苑鄉,346.411100099108,0.4719389436331253,0.01583459404942007,157,10090.0
10007240,彰化縣,大城鄉,368.89555745407944,0.46188486671356455,0.0297785222408338,160,4682.0
10007250,彰化縣,竹塘鄉,387.2667614790735,0.46211982645061456,0.02516411378555799,138,4922.0
10007260,彰化縣,溪州鄉,367.6558681969641,0.5033178960044938,0.03237489025460931,295,10804.0
10008010,南投縣,南投市,410.0446181464582,0.4877041274470112,0.012595754988342872,416,53476.0
10008020,南投縣,埔里鎮,359.60366485366484,0.49639038848932276,0.020361079576665324,556,30888.0
10008030,南投縣,草屯鎮,399.90780214385074,0.4891966764090343,0.00892405628104828,300,48884.0
10008040,南投縣,竹山鎮,377.5539979231568,0.4865690213967373,0.015100247462249382,299,21186.0
10008050,南投縣,集集鎮,409.7644724556489,0.47738496082666093,0.0166542381307482,67,4284.0
10008060,南投縣,名間鄉,363.9798176210272,0.4612509152771325,0.01492306502744916,193,14914.0
10008070,南投縣,鹿谷鄉,384.1844130853111,0.5091766997390749,0.005107252298263534,40,6236.0
10008080,南投縣,中寮鄉,325.8716320246343,0.4741541862206576,0.024836381943279074,148,5196.0
10008090,南投縣,魚池鄉,326.29223300970875,0.49864427175415327,0.016488845780795344,102,5150.0
10008100,南投縣,國姓鄉,328.85538516405137,0.4609828126790843,0.02458249832999332,184,5608.0
10008110,南投縣,水里鄉,366.6138119768191,0.49425085556468784,0.021249028245659496,164,6212.0
10008120,南投縣,信義鄉,415.9294585196225,0.42953559374775063,0.032749304077288356,200,4026.0
10008130,南投縣,仁愛鄉,385.473831300813,0.4413029105223711,0.040154015401540157,219,3936.0
10009010,雲林縣,斗六市,442.2395600558659,0.510143564758309,0.01888353253273241,662,57280.0
10009020,雲林縣,斗南鎮,410.1402270342459,0.4936123312519868,0.01799553395507684,274,20966.0
10009030,雲林縣,虎尾鎮,482.85784908407135,0.45391686142817905,0.02308587386548755,496,32972.0
10009040,雲林縣,西螺鎮,413.4287186325615,0.45775644031495444,0.01755312128810875,266,16498.0
10009050,雲林縣,土庫鎮,414.79214218896163,0.46100338149407943,0.021903405979629833,200,10690.0
10009060,雲林縣,北港鎮,431.7573642493789,0.46959653693727527,0.020337682271680736,318,16906.0
10009070,雲林縣,古坑鄉,368.68104426787744,0.48378332542707253,0.03137918075911311,334,12334.0
10009080,雲林縣,大埤鄉,362.71560283687944,0.48445047848298545,0.024081878386514148,160,7050.0
10009090,雲林縣,莿桐鄉,382.60330021889206,0.46701425959016996,0.021815304623036057,193,11878.0
10009100,雲林縣,林內鄉,355.7321860715246,0.44873443531629953,0.030227596017069702,170,7438.0
10009110,雲林縣,二崙鄉,399.6371027346637,0.4795406600117094,0.022153406383992377,186,8118.0
10009120,雲林縣,崙背鄉,425.5134658947898,0.47073671386343985,0.016246762420532142,138,7946.0
10009130,雲林縣,麥寮鄉,480.56667009884677,0.47139961944537134,0.01781021897810219,305,19424.0
10009140,雲林縣,東勢鄉,441.35065761561304,0.4231509428804527,0.026818515797207936,146,4714.0
10009150,雲林縣,褒忠鄉,407.4680475980608,0.46402689192370555,0.025967780716518393,108,4538.0
10009160,雲林縣,臺西鄉,432.3329920655234,0.44214358671228066,0.03203097500879972,273,7814.0
10009170,雲林縣,元長鄉,398.1598690835851,0.49691940347075464,0.02018369429640549,178,7944.0
10009180,雲林縣,四湖鄉,400.84335002782416,0.43419309452829324,0.03394751535455053,304,7188.0
10009190,雲林縣,口湖鄉,386.98108243547983,0.4633470757263807,0.04579025110782865,465,7982.0
10009200,雲林縣,水林鄉,383.3480512401199,0.45717907601811114,0.041079685987740616,382,7338.0
10010010,嘉義縣,太保市,468.9346665151687,0.47122654604668623,0.012191450933172787,162,17602.0
10010020,嘉義縣,朴子市,461.1986791414419,0.4819986527809743,0.01315363182790125,203,18170.0
10010030,嘉義縣,布袋鎮,401.34119356280735,0.45349299972526114,0.013755290496344748,143,8948.0
10010040,嘉義縣,大林鎮,401.7306351972121,0.48026306898315624,0.01342882721575649,120,12626.0
10010050,嘉義縣,民雄鄉,412.25303048487757,0.4697991885103115,0.007866397442369173,187,33328.0
10010060,嘉義縣,溪口鄉,359.67172944511947,0.483899856858563,0.014571948998178506,64,4938.0
10010070,嘉義縣,新港鄉,427.57011284434117,0.45588799940415703,0.009357941252924357,108,12052.0
10010080,嘉義縣,六腳鄉,398.98001025115326,0.4569380306135425,0.016633477802506735,142,7804.0
10010090,嘉義縣,東石鄉,360.71969460891245,0.45215152748870324,0.015350434255705918,152,6418.0
10010100,嘉義縣,義竹鄉,390.50932545850173,0.46003322427440496,0.011816838995568686,80,6434.0
10010110,嘉義縣,鹿草鄉,395.99925345278086,0.4486675292418491,0.015724008448720957,67,5358.0
10010120,嘉義縣,水上鄉,389.4423767239751,0.45919367269673494,0.013527575442247659,221,21172.0
10010130,嘉義縣,中埔鄉,384.69155805333014,0.46957458576239824,0.01360231305033513,207,16726.0
10010140,嘉義縣,竹崎鄉,371.6038672142368,0.4756421544925749,0.011716325263811297,151,11688.0
10010150,嘉義縣,梅山鄉,395.2654972752044,0.4569186181284647,0.009600667872547656,69,5872.0
10010160,嘉義縣,番路鄉,371.52806414662086,0.47379993448537905,0.01297016861219196,50,3492.0
10010170,嘉義縣,大埔鄉,350.5908469945355,0.45009414264763425,0.016666666666666666,40,1464.0
10010180,嘉義縣,阿里山鄉,370.91551459293396,0.46304758202864355,0.034447821681864235,68,1302.0
10013010,屏東縣,屏東市,437.36617606165333,0.4759421765596901,0.024004460486545177,1636,100692.0
10013020,屏東縣,潮州鎮,418.7719163706813,0.47754784104188175,0.017733631494097457,341,24776.0
10013030,屏東縣,東港鎮,400.0922223442821,0.47800048705200165,0.01929998758843242,311,18206.0
10013040,屏東縣,恆春鎮,356.0000985027581,0.5850391265700077,0.043146306818181816,486,10152.0
10013050,屏東縣,萬丹鄉,406.2674293536717,0.4848420248638801,0.022280388151174668,349,20454.0
10013060,屏東縣,長治鄉,417.8323643410853,0.45754112737264907,0.027181105568563575,267,13416.0
10013070,屏東縣,麟洛鄉,424.0579954954955,0.4532905059640281,0.019760790431617263,76,5328.0
10013080,屏東縣,九如鄉,393.58530405405406,0.45322897236906157,0.029922371206774878,212,8288.0
10013090,屏東縣,里港鄉,397.5237603305785,0.4818609788302519,0.015193536717713734,126,9680.0
10013100,屏東縣,鹽埔鄉,380.3008385744235,0.46633873540497917,0.040132013201320135,304,8586.0
10013110,屏東縣,高樹鄉,359.47598054119794,0.4757671652528318,0.02974628171478565,272,6578.0
10013120,屏東縣,萬巒鄉,398.71761363636364,0.48364718494945674,0.040259946108733555,254,7040.0
10013130,屏東縣,內埔鄉,394.58006844996845,0.4522288571937031,0.035085054678007294,693,22206.0
10013140,屏東縣,竹田鄉,386.866922395987,0.4571824335046154,0.032936078006500544,152,6778.0
10013150,屏東縣,新埤鄉,373.6662125340599,0.43827785898121446,0.041288433382137626,141,2936.0
10013160,屏東縣,枋寮鄉,390.43893805309733,0.4409440024265798,0.0374837412794135,317,7910.0
10013170,屏東縣,新園鄉,381.6647248198682,0.4525950227449098,0.02262883408468134,256,13046.0
10013180,屏東縣,崁頂鄉,386.17871939736347,0.4626247124879377,0.019898556379243076,102,5310.0
10013190,屏東縣,林邊鄉,402.13489499192247,0.4979402041955087,0.025445705024311184,157,6190.0
10013200,屏東縣,南州鄉,405.1751317680882,0.4589360813189065,0.02752019144481005,92,4174.0
10013210,屏東縣,佳冬鄉,366.41387170302835,0.4524845193360704,0.04118961184026808,295,6142.0
10013220,屏東縣,琉球鄉,389.4903518728717,0.45025370993247127,0.018217821782178217,92,3524.0
10013230,屏東縣,車城鄉,327.25763665594855,0.44871611304406556,0.05501528202278411,198,2488.0
10013240,屏東縣,滿州鄉,338.46805555555557,0.4540420642229126,0.04741379310344827,154,2160.0
10013250,屏東縣,枋山鄉,368.6894409937888,0.4326133416503887,0.0864338866628506,151,1288.0
10013260,屏東縣,三地門鄉,392.589552238806,0.4053100701550797,0.07028404952658412,193,2144.0
10013270,屏東縣,霧臺鄉,424.8074074074074,0.369859298524872,0.05003849114703618,65,1080.0
10013280,屏東縣,瑪家鄉,427.76847729296526,0.39804273300387494,0.05312767780634105,124,2246.0
10013290,屏東縣,泰武鄉,429.7969151670951,0.3966829627294257,0.053206997084548104,73,1556.0
10013300,屏東縣,來義鄉,402.52806563039724,0.43230341706745645,0.06872852233676977,160,2316.0
10013310,屏東縣,春日鄉,439.62939297124603,0.3933776192996986,0.08421797593772117,119,1252.0
10013320,屏東縣,獅子鄉,418.97275405007366,0.3816588911880993,0.0445996775926921,83,1358.0
10013330,屏東縣,牡丹鄉,416.3092024539877,0.4116572343944732,0.060153776571687016,133,1630.0
10014010,臺東縣,臺東市,435.43482150287093,0.4548872204715635,0.03859233305853257,1498,48068.0
10014020,臺東縣,成功鎮,352.3969147894221,0.5542619263485785,0.04257493188010899,250,4084.0
10014030,臺東縣,關山鎮,391.35940468651046,0.4473439081474553,0.036229560756652776,113,3158.0
10014040,臺東縣,卑南鄉,366.61611972592857,0.4763748998627473,0.05030245144858325,316,5546.0
10014050,臺東縣,鹿野鄉,367.4309605488851,0.49256599404242535,0.046869654464591175,137,2332.0
10014060,臺東縣,池上鄉,363.7729430379747,0.4571060116300029,0.041025641025641026,144,2528.0
10014070,臺東縣,東河鄉,344.7551498127341,0.57379893941869,0.05372923294450336,152,2136.0
10014080,臺東縣,長濱鄉,330.3154885654886,0.46226832217507485,0.04510800508259212,142,1924.0
10014090,臺東縣,太麻里鄉,384.6640328697851,0.4325262610337922,0.04631578947368421,220,3164.0
10014100,臺東縣,大武鄉,372.11913145539904,0.4324486944044272,0.059930849020361124,156,1704.0
10014110,臺東縣,綠島鄉,468.752427184466,0.4569786597638951,0.01565217391304348,18,1854.0
10014120,臺東縣,海端鄉,401.6547619047619,0.3660496572734318,0.07967836257309942,109,1344.0
10014130,臺東縣,延平鄉,396.0623973727422,0.38859766182198685,0.0857843137254902,105,1218.0
10014140,臺東縣,金峰鄉,427.8953287197232,0.3771289875630735,0.07380373073803731,91,1156.0
10014150,臺東縣,達仁鄉,421.1030245746692,0.38653329319909346,0.04812129202373105,73,1058.0
10014160,臺東縣,蘭嶼鄉,400.15011547344113,0.44382984400727366,0.05523809523809524,116,1732.0
10015010,花蓮縣,花蓮市,427.01458069190363,0.4892602412212958,0.023064170079968794,946,55210.0
10015020,花蓮縣,鳳林鎮,369.0903837263061,0.45229909945735136,0.03614992237746729,163,4326.0
10015030,花蓮縣,玉里鎮,372.9308219178082,0.4813115617373469,0.054785732614831925,427,8760.0
10015040,花蓮縣,新城鄉,418.1681316434996,0.455782066682535,0.05356831268539522,307,9784.0
10015050,花蓮縣,吉安鄉,410.7636683910096,0.4717694211368613,0.019045064377682403,568,44848.0
10015060,花蓮縣,壽豐鄉,357.8055796472969,0.48822240725872634,0.04484052532833021,239,6918.0
10015070,花蓮縣,光復鄉,351.7818984547461,0.4461427174870222,0.038803556992724336,192,4530.0
10015080,花蓮縣,豐濱鄉,321.3654135338346,0.45064529377369766,0.035191956124314444,77,1330.0
10015090,花蓮縣,瑞穗鄉,350.9359658484525,0.49185685805427726,0.0367561260210035,189,3748.0
10015100,花蓮縣,富里鄉,331.01119157340355,0.455208552789365,0.044977511244377814,180,3038.0
10015110,花蓮縣,秀林鄉,363.0037676609105,0.41890725458057215,0.08901691135476678,479,6370.0
10015120,花蓮縣,萬榮鄉,332.4623966942149,0.403554116522738,0.09021543985637342,201,2420.0
10015130,花蓮縣,卓溪鄉,377.77107279693485,0.3653927982172251,0.08228980322003578,184,2088.0
10016010,澎湖縣,馬公市,548.4214659685864,0.44064349406762815,0.017068134893324156,372,35144.0
10016020,澎湖縣,湖西鄉,495.9646859525671,0.40737797453725577,0.02574120891749023,112,7674.0
10016030,澎湖縣,白沙鄉,472.35526315789474,0.42459796351664025,0.023359580052493438,89,3952.0
10016040,澎湖縣,西嶼鄉,471.74727891156465,0.44736840700552605,0.032327586206896554,90,2940.0
10016050,澎湖縣,望安鄉,489.4533613445378,0.42600941726851427,0.01887705711519845,39,2380.0
10016060,澎湖縣,七美鄉,520.7978723404256,0.4830568242277053,0.021517553793884484,38,1598.0
10017010,基隆市,中正區,388.4320865445804,0.4782945226891904,0.024562513177313935,466,28286.0
10017020,基隆市,七堵區,388.6137595129376,0.4932053395405221,0.016870624968524952,335,32850.0
10017030,基隆市,暖暖區,396.55033869602033,0.49454643653708635,0.018885741265344664,280,23620.0
10017040,基隆市,仁愛區,421.25133409150556,0.47732706896436633,0.01904761904761905,326,22862.0
10017050,基隆市,中山區,386.2462772934187,0.4676199382207819,0.024847501259163914,444,25922.0
10017060,基隆市,安樂區,440.7158140824979,0.4888480693917647,0.014402899656619611,453,50474.0
10017070,基隆市,信義區,426.10094904189083,0.47891758431763903,0.011933780215315864,235,33086.0
10018010,新竹市,東區,803.021188395874,0.5559879995240534,0.008961400086978296,680,134366.0
10018020,新竹市,北區,512.0190894604045,0.5571394879664294,0.016190023752969122,852,90364.0
10018030,新竹市,香山區,482.291384563304,0.5262819952202887,0.017768837482189256,424,47264.0
10020010,嘉義市,東區,469.484567612271,0.5075344040688115,0.01053340283207367,485,64086.0
10020020,嘉義市,西區,441.5414555121708,0.4933751634070975,0.019010354183200753,1030,72222.0
63000010,臺北市,松山區,634.4824213700991,0.6136009034301816,0.010863851410548448,806,139260.0
63000020,臺北市,信義區,549.0519476966846,0.6237303554953044,0.01805090379959608,1439,146224.0
63000030,臺北市,大安區,697.170567302442,0.6396383320133147,0.011388973697114361,1231,212444.0
63000040,臺北市,中山區,569.2835157662181,0.6313704323683865,0.015233378358096954,1421,159328.0
63000050,臺北市,中正區,665.1882415050874,0.5977182883411524,0.017233302101458976,1030,104180.0
63000060,臺北市,大同區,486.6561255534394,0.5905929352630485,0.03699585785916721,1697,80858.0
63000070,臺北市,萬華區,441.9362439105711,0.5414800284233829,0.05464600259438793,4002,107974.0
63000080,臺北市,文山區,577.1238040566399,0.5675426223806396,0.026898409024540607,2487,177684.0
63000090,臺北市,南港區,525.398647793168,0.5824193994154427,0.02861956972967693,1172,78982.0
63000100,臺北市,內湖區,598.3883535453976,0.581533551234603,0.01371353493050851,1336,195098.0
63000110,臺北市,士林區,529.785744933659,0.6310163585695262,0.026579182692825668,2467,181788.0
63000120,臺北市,北投區,531.5390129549661,0.5791113776304856,0.02886748779698013,2407,162100.0
64000010,高雄市,鹽埕區,389.3562874251497,0.5419776064525827,0.03056640625,313,12692.0
64000020,高雄市,鼓山區,533.5247492801112,0.5364433868433219,0.013433055239075306,731,80568.0
64000030,高雄市,左營區,514.3166707968987,0.5066805863443761,0.014065875920455046,957,112988.0
64000040,高雄市,楠梓區,469.1099258056181,0.47771723000048866,0.01665671550391157,1088,108364.0
64000050,高雄市,三民區,461.98162595813136,0.5070690467984247,0.014246529798021776,1714,190214.0
64000060,高雄市,新興區,484.8343336160219,0.5535572544891224,0.017173833819241983,377,30658.0
64000070,高雄市,前金區,489.0824005715647,0.5547897806379269,0.018643788153770005,226,16796.0
64000080,高雄市,苓雅區,467.78783287987466,0.5335205695235626,0.01513879822189064,974,97032.0
64000090,高雄市,前鎮區,447.4342115744613,0.5004090254141641,0.020167090446785326,1388,100428.0
64000100,高雄市,旗津區,359.01551597502754,0.4632939130320196,0.044442204978333164,441,10892.0
64000110,高雄市,小港區,434.86791967646167,0.4527491278072769,0.015116678105696637,881,85554.0
64000120,高雄市,鳳山區,441.66445660094627,0.4793249838139128,0.011597522420801342,1438,194866.0
64000130,高雄市,林園區,404.964386693136,0.44347692402432637,0.030010852324901912,719,33246.0
64000140,高雄市,大寮區,373.5556445902128,0.506406425326547,0.021041005108380504,762,53662.0
64000150,高雄市,大樹區,375.3950501598501,0.48272068746297264,0.020196094862985,241,18142.0
64000160,高雄市,大社區,391.3448197943735,0.483270616442117,0.019237716763005782,213,17702.0
64000170,高雄市,仁武區,449.8209093416335,0.4827115428053895,0.011561096214785667,332,50762.0
64000180,高雄市,鳥松區,519.4324445775914,0.5544366702168537,0.012461835628388061,200,26704.0
64000190,高雄市,岡山區,411.60448172074587,0.4908697115561937,0.009384396788157156,284,54488.0
64000200,高雄市,橋頭區,439.89354553492484,0.4883357443421599,0.012629957643434732,164,22620.0
64000210,高雄市,燕巢區,370.7442409923213,0.480749664397582,0.0248202902482029,183,13544.0
64000220,高雄市,田寮區,344.11479591836735,0.4515543426152416,0.021852237252861603,63,2352.0
64000230,高雄市,阿蓮區,359.56930161166537,0.5046739635934674,0.015120604824192968,126,13030.0
64000240,高雄市,路竹區,397.75609220636665,0.5054972818896534,0.0200445434298441,288,27330.0
64000250,高雄市,湖內區,359.0512118842846,0.48744432227793466,0.01436335403726708,148,15348.0
64000260,高雄市,茄萣區,334.695434298441,0.46601555014799617,0.02983879042755582,298,12572.0
64000270,高雄市,永安區,352.6063328424153,0.45268047679111706,0.017978052766752278,77,6790.0
64000280,高雄市,彌陀區,348.7038247397725,0.4766419859830567,0.010183968462549276,62,8262.0
64000290,高雄市,梓官區,371.1176401869159,0.4701637965781388,0.007838654364334122,96,17120.0
64000300,高雄市,旗山區,378.75153725153723,0.4744561164515991,0.018731754784301006,231,13986.0
64000310,高雄市,美濃區,398.9742332135949,0.44859949151422795,0.015928515928515928,246,14476.0
64000320,高雄市,六龜區,350.3759004584152,0.5147938609691269,0.04937813254130314,266,3054.0
64000330,高雄市,甲仙區,336.6552795031056,0.42911165247861566,0.023819651212250107,56,1610.0
64000340,高雄市,杉林區,340.12589459986987,0.45733053399512635,0.033478893740902474,161,3074.0
64000350,高雄市,內門區,335.6568247821878,0.45182461062242807,0.0323522257358307,133,4132.0
64000360,高雄市,茂林區,473.3611111111111,0.48872391895525263,0.09530026109660575,73,648.0
64000370,高雄市,桃源區,424.4125412541254,0.39386242194200816,0.04187192118226601,68,1212.0
64000380,高雄市,那瑪夏區,463.71393643031786,0.3736061725861932,0.06896551724137931,70,818.0
65000010,新北市,板橋區,472.72383706858994,0.5232837258628336,0.007074145792991442,1359,330544.0
65000020,新北市,三重區,410.1821427928981,0.5255084952192751,0.01807916173147213,2488,222364.0
65000030,新北市,中和區,463.7145968463652,0.518835508649813,0.012567218862646995,1914,252534.0
65000040,新北市,永和區,517.8437598940794,0.5678481598912403,0.011164973746903556,942,138972.0
65000050,新北市,新莊區,433.846155053728,0.5017566838079641,0.011548507992390903,1627,254802.0
65000060,新北市,新店區,488.63195507131053,0.5821796511223,0.011279232158265063,1268,196044.0
65000070,新北市,樹林區,415.3960601786554,0.502098802357943,0.012784735061220218,733,106350.0
65000080,新北市,鶯歌區,382.3787133742431,0.48641856789512744,0.021522668947818648,629,49214.0
65000090,新北市,三峽區,438.0335304763752,0.5185469933781655,0.019868042464530212,801,61884.0
65000100,新北市,淡水區,464.88189111061695,0.5709903918282475,0.013096448196107894,889,116926.0
65000110,新北市,汐止區,458.83743465789127,0.5197649717776484,0.01172517921025069,862,137354.0
65000120,新北市,瑞芳區,345.9758570234114,0.47402495597246364,0.03865602129075183,581,19136.0
65000130,新北市,土城區,411.023232644103,0.4980619942341657,0.014753330557868443,1134,138512.0
65000140,新北市,蘆洲區,411.9217147533562,0.505880712241775,0.017853861701476084,1166,114862.0
65000150,新北市,五股區,389.85900390625,0.6780290574154371,0.018676860141501526,557,51200.0
65000160,新北市,泰山區,441.98096097644833,0.4858650850622019,0.007307648161609978,191,46536.0
65000170,新北市,林口區,593.7730605892749,0.5410781379460412,0.00824804195642631,357,75822.0
65000180,新北市,深坑區,414.326881874018,0.5425589253450902,0.013080684596577017,107,14002.0
65000190,新北市,石碇區,352.0077380952381,0.5050017173998844,0.0288659793814433,84,3360.0
65000200,新北市,坪林區,371.07790858725764,0.5166979578772003,0.013427825438269302,36,2888.0
65000210,新北市,三芝區,318.65712019739163,0.5024528406885242,0.02383804504072832,199,11348.0
65000220,新北市,石門區,322.7617335352006,0.540552289560015,0.012630662020905924,58,5284.0
65000230,新北市,八里區,377.11437969054015,0.5192472530001806,0.020759417226541857,275,21586.0
65000240,新北市,平溪區,335.97241379310344,0.4783834750015134,0.03887884267631103,86,1740.0
65000250,新北市,雙溪區,358.8835242771413,0.5491903982583181,0.029618082618862042,114,3666.0
65000260,新北市,貢寮區,336.1758078231293,0.4863213387770528,0.025870849460175187,127,4704.0
65000270,新北市,金山區,336.50313194584766,0.5235906479891487,0.023386581469648563,183,9898.0
65000280,新北市,萬里區,339.56073752711495,0.5062010394082307,0.05300490069641475,411,9220.0
65000290,新北市,烏來區,411.508412582297,0.44535814220843156,0.04782608695652174,99,2734.0
66000010,臺中市,中區,403.2516033547114,0.60307245411274,0.03963605940179879,379,8108.0
66000020,臺中市,東區,396.1297167523523,0.5013015524227882,0.03951944356623459,1000,41236.0
66000030,臺中市,南區,470.31651699472667,0.4931174782504822,0.021481023951684854,939,76612.0
66000040,臺中市,西區,495.6964760638298,0.6199756891006197,0.01906310382204628,809,69184.0
66000050,臺中市,北區,437.67102937259364,0.5772535143497671,0.029176495627959775,1645,82594.0
66000060,臺中市,西屯區,530.6232038318254,0.5632834983171771,0.009334179148919644,721,139046.0
66000070,臺中市,南屯區,550.2658707210148,0.5564250019197039,0.0113040109870761,642,107210.0
66000080,臺中市,北屯區,473.4335405153754,0.5195222032914961,0.023364014371644263,2315,165394.0
66000090,臺中市,豐原區,381.8981753014011,0.5218937709573033,0.01927697783237882,1067,92070.0
66000100,臺中市,東勢區,358.7848983003622,0.47541742900672695,0.019931662870159454,350,21534.0
66000110,臺中市,大甲區,377.5113441564989,0.5414011297356546,0.017065276785338993,406,39668.0
66000120,臺中市,清水區,389.731137133788,0.49017899241732066,0.021306766534559866,586,46626.0
66000130,臺中市,沙鹿區,448.03396940607195,0.5140295656711145,0.018314402849653875,545,51252.0
66000140,臺中市,梧棲區,410.1812677622637,0.49657163453757386,0.02632937532266391,459,32372.0
66000150,臺中市,后里區,380.09432017711276,0.48004081105308427,0.03179860881086453,480,26198.0
66000160,臺中市,神岡區,348.22904438999376,0.5244887298718679,0.017687311528647647,305,35098.0
66000170,臺中市,潭子區,388.09617046738913,0.5033416621573843,0.018102643856920685,582,60164.0
66000180,臺中市,大雅區,395.8028557017033,0.5769290417110289,0.020372334589078674,557,51546.0
66000190,臺中市,新社區,359.76016929226427,0.4940132314600319,0.036309692003390785,257,8506.0
66000200,臺中市,石岡區,355.75627137970355,0.5013296421591686,0.026204564666103127,124,7016.0
66000210,臺中市,外埔區,379.8129477993859,0.47257471648681537,0.03193527783691718,300,15632.0
66000220,臺中市,大安區,353.46318668794163,0.4935689503603134,0.026908396946564887,141,8774.0
66000230,臺中市,烏日區,413.78583413231064,0.5128560736838422,0.016579251489021247,373,41720.0
66000240,臺中市,大肚區,375.47616060225846,0.4928474960357284,0.03121185701830863,537,30286.0
66000250,臺中市,龍井區,396.40034179230264,0.525244087805413,0.019437988590745827,460,42716.0
66000260,臺中市,霧峰區,358.9411930395593,0.5278234367875545,0.021077535218840735,392,31952.0
66000270,臺中市,太平區,383.46277895085495,0.4951748427402891,0.02924763655462185,1782,96612.0
66000280,臺中市,大里區,391.6891205963262,0.5061598802557068,0.02569107644258923,1711,112690.0
66000290,臺中市,和平區,359.6731004901961,0.44739834983593496,0.0574468085106383,270,3264.0
67000010,臺南市,新營區,468.4691993201341,0.47546285635074187,0.011663690589263326,307,43538.0
67000020,臺南市,鹽水區,383.90565703138856,0.5069482091650643,0.0244,244,11278.0
67000030,臺南市,白河區,375.0552308002419,0.4828449289141572,0.01724308790010901,174,9922.0
67000040,臺南市,柳營區,398.7789314516129,0.47827108132570473,0.014482662581813117,104,9920.0
67000050,臺南市,後壁區,402.0319369556201,0.452594414282543,0.02570840950639854,225,9644.0
67000060,臺南市,東山區,364.76440922190204,0.4720369942579672,0.01109534253644691,86,6940.0
67000070,臺南市,麻豆區,421.12860500858875,0.4862041982825443,0.01207457042393684,182,22122.0
67000080,臺南市,下營區,396.8287010229685,0.46525637139914444,0.012177650429799427,102,10362.0
67000090,臺南市,六甲區,398.924360726137,0.468558445941142,0.012404703450058147,96,10246.0
67000100,臺南市,官田區,395.75246787111195,0.4546970019236273,0.021613595116317438,131,10738.0
67000110,臺南市,大內區,339.60017371163866,0.4690206930621939,0.027977044476327116,78,3454.0
67000120,臺南市,佳里區,415.2821318710713,0.4805292314263634,0.008090375413151793,164,29908.0
67000130,臺南市,學甲區,372.3536544291007,0.4759575290235691,0.014517506404782237,136,11876.0
67000140,臺南市,西港區,373.91438784629133,0.4986430444775101,0.02127104267258254,163,11190.0
67000150,臺南市,七股區,340.0472237343495,0.49130371712255927,0.022558224606755273,185,7348.0
67000160,臺南市,將軍區,348.71492805755395,0.4764942981052958,0.01717557251908397,117,6672.0
67000170,臺南市,北門區,361.50433776749566,0.4539617658006415,0.018338238623500112,81,3458.0
67000180,臺南市,新化區,390.56799771276087,0.4927872697130654,0.010873329177920908,157,20986.0
67000190,臺南市,善化區,562.6932025227751,0.4899521316084973,0.011040264494037076,187,28540.0
67000200,臺南市,新市區,437.8070527522936,0.4811299870901045,0.0069674568782394425,82,20928.0
67000210,臺南市,安定區,402.6454010095345,0.47021264968474347,0.015411308430291896,151,14264.0
67000220,臺南市,山上區,344.2900246305419,0.4548222030618952,0.019561068702290078,41,3248.0
67000230,臺南市,玉井區,381.98548650858544,0.47879621057410876,0.032354108773322746,163,4892.0
67000240,臺南市,楠西區,349.53192252510763,0.46544342710226166,0.02751293925360937,101,2788.0
67000250,臺南市,南化區,381.5598484848485,0.4305981398007854,0.01929260450160772,60,2640.0
67000260,臺南市,左鎮區,326.79646017699116,0.4530563703720719,0.03665207877461707,67,1356.0
67000270,臺南市,仁德區,424.2379352926649,0.4831669915342275,0.01352227070462695,313,40490.0
67000280,臺南市,歸仁區,412.79421166799864,0.4919446817301073,0.017281748243951386,310,35036.0
67000290,臺南市,關廟區,370.17929165616334,0.4866216085538035,0.017353182939081193,190,15868.0
67000300,臺南市,龍崎區,355.4403815580286,0.4737902050617535,0.015873015873015872,26,1258.0
67000310,臺南市,永康區,453.58309316458866,0.6236969079595976,0.01127029072864392,804,127688.0
67000320,臺南市,東區,516.9661418921413,0.5445184440319474,0.011475112026159622,758,108364.0
67000330,臺南市,南區,394.3020987150083,0.5107461026915359,0.023098908307173312,986,63658.0
67000340,臺南市,北區,477.8658819991251,0.5214887062316446,0.015453488872627093,718,73152.0
67000350,臺南市,安南區,410.55720526782324,0.4800552485978618,0.015937847608453837,917,94764.0
67000360,臺南市,安平區,468.072897598794,0.5401957994717901,0.01373825018076645,342,37148.0
67000370,臺南市,中西區,466.2732889297198,0.5781114632138553,0.021645594757397232,654,43540.0
68000010,桃園市,桃園區,500.999484491171,0.5401934895424443,0.01564016210970946,2466,275456.0
68000020,桃園市,中壢區,482.6741553985873,0.49912986915718005,0.012504970743623245,1761,247750.0
68000030,桃園市,大溪區,402.71415157332444,0.49176839107318027,0.0191106971609921,554,47924.0
68000040,桃園市,楊梅區,436.66364883667,0.5080506979532942,0.018544909742015638,1015,103496.0
68000050,桃園市,蘆竹區,515.0257616089914,0.5062549547865725,0.012190902615243717,599,101430.0
68000060,桃園市,大園區,418.0723780832235,0.5085015597790984,0.010248424712102557,283,53110.0
68000070,桃園市,龜山區,471.43121676828645,0.5005437846013047,0.01626535521917779,764,97422.0
68000080,桃園市,八德區,430.9742345672674,0.49932273864657234,0.017697626040137054,1157,116862.0
68000090,桃園市,龍潭區,449.91570669993905,0.5239982449869062,0.016578689089896282,625,68926.0
68000100,桃園市,平鎮區,450.0371086798409,0.5453796352407512,0.010694139219775758,764,129242.0
68000110,桃園市,新屋區,385.6839145961553,0.479272206886236,0.02050496205487449,281,26322.0
68000120,桃園市,觀音區,394.53631387821696,0.4606420542842996,0.021599148202606094,426,38002.0
68000130,桃園市,復興區,383.0542203985932,0.4512366564092981,0.08369755244755245,383,3412.0
