民國年,西元年,縣市,失業率
102,2013,南投縣,4.3
102,2013,嘉義市,3.9
102,2013,嘉義縣,4.1
102,2013,基隆市,4.2
102,2013,宜蘭縣,4.3
102,2013,屏東縣,4.1
102,2013,彰化縣,4.0
102,2013,新北市,4.2
102,2013,新竹市,4.1
102,2013,新竹縣,4.0
102,2013,桃園市,4.3
102,2013,澎湖縣,4.0
102,2013,臺中市,4.1
102,2013,臺北市,4.2
102,2013,臺南市,4.2
102,2013,臺東縣,4.1
102,2013,花蓮縣,4.1
102,2013,苗栗縣,4.2
102,2013,連江縣,0.3
102,2013,金門縣,1.6
102,2013,雲林縣,4.2
102,2013,高雄市,4.2
103,2014,南投縣,4.0
103,2014,嘉義市,3.7
103,2014,嘉義縣,3.9
103,2014,基隆市,4.0
103,2014,宜蘭縣,3.9
103,2014,屏東縣,3.9
103,2014,彰化縣,3.9
103,2014,新北市,3.9
103,2014,新竹市,3.9
103,2014,新竹縣,3.9
103,2014,桃園市,4.0
103,2014,澎湖縣,3.9
103,2014,臺中市,3.9
103,2014,臺北市,4.0
103,2014,臺南市,4.1
103,2014,臺東縣,3.9
103,2014,花蓮縣,3.8
103,2014,苗栗縣,4.1
103,2014,連江縣,0.3
103,2014,金門縣,1.0
103,2014,雲林縣,3.9
103,2014,高雄市,3.9
104,2015,南投縣,3.8
104,2015,嘉義市,3.5
104,2015,嘉義縣,3.8
104,2015,基隆市,3.9
104,2015,宜蘭縣,3.9
104,2015,屏東縣,3.8
104,2015,彰化縣,3.7
104,2015,新北市,3.7
104,2015,新竹市,3.9
104,2015,新竹縣,3.7
104,2015,桃園市,3.9
104,2015,澎湖縣,3.7
104,2015,臺中市,3.8
104,2015,臺北市,3.8
104,2015,臺南市,3.8
104,2015,臺東縣,3.7
104,2015,花蓮縣,3.7
104,2015,苗栗縣,3.8
104,2015,連江縣,0.9
104,2015,金門縣,1.2
104,2015,雲林縣,3.8
104,2015,高雄市,3.8
105,2016,南投縣,3.9
105,2016,嘉義市,3.7
105,2016,嘉義縣,3.9
105,2016,基隆市,4.0
105,2016,宜蘭縣,4.0
105,2016,屏東縣,3.9
105,2016,彰化縣,3.8
105,2016,新北市,3.9
105,2016,新竹市,3.9
105,2016,新竹縣,3.9
105,2016,桃園市,4.0
105,2016,澎湖縣,3.8
105,2016,臺中市,3.8
105,2016,臺北市,3.9
105,2016,臺南市,3.9
105,2016,臺東縣,3.9
105,2016,花蓮縣,3.9
105,2016,苗栗縣,3.9
105,2016,連江縣,0.7
105,2016,金門縣,1.3
105,2016,雲林縣,3.8
105,2016,高雄市,4.0
106,2017,南投縣,3.7
106,2017,嘉義市,3.7
106,2017,嘉義縣,3.8
106,2017,基隆市,3.8
106,2017,宜蘭縣,3.8
106,2017,屏東縣,3.9
106,2017,彰化縣,3.6
106,2017,新北市,3.8
106,2017,新竹市,3.8
106,2017,新竹縣,3.7
106,2017,桃園市,3.9
106,2017,澎湖縣,3.7
106,2017,臺中市,3.7
106,2017,臺北市,3.8
106,2017,臺南市,3.8
106,2017,臺東縣,3.5
106,2017,花蓮縣,3.7
106,2017,苗栗縣,3.6
106,2017,連江縣,0.7
106,2017,金門縣,1.2
106,2017,雲林縣,3.7
106,2017,高雄市,3.8
107,2018,南投縣,3.7
107,2018,嘉義市,3.6
107,2018,嘉義縣,3.7
107,2018,基隆市,3.7
107,2018,宜蘭縣,3.8
107,2018,屏東縣,3.7
107,2018,彰化縣,3.6
107,2018,新北市,3.7
107,2018,新竹市,3.7
107,2018,新竹縣,3.7
107,2018,桃園市,3.8
107,2018,澎湖縣,3.6
107,2018,臺中市,3.7
107,2018,臺北市,3.7
107,2018,臺南市,3.8
107,2018,臺東縣,3.5
107,2018,花蓮縣,3.5
107,2018,苗栗縣,3.7
107,2018,連江縣,0.1
107,2018,金門縣,1.1
107,2018,雲林縣,3.6
107,2018,高雄市,3.7
108,2019,南投縣,3.7
108,2019,嘉義市,3.7
108,2019,嘉義縣,3.7
108,2019,基隆市,3.8
108,2019,宜蘭縣,3.7
108,2019,屏東縣,3.7
108,2019,彰化縣,3.7
108,2019,新北市,3.8
108,2019,新竹市,3.7
108,2019,新竹縣,3.8
108,2019,桃園市,3.8
108,2019,澎湖縣,3.7
108,2019,臺中市,3.7
108,2019,臺北市,3.7
108,2019,臺南市,3.7
108,2019,臺東縣,3.6
108,2019,花蓮縣,3.6
108,2019,苗栗縣,3.7
108,2019,連江縣,0.1
108,2019,金門縣,1.1
108,2019,雲林縣,3.6
108,2019,高雄市,3.7
109,2020,南投縣,3.8
109,2020,嘉義市,3.7
109,2020,嘉義縣,3.8
109,2020,基隆市,4.0
109,2020,宜蘭縣,3.9
109,2020,屏東縣,3.8
109,2020,彰化縣,3.8
109,2020,新北市,3.9
109,2020,新竹市,3.8
109,2020,新竹縣,3.8
109,2020,桃園市,4.0
109,2020,澎湖縣,3.9
109,2020,臺中市,3.9
109,2020,臺北市,3.9
109,2020,臺南市,3.8
109,2020,臺東縣,3.7
109,2020,花蓮縣,3.7
109,2020,苗栗縣,3.7
109,2020,連江縣,0.6
109,2020,金門縣,1.9
109,2020,雲林縣,3.8
109,2020,高雄市,3.8
110,2021,南投縣,3.9
110,2021,嘉義市,4.0
110,2021,嘉義縣,3.9
110,2021,基隆市,4.0
110,2021,宜蘭縣,4.0
110,2021,屏東縣,3.9
110,2021,彰化縣,3.8
110,2021,新北市,4.0
110,2021,新竹市,3.8
110,2021,新竹縣,3.8
110,2021,桃園市,4.0
110,2021,澎湖縣,4.1
110,2021,臺中市,3.9
110,2021,臺北市,4.0
110,2021,臺南市,3.9
110,2021,臺東縣,3.8
110,2021,花蓮縣,3.8
110,2021,苗栗縣,3.9
110,2021,連江縣,
110,2021,金門縣,
110,2021,雲林縣,3.8
110,2021,高雄市,3.9
111,2022,南投縣,3.6
111,2022,嘉義市,3.6
111,2022,嘉義縣,3.6
111,2022,基隆市,3.8
111,2022,宜蘭縣,3.7
111,2022,屏東縣,3.7
111,2022,彰化縣,3.6
111,2022,新北市,3.7
111,2022,新竹市,3.6
111,2022,新竹縣,3.7
111,2022,桃園市,3.7
111,2022,澎湖縣,3.8
111,2022,臺中市,3.7
111,2022,臺北市,3.7
111,2022,臺南市,3.6
111,2022,臺東縣,3.6
111,2022,花蓮縣,3.5
111,2022,苗栗縣,3.6
111,2022,連江縣,0.2
111,2022,金門縣,1.3
111,2022,雲林縣,3.6
111,2022,高雄市,3.6
112,2023,南投縣,3.5
112,2023,嘉義市,3.5
112,2023,嘉義縣,3.5
112,2023,基隆市,3.5
112,2023,宜蘭縣,3.5
112,2023,屏東縣,3.5
112,2023,彰化縣,3.5
112,2023,新北市,3.5
112,2023,新竹市,3.4
112,2023,新竹縣,3.5
112,2023,桃園市,3.5
112,2023,澎湖縣,3.5
112,2023,臺中市,3.5
112,2023,臺北市,3.5
112,2023,臺南市,3.5
112,2023,臺東縣,3.4
112,2023,花蓮縣,3.3
112,2023,苗栗縣,3.5
112,2023,連江縣,0.2
112,2023,金門縣,1.2
112,2023,雲林縣,3.5
112,2023,高雄市,3.4
113,2024,南投縣,3.3
113,2024,嘉義市,3.3
113,2024,嘉義縣,3.4
113,2024,基隆市,3.5
113,2024,宜蘭縣,3.4
113,2024,屏東縣,3.4
113,2024,彰化縣,3.4
113,2024,新北市,3.4
113,2024,新竹市,3.3
113,2024,新竹縣,3.3
113,2024,桃園市,3.4
113,2024,澎湖縣,3.3
113,2024,臺中市,3.4
113,2024,臺北市,3.5
113,2024,臺南市,3.4
113,2024,臺東縣,3.3
113,2024,花蓮縣,3.3
113,2024,苗栗縣,3.3
113,2024,連江縣,0.1
113,2024,金門縣,1.2
113,2024,雲林縣,3.4
113,2024,高雄市,3.3
