TOWNCODE,COUNTYNAME,TOWNNAME,education_high_school_graduate,education_less_than_high_school,education_college,education_college_rate,education_high_school_graduate_rate,education_less_than_high_school_rate,employ_rate
9007010,連江縣,南竿鄉,3932.0,2244.0,4336.0,0.4124809741248097,0.3740487062404871,0.2134703196347032,0.9961818181818182
9007020,連江縣,北竿鄉,3932.0,2244.0,4336.0,0.4124809741248097,0.3740487062404871,0.2134703196347032,0.9961818181818182
9007030,連江縣,莒光鄉,3932.0,2244.0,4336.0,0.4124809741248097,0.3740487062404871,0.2134703196347032,0.9961818181818182
9007040,連江縣,東引鄉,3932.0,2244.0,4336.0,0.4124809741248097,0.3740487062404871,0.2134703196347032,0.9961818181818182
9020010,金門縣,金城鎮,17297.0,17255.0,20895.0,0.3768463577831082,0.3119555611665194,0.31119808105037244,0.9871818181818182
9020020,金門縣,金沙鎮,17297.0,17255.0,20895.0,0.3768463577831082,0.3119555611665194,0.31119808105037244,0.9871818181818182
9020030,金門縣,金湖鎮,17297.0,17255.0,20895.0,0.3768463577831082,0.3119555611665194,0.31119808105037244,0.9871818181818182
9020040,金門縣,金寧鄉,17297.0,17255.0,20895.0,0.3768463577831082,0.3119555611665194,0.31119808105037244,0.9871818181818182
9020050,金門縣,烈嶼鄉,17297.0,17255.0,20895.0,0.3768463577831082,0.3119555611665194,0.31119808105037244,0.9871818181818182
9020060,金門縣,烏坵鄉,17297.0,17255.0,20895.0,0.3768463577831082,0.3119555611665194,0.31119808105037244,0.9871818181818182
10002010,宜蘭縣,宜蘭市,106167.0,134944.0,121998.0,0.335981757543878,0.2923832788501524,0.37163496360596954,0.96175
10002020,宜蘭縣,羅東鎮,106167.0,134944.0,121998.0,0.335981757543878,0.2923832788501524,0.37163496360596954,0.96175
10002030,宜蘭縣,蘇澳鎮,106167.0,134944.0,121998.0,0.335981757543878,0.2923832788501524,0.37163496360596954,0.96175
10002040,宜蘭縣,頭城鎮,106167.0,134944.0,121998.0,0.335981757543878,0.2923832788501524,0.37163496360596954,0.96175
10002050,宜蘭縣,礁溪鄉,106167.0,134944.0,121998.0,0.335981757543878,0.2923832788501524,0.37163496360596954,0.96175
10002060,宜蘭縣,壯圍鄉,106167.0,134944.0,121998.0,0.335981757543878,0.2923832788501524,0.37163496360596954,0.96175
10002070,宜蘭縣,員山鄉,106167.0,134944.0,121998.0,0.335981757543878,0.2923832788501524,0.37163496360596954,0.96175
10002080,宜蘭縣,冬山鄉,106167.0,134944.0,121998.0,0.335981757543878,0.2923832788501524,0.37163496360596954,0.96175
10002090,宜蘭縣,五結鄉,106167.0,134944.0,121998.0,0.335981757543878,0.2923832788501524,0.37163496360596954,0.96175
10002100,宜蘭縣,三星鄉,106167.0,134944.0,121998.0,0.335981757543878,0.2923832788501524,0.37163496360596954,0.96175
10002110,宜蘭縣,大同鄉,106167.0,134944.0,121998.0,0.335981757543878,0.2923832788501524,0.37163496360596954,0.96175
10002120,宜蘭縣,南澳鄉,106167.0,134944.0,121998.0,0.335981757543878,0.2923832788501524,0.37163496360596954,0.96175
10004010,新竹縣,竹北市,135680.0,111369.0,254561.0,0.5074878889974282,0.2704890253384103,0.2220230856641614,0.9626666666666667
10004020,新竹縣,竹東鎮,135680.0,111369.0,254561.0,0.5074878889974282,0.2704890253384103,0.2220230856641614,0.9626666666666667
10004030,新竹縣,新埔鎮,135680.0,111369.0,254561.0,0.5074878889974282,0.2704890253384103,0.2220230856641614,0.9626666666666667
10004040,新竹縣,關西鎮,135680.0,111369.0,254561.0,0.5074878889974282,0.2704890253384103,0.2220230856641614,0.9626666666666667
10004050,新竹縣,湖口鄉,135680.0,111369.0,254561.0,0.5074878889974282,0.2704890253384103,0.2220230856641614,0.9626666666666667
10004060,新竹縣,新豐鄉,135680.0,111369.0,254561.0,0.5074878889974282,0.2704890253384103,0.2220230856641614,0.9626666666666667
10004070,新竹縣,芎林鄉,135680.0,111369.0,254561.0,0.5074878889974282,0.2704890253384103,0.2220230856641614,0.9626666666666667
10004080,新竹縣,橫山鄉,135680.0,111369.0,254561.0,0.5074878889974282,0.2704890253384103,0.2220230856641614,0.9626666666666667
10004090,新竹縣,北埔鄉,135680.0,111369.0,254561.0,0.5074878889974282,0.2704890253384103,0.2220230856641614,0.9626666666666667
10004100,新竹縣,寶山鄉,135680.0,111369.0,254561.0,0.5074878889974282,0.2704890253384103,0.2220230856641614,0.9626666666666667
10004110,新竹縣,峨眉鄉,135680.0,111369.0,254561.0,0.5074878889974282,0.2704890253384103,0.2220230856641614,0.9626666666666667
10004120,新竹縣,尖石鄉,135680.0,111369.0,254561.0,0.5074878889974282,0.2704890253384103,0.2220230856641614,0.9626666666666667
10004130,新竹縣,五峰鄉,135680.0,111369.0,254561.0,0.5074878889974282,0.2704890253384103,0.2220230856641614,0.9626666666666667
10005010,苗栗縣,苗栗市,140033.0,141089.0,145135.0,0.34048707704506903,0.3285177721421584,0.3309951508127726,0.9624999999999999
10005020,苗栗縣,苑裡鎮,140033.0,141089.0,145135.0,0.34048707704506903,0.3285177721421584,0.3309951508127726,0.9624999999999999
10005030,苗栗縣,通霄鎮,140033.0,141089.0,145135.0,0.34048707704506903,0.3285177721421584,0.3309951508127726,0.9624999999999999
10005040,苗栗縣,竹南鎮,140033.0,141089.0,145135.0,0.34048707704506903,0.3285177721421584,0.3309951508127726,0.9624999999999999
10005050,苗栗縣,頭份市,140033.0,141089.0,145135.0,0.34048707704506903,0.3285177721421584,0.3309951508127726,0.9624999999999999
10005060,苗栗縣,後龍鎮,140033.0,141089.0,145135.0,0.34048707704506903,0.3285177721421584,0.3309951508127726,0.9624999999999999
10005070,苗栗縣,卓蘭鎮,140033.0,141089.0,145135.0,0.34048707704506903,0.3285177721421584,0.3309951508127726,0.9624999999999999
10005080,苗栗縣,大湖鄉,140033.0,141089.0,145135.0,0.34048707704506903,0.3285177721421584,0.3309951508127726,0.9624999999999999
10005090,苗栗縣,公館鄉,140033.0,141089.0,145135.0,0.34048707704506903,0.3285177721421584,0.3309951508127726,0.9624999999999999
10005100,苗栗縣,銅鑼鄉,140033.0,141089.0,145135.0,0.34048707704506903,0.3285177721421584,0.3309951508127726,0.9624999999999999
10005110,苗栗縣,南庄鄉,140033.0,141089.0,145135.0,0.34048707704506903,0.3285177721421584,0.3309951508127726,0.9624999999999999
10005120,苗栗縣,頭屋鄉,140033.0,141089.0,145135.0,0.34048707704506903,0.3285177721421584,0.3309951508127726,0.9624999999999999
10005130,苗栗縣,三義鄉,140033.0,141089.0,145135.0,0.34048707704506903,0.3285177721421584,0.3309951508127726,0.9624999999999999
10005140,苗栗縣,西湖鄉,140033.0,141089.0,145135.0,0.34048707704506903,0.3285177721421584,0.3309951508127726,0.9624999999999999
10005150,苗栗縣,造橋鄉,140033.0,141089.0,145135.0,0.34048707704506903,0.3285177721421584,0.3309951508127726,0.9624999999999999
10005160,苗栗縣,三灣鄉,140033.0,141089.0,145135.0,0.34048707704506903,0.3285177721421584,0.3309951508127726,0.9624999999999999
10005170,苗栗縣,獅潭鄉,140033.0,141089.0,145135.0,0.34048707704506903,0.3285177721421584,0.3309951508127726,0.9624999999999999
10005180,苗栗縣,泰安鄉,140033.0,141089.0,145135.0,0.34048707704506903,0.3285177721421584,0.3309951508127726,0.9624999999999999
10007010,彰化縣,彰化市,301678.0,354718.0,313514.0,0.3232403006464517,0.31103710653565797,0.3657225928178903,0.963
10007020,彰化縣,鹿港鎮,301678.0,354718.0,313514.0,0.3232403006464517,0.31103710653565797,0.3657225928178903,0.963
10007030,彰化縣,和美鎮,301678.0,354718.0,313514.0,0.3232403006464517,0.31103710653565797,0.3657225928178903,0.963
10007040,彰化縣,線西鄉,301678.0,354718.0,313514.0,0.3232403006464517,0.31103710653565797,0.3657225928178903,0.963
10007050,彰化縣,伸港鄉,301678.0,354718.0,313514.0,0.3232403006464517,0.31103710653565797,0.3657225928178903,0.963
10007060,彰化縣,福興鄉,301678.0,354718.0,313514.0,0.3232403006464517,0.31103710653565797,0.3657225928178903,0.963
10007070,彰化縣,秀水鄉,301678.0,354718.0,313514.0,0.3232403006464517,0.31103710653565797,0.3657225928178903,0.963
10007080,彰化縣,花壇鄉,301678.0,354718.0,313514.0,0.3232403006464517,0.31103710653565797,0.3657225928178903,0.963
10007090,彰化縣,芬園鄉,301678.0,354718.0,313514.0,0.3232403006464517,0.31103710653565797,0.3657225928178903,0.963
10007100,彰化縣,員林市,301678.0,354718.0,313514.0,0.3232403006464517,0.31103710653565797,0.3657225928178903,0.963
10007110,彰化縣,溪湖鎮,301678.0,354718.0,313514.0,0.3232403006464517,0.31103710653565797,0.3657225928178903,0.963
10007120,彰化縣,田中鎮,301678.0,354718.0,313514.0,0.3232403006464517,0.31103710653565797,0.3657225928178903,0.963
10007130,彰化縣,大村鄉,301678.0,354718.0,313514.0,0.3232403006464517,0.31103710653565797,0.3657225928178903,0.963
10007140,彰化縣,埔鹽鄉,301678.0,354718.0,313514.0,0.3232403006464517,0.31103710653565797,0.3657225928178903,0.963
10007150,彰化縣,埔心鄉,301678.0,354718.0,313514.0,0.3232403006464517,0.31103710653565797,0.3657225928178903,0.963
10007160,彰化縣,永靖鄉,301678.0,354718.0,313514.0,0.3232403006464517,0.31103710653565797,0.3657225928178903,0.963
10007170,彰化縣,社頭鄉,301678.0,354718.0,313514.0,0.3232403006464517,0.31103710653565797,0.3657225928178903,0.963
10007180,彰化縣,二水鄉,301678.0,354718.0,313514.0,0.3232403006464517,0.31103710653565797,0.3657225928178903,0.963
10007190,彰化縣,北斗鎮,301678.0,354718.0,313514.0,0.3232403006464517,0.31103710653565797,0.3657225928178903,0.963
10007200,彰化縣,二林鎮,301678.0,354718.0,313514.0,0.3232403006464517,0.31103710653565797,0.3657225928178903,0.963
10007210,彰化縣,田尾鄉,301678.0,354718.0,313514.0,0.3232403006464517,0.31103710653565797,0.3657225928178903,0.963
10007220,彰化縣,埤頭鄉,301678.0,354718.0,313514.0,0.3232403006464517,0.31103710653565797,0.3657225928178903,0.963
10007230,彰化縣,芳苑鄉,301678.0,354718.0,313514.0,0.3232403006464517,0.31103710653565797,0.3657225928178903,0.963
10007240,彰化縣,大城鄉,301678.0,354718.0,313514.0,0.3232403006464517,0.31103710653565797,0.3657225928178903,0.963
10007250,彰化縣,竹塘鄉,301678.0,354718.0,313514.0,0.3232403006464517,0.31103710653565797,0.3657225928178903,0.963
10007260,彰化縣,溪州鄉,301678.0,354718.0,313514.0,0.3232403006464517,0.31103710653565797,0.3657225928178903,0.963
10008010,南投縣,南投市,117335.0,133575.0,111650.0,0.3079490291262136,0.3236291924095322,0.36842177846425417,0.9623333333333334
10008020,南投縣,埔里鎮,117335.0,133575.0,111650.0,0.3079490291262136,0.3236291924095322,0.36842177846425417,0.9623333333333334
10008030,南投縣,草屯鎮,117335.0,133575.0,111650.0,0.3079490291262136,0.3236291924095322,0.36842177846425417,0.9623333333333334
10008040,南投縣,竹山鎮,117335.0,133575.0,111650.0,0.3079490291262136,0.3236291924095322,0.36842177846425417,0.9623333333333334
10008050,南投縣,集集鎮,117335.0,133575.0,111650.0,0.3079490291262136,0.3236291924095322,0.36842177846425417,0.9623333333333334
10008060,南投縣,名間鄉,117335.0,133575.0,111650.0,0.3079490291262136,0.3236291924095322,0.36842177846425417,0.9623333333333334
10008070,南投縣,鹿谷鄉,117335.0,133575.0,111650.0,0.3079490291262136,0.3236291924095322,0.36842177846425417,0.9623333333333334
10008080,南投縣,中寮鄉,117335.0,133575.0,111650.0,0.3079490291262136,0.3236291924095322,0.36842177846425417,0.9623333333333334
10008090,南投縣,魚池鄉,117335.0,133575.0,111650.0,0.3079490291262136,0.3236291924095322,0.36842177846425417,0.9623333333333334
10008100,南投縣,國姓鄉,117335.0,133575.0,111650.0,0.3079490291262136,0.3236291924095322,0.36842177846425417,0.9623333333333334
10008110,南投縣,水里鄉,117335.0,133575.0,111650.0,0.3079490291262136,0.3236291924095322,0.36842177846425417,0.9623333333333334
10008120,南投縣,信義鄉,117335.0,133575.0,111650.0,0.3079490291262136,0.3236291924095322,0.36842177846425417,0.9623333333333334
10008130,南投縣,仁愛鄉,117335.0,133575.0,111650.0,0.3079490291262136,0.3236291924095322,0.36842177846425417,0.9623333333333334
10009010,雲林縣,斗六市,147256.0,211175.0,134925.0,0.27348405613796123,0.2984781780296581,0.4280377658323807,0.9627499999999999
10009020,雲林縣,斗南鎮,147256.0,211175.0,134925.0,0.27348405613796123,0.2984781780296581,0.4280377658323807,0.9627499999999999
10009030,雲林縣,虎尾鎮,147256.0,211175.0,134925.0,0.27348405613796123,0.2984781780296581,0.4280377658323807,0.9627499999999999
10009040,雲林縣,西螺鎮,147256.0,211175.0,134925.0,0.27348405613796123,0.2984781780296581,0.4280377658323807,0.9627499999999999
10009050,雲林縣,土庫鎮,147256.0,211175.0,134925.0,0.27348405613796123,0.2984781780296581,0.4280377658323807,0.9627499999999999
10009060,雲林縣,北港鎮,147256.0,211175.0,134925.0,0.27348405613796123,0.2984781780296581,0.4280377658323807,0.9627499999999999
10009070,雲林縣,古坑鄉,147256.0,211175.0,134925.0,0.27348405613796123,0.2984781780296581,0.4280377658323807,0.9627499999999999
10009080,雲林縣,大埤鄉,147256.0,211175.0,134925.0,0.27348405613796123,0.2984781780296581,0.4280377658323807,0.9627499999999999
10009090,雲林縣,莿桐鄉,147256.0,211175.0,134925.0,0.27348405613796123,0.2984781780296581,0.4280377658323807,0.9627499999999999
10009100,雲林縣,林內鄉,147256.0,211175.0,134925.0,0.27348405613796123,0.2984781780296581,0.4280377658323807,0.9627499999999999
10009110,雲林縣,二崙鄉,147256.0,211175.0,134925.0,0.27348405613796123,0.2984781780296581,0.4280377658323807,0.9627499999999999
10009120,雲林縣,崙背鄉,147256.0,211175.0,134925.0,0.27348405613796123,0.2984781780296581,0.4280377658323807,0.9627499999999999
10009130,雲林縣,麥寮鄉,147256.0,211175.0,134925.0,0.27348405613796123,0.2984781780296581,0.4280377658323807,0.9627499999999999
10009140,雲林縣,東勢鄉,147256.0,211175.0,134925.0,0.27348405613796123,0.2984781780296581,0.4280377658323807,0.9627499999999999
10009150,雲林縣,褒忠鄉,147256.0,211175.0,134925.0,0.27348405613796123,0.2984781780296581,0.4280377658323807,0.9627499999999999
10009160,雲林縣,臺西鄉,147256.0,211175.0,134925.0,0.27348405613796123,0.2984781780296581,0.4280377658323807,0.9627499999999999
10009170,雲林縣,元長鄉,147256.0,211175.0,134925.0,0.27348405613796123,0.2984781780296581,0.4280377658323807,0.9627499999999999
10009180,雲林縣,四湖鄉,147256.0,211175.0,134925.0,0.27348405613796123,0.2984781780296581,0.4280377658323807,0.9627499999999999
10009190,雲林縣,口湖鄉,147256.0,211175.0,134925.0,0.27348405613796123,0.2984781780296581,0.4280377658323807,0.9627499999999999
10009200,雲林縣,水林鄉,147256.0,211175.0,134925.0,0.27348405613796123,0.2984781780296581,0.4280377658323807,0.9627499999999999
10010010,嘉義縣,太保市,131278.0,166620.0,100570.0,0.2523916600580222,0.3294568196191413,0.4181515203228365,0.9624166666666666
10010020,嘉義縣,朴子市,131278.0,166620.0,100570.0,0.2523916600580222,0.3294568196191413,0.4181515203228365,0.9624166666666666
10010030,嘉義縣,布袋鎮,131278.0,166620.0,100570.0,0.2523916600580222,0.3294568196191413,0.4181515203228365,0.9624166666666666
10010040,嘉義縣,大林鎮,131278.0,166620.0,100570.0,0.2523916600580222,0.3294568196191413,0.4181515203228365,0.9624166666666666
10010050,嘉義縣,民雄鄉,131278.0,166620.0,100570.0,0.2523916600580222,0.3294568196191413,0.4181515203228365,0.9624166666666666
10010060,嘉義縣,溪口鄉,131278.0,166620.0,100570.0,0.2523916600580222,0.3294568196191413,0.4181515203228365,0.9624166666666666
10010070,嘉義縣,新港鄉,131278.0,166620.0,100570.0,0.2523916600580222,0.3294568196191413,0.4181515203228365,0.9624166666666666
10010080,嘉義縣,六腳鄉,131278.0,166620.0,100570.0,0.2523916600580222,0.3294568196191413,0.4181515203228365,0.9624166666666666
10010090,嘉義縣,東石鄉,131278.0,166620.0,100570.0,0.2523916600580222,0.3294568196191413,0.4181515203228365,0.9624166666666666
10010100,嘉義縣,義竹鄉,131278.0,166620.0,100570.0,0.2523916600580222,0.3294568196191413,0.4181515203228365,0.9624166666666666
10010110,嘉義縣,鹿草鄉,131278.0,166620.0,100570.0,0.2523916600580222,0.3294568196191413,0.4181515203228365,0.9624166666666666
10010120,嘉義縣,水上鄉,131278.0,166620.0,100570.0,0.2523916600580222,0.3294568196191413,0.4181515203228365,0.9624166666666666
10010130,嘉義縣,中埔鄉,131278.0,166620.0,100570.0,0.2523916600580222,0.3294568196191413,0.4181515203228365,0.9624166666666666
10010140,嘉義縣,竹崎鄉,131278.0,166620.0,100570.0,0.2523916600580222,0.3294568196191413,0.4181515203228365,0.9624166666666666
10010150,嘉義縣,梅山鄉,131278.0,166620.0,100570.0,0.2523916600580222,0.3294568196191413,0.4181515203228365,0.9624166666666666
10010160,嘉義縣,番路鄉,131278.0,166620.0,100570.0,0.2523916600580222,0.3294568196191413,0.4181515203228365,0.9624166666666666
10010170,嘉義縣,大埔鄉,131278.0,166620.0,100570.0,0.2523916600580222,0.3294568196191413,0.4181515203228365,0.9624166666666666
10010180,嘉義縣,阿里山鄉,131278.0,166620.0,100570.0,0.2523916600580222,0.3294568196191413,0.4181515203228365,0.9624166666666666
10013010,屏東縣,屏東市,241083.0,221652.0,190124.0,0.2912175523351903,0.3692726913468299,0.33950975631797986,0.9622499999999999
10013020,屏東縣,潮州鎮,241083.0,221652.0,190124.0,0.2912175523351903,0.3692726913468299,0.33950975631797986,0.9622499999999999
10013030,屏東縣,東港鎮,241083.0,221652.0,190124.0,0.2912175523351903,0.3692726913468299,0.33950975631797986,0.9622499999999999
10013040,屏東縣,恆春鎮,241083.0,221652.0,190124.0,0.2912175523351903,0.3692726913468299,0.33950975631797986,0.9622499999999999
10013050,屏東縣,萬丹鄉,241083.0,221652.0,190124.0,0.2912175523351903,0.3692726913468299,0.33950975631797986,0.9622499999999999
10013060,屏東縣,長治鄉,241083.0,221652.0,190124.0,0.2912175523351903,0.3692726913468299,0.33950975631797986,0.9622499999999999
10013070,屏東縣,麟洛鄉,241083.0,221652.0,190124.0,0.2912175523351903,0.3692726913468299,0.33950975631797986,0.9622499999999999
10013080,屏東縣,九如鄉,241083.0,221652.0,190124.0,0.2912175523351903,0.3692726913468299,0.33950975631797986,0.9622499999999999
10013090,屏東縣,里港鄉,241083.0,221652.0,190124.0,0.2912175523351903,0.3692726913468299,0.33950975631797986,0.9622499999999999
10013100,屏東縣,鹽埔鄉,241083.0,221652.0,190124.0,0.2912175523351903,0.3692726913468299,0.33950975631797986,0.9622499999999999
10013110,屏東縣,高樹鄉,241083.0,221652.0,190124.0,0.2912175523351903,0.3692726913468299,0.33950975631797986,0.9622499999999999
10013120,屏東縣,萬巒鄉,241083.0,221652.0,190124.0,0.2912175523351903,0.3692726913468299,0.33950975631797986,0.9622499999999999
10013130,屏東縣,內埔鄉,241083.0,221652.0,190124.0,0.2912175523351903,0.3692726913468299,0.33950975631797986,0.9622499999999999
10013140,屏東縣,竹田鄉,241083.0,221652.0,190124.0,0.2912175523351903,0.3692726913468299,0.33950975631797986,0.9622499999999999
10013150,屏東縣,新埤鄉,241083.0,221652.0,190124.0,0.2912175523351903,0.3692726913468299,0.33950975631797986,0.9622499999999999
10013160,屏東縣,枋寮鄉,241083.0,221652.0,190124.0,0.2912175523351903,0.3692726913468299,0.33950975631797986,0.9622499999999999
10013170,屏東縣,新園鄉,241083.0,221652.0,190124.0,0.2912175523351903,0.3692726913468299,0.33950975631797986,0.9622499999999999
10013180,屏東縣,崁頂鄉,241083.0,221652.0,190124.0,0.2912175523351903,0.3692726913468299,0.33950975631797986,0.9622499999999999
10013190,屏東縣,林邊鄉,241083.0,221652.0,190124.0,0.2912175523351903,0.3692726913468299,0.33950975631797986,0.9622499999999999
10013200,屏東縣,南州鄉,241083.0,221652.0,190124.0,0.2912175523351903,0.3692726913468299,0.33950975631797986,0.9622499999999999
10013210,屏東縣,佳冬鄉,241083.0,221652.0,190124.0,0.2912175523351903,0.3692726913468299,0.33950975631797986,0.9622499999999999
10013220,屏東縣,琉球鄉,241083.0,221652.0,190124.0,0.2912175523351903,0.3692726913468299,0.33950975631797986,0.9622499999999999
10013230,屏東縣,車城鄉,241083.0,221652.0,190124.0,0.2912175523351903,0.3692726913468299,0.33950975631797986,0.9622499999999999
10013240,屏東縣,滿州鄉,241083.0,221652.0,190124.0,0.2912175523351903,0.3692726913468299,0.33950975631797986,0.9622499999999999
10013250,屏東縣,枋山鄉,241083.0,221652.0,190124.0,0.2912175523351903,0.3692726913468299,0.33950975631797986,0.9622499999999999
10013260,屏東縣,三地門鄉,241083.0,221652.0,190124.0,0.2912175523351903,0.3692726913468299,0.33950975631797986,0.9622499999999999
10013270,屏東縣,霧臺鄉,241083.0,221652.0,190124.0,0.2912175523351903,0.3692726913468299,0.33950975631797986,0.9622499999999999
10013280,屏東縣,瑪家鄉,241083.0,221652.0,190124.0,0.2912175523351903,0.3692726913468299,0.33950975631797986,0.9622499999999999
10013290,屏東縣,泰武鄉,241083.0,221652.0,190124.0,0.2912175523351903,0.3692726913468299,0.33950975631797986,0.9622499999999999
10013300,屏東縣,來義鄉,241083.0,221652.0,190124.0,0.2912175523351903,0.3692726913468299,0.33950975631797986,0.9622499999999999
10013310,屏東縣,春日鄉,241083.0,221652.0,190124.0,0.2912175523351903,0.3692726913468299,0.33950975631797986,0.9622499999999999
10013320,屏東縣,獅子鄉,241083.0,221652.0,190124.0,0.2912175523351903,0.3692726913468299,0.33950975631797986,0.9622499999999999
10013330,屏東縣,牡丹鄉,241083.0,221652.0,190124.0,0.2912175523351903,0.3692726913468299,0.33950975631797986,0.9622499999999999
10014010,臺東縣,臺東市,54083.0,63289.0,42736.0,0.2669198291153471,0.33779074124965647,0.39528942963499636,0.9633333333333333
10014020,臺東縣,成功鎮,54083.0,63289.0,42736.0,0.2669198291153471,0.33779074124965647,0.39528942963499636,0.9633333333333333
10014030,臺東縣,關山鎮,54083.0,63289.0,42736.0,0.2669198291153471,0.33779074124965647,0.39528942963499636,0.9633333333333333
10014040,臺東縣,卑南鄉,54083.0,63289.0,42736.0,0.2669198291153471,0.33779074124965647,0.39528942963499636,0.9633333333333333
10014050,臺東縣,鹿野鄉,54083.0,63289.0,42736.0,0.2669198291153471,0.33779074124965647,0.39528942963499636,0.9633333333333333
10014060,臺東縣,池上鄉,54083.0,63289.0,42736.0,0.2669198291153471,0.33779074124965647,0.39528942963499636,0.9633333333333333
10014070,臺東縣,東河鄉,54083.0,63289.0,42736.0,0.2669198291153471,0.33779074124965647,0.39528942963499636,0.9633333333333333
10014080,臺東縣,長濱鄉,54083.0,63289.0,42736.0,0.2669198291153471,0.33779074124965647,0.39528942963499636,0.9633333333333333
10014090,臺東縣,太麻里鄉,54083.0,63289.0,42736.0,0.2669198291153471,0.33779074124965647,0.39528942963499636,0.9633333333333333
10014100,臺東縣,大武鄉,54083.0,63289.0,42736.0,0.2669198291153471,0.33779074124965647,0.39528942963499636,0.9633333333333333
10014110,臺東縣,綠島鄉,54083.0,63289.0,42736.0,0.2669198291153471,0.33779074124965647,0.39528942963499636,0.9633333333333333
10014120,臺東縣,海端鄉,54083.0,63289.0,42736.0,0.2669198291153471,0.33779074124965647,0.39528942963499636,0.9633333333333333
10014130,臺東縣,延平鄉,54083.0,63289.0,42736.0,0.2669198291153471,0.33779074124965647,0.39528942963499636,0.9633333333333333
10014140,臺東縣,金峰鄉,54083.0,63289.0,42736.0,0.2669198291153471,0.33779074124965647,0.39528942963499636,0.9633333333333333
10014150,臺東縣,達仁鄉,54083.0,63289.0,42736.0,0.2669198291153471,0.33779074124965647,0.39528942963499636,0.9633333333333333
10014160,臺東縣,蘭嶼鄉,54083.0,63289.0,42736.0,0.2669198291153471,0.33779074124965647,0.39528942963499636,0.9633333333333333
10015010,花蓮縣,花蓮市,92610.0,82664.0,82769.0,0.3207566180830327,0.35889367275996636,0.32034970915700095,0.9634166666666667
10015020,花蓮縣,鳳林鎮,92610.0,82664.0,82769.0,0.3207566180830327,0.35889367275996636,0.32034970915700095,0.9634166666666667
10015030,花蓮縣,玉里鎮,92610.0,82664.0,82769.0,0.3207566180830327,0.35889367275996636,0.32034970915700095,0.9634166666666667
10015040,花蓮縣,新城鄉,92610.0,82664.0,82769.0,0.3207566180830327,0.35889367275996636,0.32034970915700095,0.9634166666666667
10015050,花蓮縣,吉安鄉,92610.0,82664.0,82769.0,0.3207566180830327,0.35889367275996636,0.32034970915700095,0.9634166666666667
10015060,花蓮縣,壽豐鄉,92610.0,82664.0,82769.0,0.3207566180830327,0.35889367275996636,0.32034970915700095,0.9634166666666667
10015070,花蓮縣,光復鄉,92610.0,82664.0,82769.0,0.3207566180830327,0.35889367275996636,0.32034970915700095,0.9634166666666667
10015080,花蓮縣,豐濱鄉,92610.0,82664.0,82769.0,0.3207566180830327,0.35889367275996636,0.32034970915700095,0.9634166666666667
10015090,花蓮縣,瑞穗鄉,92610.0,82664.0,82769.0,0.3207566180830327,0.35889367275996636,0.32034970915700095,0.9634166666666667
10015100,花蓮縣,富里鄉,92610.0,82664.0,82769.0,0.3207566180830327,0.35889367275996636,0.32034970915700095,0.9634166666666667
10015110,花蓮縣,秀林鄉,92610.0,82664.0,82769.0,0.3207566180830327,0.35889367275996636,0.32034970915700095,0.9634166666666667
10015120,花蓮縣,萬榮鄉,92610.0,82664.0,82769.0,0.3207566180830327,0.35889367275996636,0.32034970915700095,0.9634166666666667
10015130,花蓮縣,卓溪鄉,92610.0,82664.0,82769.0,0.3207566180830327,0.35889367275996636,0.32034970915700095,0.9634166666666667
10016010,澎湖縣,馬公市,22369.0,25770.0,20944.0,0.30317154726922685,0.3237989085592693,0.37302954417150386,0.9624999999999999
10016020,澎湖縣,湖西鄉,22369.0,25770.0,20944.0,0.30317154726922685,0.3237989085592693,0.37302954417150386,0.9624999999999999
10016030,澎湖縣,白沙鄉,22369.0,25770.0,20944.0,0.30317154726922685,0.3237989085592693,0.37302954417150386,0.9624999999999999
10016040,澎湖縣,西嶼鄉,22369.0,25770.0,20944.0,0.30317154726922685,0.3237989085592693,0.37302954417150386,0.9624999999999999
10016050,澎湖縣,望安鄉,22369.0,25770.0,20944.0,0.30317154726922685,0.3237989085592693,0.37302954417150386,0.9624999999999999
10016060,澎湖縣,七美鄉,22369.0,25770.0,20944.0,0.30317154726922685,0.3237989085592693,0.37302954417150386,0.9624999999999999
10017010,基隆市,中正區,107293.0,86532.0,128501.0,0.39866780836792565,0.33287106842141184,0.2684611232106625,0.9615
10017020,基隆市,七堵區,107293.0,86532.0,128501.0,0.39866780836792565,0.33287106842141184,0.2684611232106625,0.9615
10017030,基隆市,暖暖區,107293.0,86532.0,128501.0,0.39866780836792565,0.33287106842141184,0.2684611232106625,0.9615
10017040,基隆市,仁愛區,107293.0,86532.0,128501.0,0.39866780836792565,0.33287106842141184,0.2684611232106625,0.9615
10017050,基隆市,中山區,107293.0,86532.0,128501.0,0.39866780836792565,0.33287106842141184,0.2684611232106625,0.9615
10017060,基隆市,安樂區,107293.0,86532.0,128501.0,0.39866780836792565,0.33287106842141184,0.2684611232106625,0.9615
10017070,基隆市,信義區,107293.0,86532.0,128501.0,0.39866780836792565,0.33287106842141184,0.2684611232106625,0.9615
10018010,新竹市,東區,108935.0,81141.0,219655.0,0.536095633476598,0.2658695583199709,0.19803480820343103,0.9625833333333333
10018020,新竹市,北區,108935.0,81141.0,219655.0,0.536095633476598,0.2658695583199709,0.19803480820343103,0.9625833333333333
10018030,新竹市,香山區,108935.0,81141.0,219655.0,0.536095633476598,0.2658695583199709,0.19803480820343103,0.9625833333333333
10020010,嘉義市,東區,65890.0,55184.0,93981.0,0.4370091371974611,0.3063867382762549,0.25660412452628395,0.9634166666666667
10020020,嘉義市,西區,65890.0,55184.0,93981.0,0.4370091371974611,0.3063867382762549,0.25660412452628395,0.9634166666666667
63000010,臺北市,松山區,543411.0,364249.0,1359329.0,0.5996187012817442,0.2397060594471345,0.1606752392711213,0.9619166666666666
63000020,臺北市,信義區,543411.0,364249.0,1359329.0,0.5996187012817442,0.2397060594471345,0.1606752392711213,0.9619166666666666
63000030,臺北市,大安區,543411.0,364249.0,1359329.0,0.5996187012817442,0.2397060594471345,0.1606752392711213,0.9619166666666666
63000040,臺北市,中山區,543411.0,364249.0,1359329.0,0.5996187012817442,0.2397060594471345,0.1606752392711213,0.9619166666666666
63000050,臺北市,中正區,543411.0,364249.0,1359329.0,0.5996187012817442,0.2397060594471345,0.1606752392711213,0.9619166666666666
63000060,臺北市,大同區,543411.0,364249.0,1359329.0,0.5996187012817442,0.2397060594471345,0.1606752392711213,0.9619166666666666
63000070,臺北市,萬華區,543411.0,364249.0,1359329.0,0.5996187012817442,0.2397060594471345,0.1606752392711213,0.9619166666666666
63000080,臺北市,文山區,543411.0,364249.0,1359329.0,0.5996187012817442,0.2397060594471345,0.1606752392711213,0.9619166666666666
63000090,臺北市,南港區,543411.0,364249.0,1359329.0,0.5996187012817442,0.2397060594471345,0.1606752392711213,0.9619166666666666
63000100,臺北市,內湖區,543411.0,364249.0,1359329.0,0.5996187012817442,0.2397060594471345,0.1606752392711213,0.9619166666666666
63000110,臺北市,士林區,543411.0,364249.0,1359329.0,0.5996187012817442,0.2397060594471345,0.1606752392711213,0.9619166666666666
63000120,臺北市,北投區,543411.0,364249.0,1359329.0,0.5996187012817442,0.2397060594471345,0.1606752392711213,0.9619166666666666
64000010,高雄市,鹽埕區,785902.0,599258.0,966597.0,0.41101057634781146,0.3341765326944918,0.2548128909576967,0.9624166666666666
64000020,高雄市,鼓山區,785902.0,599258.0,966597.0,0.41101057634781146,0.3341765326944918,0.2548128909576967,0.9624166666666666
64000030,高雄市,左營區,785902.0,599258.0,966597.0,0.41101057634781146,0.3341765326944918,0.2548128909576967,0.9624166666666666
64000040,高雄市,楠梓區,785902.0,599258.0,966597.0,0.41101057634781146,0.3341765326944918,0.2548128909576967,0.9624166666666666
64000050,高雄市,三民區,785902.0,599258.0,966597.0,0.41101057634781146,0.3341765326944918,0.2548128909576967,0.9624166666666666
64000060,高雄市,新興區,785902.0,599258.0,966597.0,0.41101057634781146,0.3341765326944918,0.2548128909576967,0.9624166666666666
64000070,高雄市,前金區,785902.0,599258.0,966597.0,0.41101057634781146,0.3341765326944918,0.2548128909576967,0.9624166666666666
64000080,高雄市,苓雅區,785902.0,599258.0,966597.0,0.41101057634781146,0.3341765326944918,0.2548128909576967,0.9624166666666666
64000090,高雄市,前鎮區,785902.0,599258.0,966597.0,0.41101057634781146,0.3341765326944918,0.2548128909576967,0.9624166666666666
64000100,高雄市,旗津區,785902.0,599258.0,966597.0,0.41101057634781146,0.3341765326944918,0.2548128909576967,0.9624166666666666
64000110,高雄市,小港區,785902.0,599258.0,966597.0,0.41101057634781146,0.3341765326944918,0.2548128909576967,0.9624166666666666
64000120,高雄市,鳳山區,785902.0,599258.0,966597.0,0.41101057634781146,0.3341765326944918,0.2548128909576967,0.9624166666666666
64000130,高雄市,林園區,785902.0,599258.0,966597.0,0.41101057634781146,0.3341765326944918,0.2548128909576967,0.9624166666666666
64000140,高雄市,大寮區,785902.0,599258.0,966597.0,0.41101057634781146,0.3341765326944918,0.2548128909576967,0.9624166666666666
64000150,高雄市,大樹區,785902.0,599258.0,966597.0,0.41101057634781146,0.3341765326944918,0.2548128909576967,0.9624166666666666
64000160,高雄市,大社區,785902.0,599258.0,966597.0,0.41101057634781146,0.3341765326944918,0.2548128909576967,0.9624166666666666
64000170,高雄市,仁武區,785902.0,599258.0,966597.0,0.41101057634781146,0.3341765326944918,0.2548128909576967,0.9624166666666666
64000180,高雄市,鳥松區,785902.0,599258.0,966597.0,0.41101057634781146,0.3341765326944918,0.2548128909576967,0.9624166666666666
64000190,高雄市,岡山區,785902.0,599258.0,966597.0,0.41101057634781146,0.3341765326944918,0.2548128909576967,0.9624166666666666
64000200,高雄市,橋頭區,785902.0,599258.0,966597.0,0.41101057634781146,0.3341765326944918,0.2548128909576967,0.9624166666666666
64000210,高雄市,燕巢區,785902.0,599258.0,966597.0,0.41101057634781146,0.3341765326944918,0.2548128909576967,0.9624166666666666
64000220,高雄市,田寮區,785902.0,599258.0,966597.0,0.41101057634781146,0.3341765326944918,0.2548128909576967,0.9624166666666666
64000230,高雄市,阿蓮區,785902.0,599258.0,966597.0,0.41101057634781146,0.3341765326944918,0.2548128909576967,0.9624166666666666
64000240,高雄市,路竹區,785902.0,599258.0,966597.0,0.41101057634781146,0.3341765326944918,0.2548128909576967,0.9624166666666666
64000250,高雄市,湖內區,785902.0,599258.0,966597.0,0.41101057634781146,0.3341765326944918,0.2548128909576967,0.9624166666666666
64000260,高雄市,茄萣區,785902.0,599258.0,966597.0,0.41101057634781146,0.3341765326944918,0.2548128909576967,0.9624166666666666
64000270,高雄市,永安區,785902.0,599258.0,966597.0,0.41101057634781146,0.3341765326944918,0.2548128909576967,0.9624166666666666
64000280,高雄市,彌陀區,785902.0,599258.0,966597.0,0.41101057634781146,0.3341765326944918,0.2548128909576967,0.9624166666666666
64000290,高雄市,梓官區,785902.0,599258.0,966597.0,0.41101057634781146,0.3341765326944918,0.2548128909576967,0.9624166666666666
64000300,高雄市,旗山區,785902.0,599258.0,966597.0,0.41101057634781146,0.3341765326944918,0.2548128909576967,0.9624166666666666
64000310,高雄市,美濃區,785902.0,599258.0,966597.0,0.41101057634781146,0.3341765326944918,0.2548128909576967,0.9624166666666666
64000320,高雄市,六龜區,785902.0,599258.0,966597.0,0.41101057634781146,0.3341765326944918,0.2548128909576967,0.9624166666666666
64000330,高雄市,甲仙區,785902.0,599258.0,966597.0,0.41101057634781146,0.3341765326944918,0.2548128909576967,0.9624166666666666
64000340,高雄市,杉林區,785902.0,599258.0,966597.0,0.41101057634781146,0.3341765326944918,0.2548128909576967,0.9624166666666666
64000350,高雄市,內門區,785902.0,599258.0,966597.0,0.41101057634781146,0.3341765326944918,0.2548128909576967,0.9624166666666666
64000360,高雄市,茂林區,785902.0,599258.0,966597.0,0.41101057634781146,0.3341765326944918,0.2548128909576967,0.9624166666666666
64000370,高雄市,桃源區,785902.0,599258.0,966597.0,0.41101057634781146,0.3341765326944918,0.2548128909576967,0.9624166666666666
64000380,高雄市,那瑪夏區,785902.0,599258.0,966597.0,0.41101057634781146,0.3341765326944918,0.2548128909576967,0.9624166666666666
65000010,新北市,板橋區,1132005.0,886523.0,1782577.0,0.468962841068584,0.29780945277754756,0.23322770615386842,0.9620833333333333
65000020,新北市,三重區,1132005.0,886523.0,1782577.0,0.468962841068584,0.29780945277754756,0.23322770615386842,0.9620833333333333
65000030,新北市,中和區,1132005.0,886523.0,1782577.0,0.468962841068584,0.29780945277754756,0.23322770615386842,0.9620833333333333
65000040,新北市,永和區,1132005.0,886523.0,1782577.0,0.468962841068584,0.29780945277754756,0.23322770615386842,0.9620833333333333
65000050,新北市,新莊區,1132005.0,886523.0,1782577.0,0.468962841068584,0.29780945277754756,0.23322770615386842,0.9620833333333333
65000060,新北市,新店區,1132005.0,886523.0,1782577.0,0.468962841068584,0.29780945277754756,0.23322770615386842,0.9620833333333333
65000070,新北市,樹林區,1132005.0,886523.0,1782577.0,0.468962841068584,0.29780945277754756,0.23322770615386842,0.9620833333333333
65000080,新北市,鶯歌區,1132005.0,886523.0,1782577.0,0.468962841068584,0.29780945277754756,0.23322770615386842,0.9620833333333333
65000090,新北市,三峽區,1132005.0,886523.0,1782577.0,0.468962841068584,0.29780945277754756,0.23322770615386842,0.9620833333333333
65000100,新北市,淡水區,1132005.0,886523.0,1782577.0,0.468962841068584,0.29780945277754756,0.23322770615386842,0.9620833333333333
65000110,新北市,汐止區,1132005.0,886523.0,1782577.0,0.468962841068584,0.29780945277754756,0.23322770615386842,0.9620833333333333
65000120,新北市,瑞芳區,1132005.0,886523.0,1782577.0,0.468962841068584,0.29780945277754756,0.23322770615386842,0.9620833333333333
65000130,新北市,土城區,1132005.0,886523.0,1782577.0,0.468962841068584,0.29780945277754756,0.23322770615386842,0.9620833333333333
65000140,新北市,蘆洲區,1132005.0,886523.0,1782577.0,0.468962841068584,0.29780945277754756,0.23322770615386842,0.9620833333333333
65000150,新北市,五股區,1132005.0,886523.0,1782577.0,0.468962841068584,0.29780945277754756,0.23322770615386842,0.9620833333333333
65000160,新北市,泰山區,1132005.0,886523.0,1782577.0,0.468962841068584,0.29780945277754756,0.23322770615386842,0.9620833333333333
65000170,新北市,林口區,1132005.0,886523.0,1782577.0,0.468962841068584,0.29780945277754756,0.23322770615386842,0.9620833333333333
65000180,新北市,深坑區,1132005.0,886523.0,1782577.0,0.468962841068584,0.29780945277754756,0.23322770615386842,0.9620833333333333
65000190,新北市,石碇區,1132005.0,886523.0,1782577.0,0.468962841068584,0.29780945277754756,0.23322770615386842,0.9620833333333333
65000200,新北市,坪林區,1132005.0,886523.0,1782577.0,0.468962841068584,0.29780945277754756,0.23322770615386842,0.9620833333333333
65000210,新北市,三芝區,1132005.0,886523.0,1782577.0,0.468962841068584,0.29780945277754756,0.23322770615386842,0.9620833333333333
65000220,新北市,石門區,1132005.0,886523.0,1782577.0,0.468962841068584,0.29780945277754756,0.23322770615386842,0.9620833333333333
65000230,新北市,八里區,1132005.0,886523.0,1782577.0,0.468962841068584,0.29780945277754756,0.23322770615386842,0.9620833333333333
65000240,新北市,平溪區,1132005.0,886523.0,1782577.0,0.468962841068584,0.29780945277754756,0.23322770615386842,0.9620833333333333
65000250,新北市,雙溪區,1132005.0,886523.0,1782577.0,0.468962841068584,0.29780945277754756,0.23322770615386842,0.9620833333333333
65000260,新北市,貢寮區,1132005.0,886523.0,1782577.0,0.468962841068584,0.29780945277754756,0.23322770615386842,0.9620833333333333
65000270,新北市,金山區,1132005.0,886523.0,1782577.0,0.468962841068584,0.29780945277754756,0.23322770615386842,0.9620833333333333
65000280,新北市,萬里區,1132005.0,886523.0,1782577.0,0.468962841068584,0.29780945277754756,0.23322770615386842,0.9620833333333333
65000290,新北市,烏來區,1132005.0,886523.0,1782577.0,0.468962841068584,0.29780945277754756,0.23322770615386842,0.9620833333333333
66000010,臺中市,中區,815004.0,597370.0,1113537.0,0.4408456988389535,0.3226574491341936,0.2364968520268529,0.9624166666666666
66000020,臺中市,東區,815004.0,597370.0,1113537.0,0.4408456988389535,0.3226574491341936,0.2364968520268529,0.9624166666666666
66000030,臺中市,南區,815004.0,597370.0,1113537.0,0.4408456988389535,0.3226574491341936,0.2364968520268529,0.9624166666666666
66000040,臺中市,西區,815004.0,597370.0,1113537.0,0.4408456988389535,0.3226574491341936,0.2364968520268529,0.9624166666666666
66000050,臺中市,北區,815004.0,597370.0,1113537.0,0.4408456988389535,0.3226574491341936,0.2364968520268529,0.9624166666666666
66000060,臺中市,西屯區,815004.0,597370.0,1113537.0,0.4408456988389535,0.3226574491341936,0.2364968520268529,0.9624166666666666
66000070,臺中市,南屯區,815004.0,597370.0,1113537.0,0.4408456988389535,0.3226574491341936,0.2364968520268529,0.9624166666666666
66000080,臺中市,北屯區,815004.0,597370.0,1113537.0,0.4408456988389535,0.3226574491341936,0.2364968520268529,0.9624166666666666
66000090,臺中市,豐原區,815004.0,597370.0,1113537.0,0.4408456988389535,0.3226574491341936,0.2364968520268529,0.9624166666666666
66000100,臺中市,東勢區,815004.0,597370.0,1113537.0,0.4408456988389535,0.3226574491341936,0.2364968520268529,0.9624166666666666
66000110,臺中市,大甲區,815004.0,597370.0,1113537.0,0.4408456988389535,0.3226574491341936,0.2364968520268529,0.9624166666666666
66000120,臺中市,清水區,815004.0,597370.0,1113537.0,0.4408456988389535,0.3226574491341936,0.2364968520268529,0.9624166666666666
66000130,臺中市,沙鹿區,815004.0,597370.0,1113537.0,0.4408456988389535,0.3226574491341936,0.2364968520268529,0.9624166666666666
66000140,臺中市,梧棲區,815004.0,597370.0,1113537.0,0.4408456988389535,0.3226574491341936,0.2364968520268529,0.9624166666666666
66000150,臺中市,后里區,815004.0,597370.0,1113537.0,0.4408456988389535,0.3226574491341936,0.2364968520268529,0.9624166666666666
66000160,臺中市,神岡區,815004.0,597370.0,1113537.0,0.4408456988389535,0.3226574491341936,0.2364968520268529,0.9624166666666666
66000170,臺中市,潭子區,815004.0,597370.0,1113537.0,0.4408456988389535,0.3226574491341936,0.2364968520268529,0.9624166666666666
66000180,臺中市,大雅區,815004.0,597370.0,1113537.0,0.4408456988389535,0.3226574491341936,0.2364968520268529,0.9624166666666666
66000190,臺中市,新社區,815004.0,597370.0,1113537.0,0.4408456988389535,0.3226574491341936,0.2364968520268529,0.9624166666666666
66000200,臺中市,石岡區,815004.0,597370.0,1113537.0,0.4408456988389535,0.3226574491341936,0.2364968520268529,0.9624166666666666
66000210,臺中市,外埔區,815004.0,597370.0,1113537.0,0.4408456988389535,0.3226574491341936,0.2364968520268529,0.9624166666666666
66000220,臺中市,大安區,815004.0,597370.0,1113537.0,0.4408456988389535,0.3226574491341936,0.2364968520268529,0.9624166666666666
66000230,臺中市,烏日區,815004.0,597370.0,1113537.0,0.4408456988389535,0.3226574491341936,0.2364968520268529,0.9624166666666666
66000240,臺中市,大肚區,815004.0,597370.0,1113537.0,0.4408456988389535,0.3226574491341936,0.2364968520268529,0.9624166666666666
66000250,臺中市,龍井區,815004.0,597370.0,1113537.0,0.4408456988389535,0.3226574491341936,0.2364968520268529,0.9624166666666666
66000260,臺中市,霧峰區,815004.0,597370.0,1113537.0,0.4408456988389535,0.3226574491341936,0.2364968520268529,0.9624166666666666
66000270,臺中市,太平區,815004.0,597370.0,1113537.0,0.4408456988389535,0.3226574491341936,0.2364968520268529,0.9624166666666666
66000280,臺中市,大里區,815004.0,597370.0,1113537.0,0.4408456988389535,0.3226574491341936,0.2364968520268529,0.9624166666666666
66000290,臺中市,和平區,815004.0,597370.0,1113537.0,0.4408456988389535,0.3226574491341936,0.2364968520268529,0.9624166666666666
67000010,臺南市,新營區,495911.0,460786.0,635583.0,0.3991653478031502,0.3114471072926872,0.2893875449041626,0.9620833333333333
67000020,臺南市,鹽水區,495911.0,460786.0,635583.0,0.3991653478031502,0.3114471072926872,0.2893875449041626,0.9620833333333333
67000030,臺南市,白河區,495911.0,460786.0,635583.0,0.3991653478031502,0.3114471072926872,0.2893875449041626,0.9620833333333333
67000040,臺南市,柳營區,495911.0,460786.0,635583.0,0.3991653478031502,0.3114471072926872,0.2893875449041626,0.9620833333333333
67000050,臺南市,後壁區,495911.0,460786.0,635583.0,0.3991653478031502,0.3114471072926872,0.2893875449041626,0.9620833333333333
67000060,臺南市,東山區,495911.0,460786.0,635583.0,0.3991653478031502,0.3114471072926872,0.2893875449041626,0.9620833333333333
67000070,臺南市,麻豆區,495911.0,460786.0,635583.0,0.3991653478031502,0.3114471072926872,0.2893875449041626,0.9620833333333333
67000080,臺南市,下營區,495911.0,460786.0,635583.0,0.3991653478031502,0.3114471072926872,0.2893875449041626,0.9620833333333333
67000090,臺南市,六甲區,495911.0,460786.0,635583.0,0.3991653478031502,0.3114471072926872,0.2893875449041626,0.9620833333333333
67000100,臺南市,官田區,495911.0,460786.0,635583.0,0.3991653478031502,0.3114471072926872,0.2893875449041626,0.9620833333333333
67000110,臺南市,大內區,495911.0,460786.0,635583.0,0.3991653478031502,0.3114471072926872,0.2893875449041626,0.9620833333333333
67000120,臺南市,佳里區,495911.0,460786.0,635583.0,0.3991653478031502,0.3114471072926872,0.2893875449041626,0.9620833333333333
67000130,臺南市,學甲區,495911.0,460786.0,635583.0,0.3991653478031502,0.3114471072926872,0.2893875449041626,0.9620833333333333
67000140,臺南市,西港區,495911.0,460786.0,635583.0,0.3991653478031502,0.3114471072926872,0.2893875449041626,0.9620833333333333
67000150,臺南市,七股區,495911.0,460786.0,635583.0,0.3991653478031502,0.3114471072926872,0.2893875449041626,0.9620833333333333
67000160,臺南市,將軍區,495911.0,460786.0,635583.0,0.3991653478031502,0.3114471072926872,0.2893875449041626,0.9620833333333333
67000170,臺南市,北門區,495911.0,460786.0,635583.0,0.3991653478031502,0.3114471072926872,0.2893875449041626,0.9620833333333333
67000180,臺南市,新化區,495911.0,460786.0,635583.0,0.3991653478031502,0.3114471072926872,0.2893875449041626,0.9620833333333333
67000190,臺南市,善化區,495911.0,460786.0,635583.0,0.3991653478031502,0.3114471072926872,0.2893875449041626,0.9620833333333333
67000200,臺南市,新市區,495911.0,460786.0,635583.0,0.3991653478031502,0.3114471072926872,0.2893875449041626,0.9620833333333333
67000210,臺南市,安定區,495911.0,460786.0,635583.0,0.3991653478031502,0.3114471072926872,0.2893875449041626,0.9620833333333333
67000220,臺南市,山上區,495911.0,460786.0,635583.0,0.3991653478031502,0.3114471072926872,0.2893875449041626,0.9620833333333333
67000230,臺南市,玉井區,495911.0,460786.0,635583.0,0.3991653478031502,0.3114471072926872,0.2893875449041626,0.9620833333333333
67000240,臺南市,楠西區,495911.0,460786.0,635583.0,0.3991653478031502,0.3114471072926872,0.2893875449041626,0.9620833333333333
67000250,臺南市,南化區,495911.0,460786.0,635583.0,0.3991653478031502,0.3114471072926872,0.2893875449041626,0.9620833333333333
67000260,臺南市,左鎮區,495911.0,460786.0,635583.0,0.3991653478031502,0.3114471072926872,0.2893875449041626,0.9620833333333333
67000270,臺南市,仁德區,495911.0,460786.0,635583.0,0.3991653478031502,0.3114471072926872,0.2893875449041626,0.9620833333333333
67000280,臺南市,歸仁區,495911.0,460786.0,635583.0,0.3991653478031502,0.3114471072926872,0.2893875449041626,0.9620833333333333
67000290,臺南市,關廟區,495911.0,460786.0,635583.0,0.3991653478031502,0.3114471072926872,0.2893875449041626,0.9620833333333333
67000300,臺南市,龍崎區,495911.0,460786.0,635583.0,0.3991653478031502,0.3114471072926872,0.2893875449041626,0.9620833333333333
67000310,臺南市,永康區,495911.0,460786.0,635583.0,0.3991653478031502,0.3114471072926872,0.2893875449041626,0.9620833333333333
67000320,臺南市,東區,495911.0,460786.0,635583.0,0.3991653478031502,0.3114471072926872,0.2893875449041626,0.9620833333333333
67000330,臺南市,南區,495911.0,460786.0,635583.0,0.3991653478031502,0.3114471072926872,0.2893875449041626,0.9620833333333333
67000340,臺南市,北區,495911.0,460786.0,635583.0,0.3991653478031502,0.3114471072926872,0.2893875449041626,0.9620833333333333
67000350,臺南市,安南區,495911.0,460786.0,635583.0,0.3991653478031502,0.3114471072926872,0.2893875449041626,0.9620833333333333
67000360,臺南市,安平區,495911.0,460786.0,635583.0,0.3991653478031502,0.3114471072926872,0.2893875449041626,0.9620833333333333
67000370,臺南市,中西區,495911.0,460786.0,635583.0,0.3991653478031502,0.3114471072926872,0.2893875449041626,0.9620833333333333
68000010,桃園市,桃園區,646409.0,473612.0,888993.0,0.4425021428422102,0.3217543531304411,0.23574350402734873,0.9614166666666666
68000020,桃園市,中壢區,646409.0,473612.0,888993.0,0.4425021428422102,0.3217543531304411,0.23574350402734873,0.9614166666666666
68000030,桃園市,大溪區,646409.0,473612.0,888993.0,0.4425021428422102,0.3217543531304411,0.23574350402734873,0.9614166666666666
68000040,桃園市,楊梅區,646409.0,473612.0,888993.0,0.4425021428422102,0.3217543531304411,0.23574350402734873,0.9614166666666666
68000050,桃園市,蘆竹區,646409.0,473612.0,888993.0,0.4425021428422102,0.3217543531304411,0.23574350402734873,0.9614166666666666
68000060,桃園市,大園區,646409.0,473612.0,888993.0,0.4425021428422102,0.3217543531304411,0.23574350402734873,0.9614166666666666
68000070,桃園市,龜山區,646409.0,473612.0,888993.0,0.4425021428422102,0.3217543531304411,0.23574350402734873,0.9614166666666666
68000080,桃園市,八德區,646409.0,473612.0,888993.0,0.4425021428422102,0.3217543531304411,0.23574350402734873,0.9614166666666666
68000090,桃園市,龍潭區,646409.0,473612.0,888993.0,0.4425021428422102,0.3217543531304411,0.23574350402734873,0.9614166666666666
68000100,桃園市,平鎮區,646409.0,473612.0,888993.0,0.4425021428422102,0.3217543531304411,0.23574350402734873,0.9614166666666666
68000110,桃園市,新屋區,646409.0,473612.0,888993.0,0.4425021428422102,0.3217543531304411,0.23574350402734873,0.9614166666666666
68000120,桃園市,觀音區,646409.0,473612.0,888993.0,0.4425021428422102,0.3217543531304411,0.23574350402734873,0.9614166666666666
68000130,桃園市,復興區,646409.0,473612.0,888993.0,0.4425021428422102,0.3217543531304411,0.23574350402734873,0.9614166666666666
