TOWNCODE,COUNTYNAME,TOWNNAME,population,population_density,land_area_km2,total_area,age_5_9_rate,age_10_14_rate,age_15_17_rate,age_35_44_rate,age_45_54_rate,age_55_64_rate,age_65_74_rate,age_more_than_85_rate,age_median,average_household_size
9007010,連江縣,南竿鄉,7638,734.4230769230769,10.4,4.015459519148723,0.04043507950443859,0.04043507950443859,0.05215100965759438,0.1533508925958443,0.12920690664325432,0.11486684225929178,0.056540825285338006,0.007538776704711735,36.8,4.4
9007020,連江縣,北竿鄉,2717,274.44444444444446,9.9,3.822408580728111,0.032454724762417064,0.032454724762417064,0.07181280258203335,0.11242603550295859,0.11350188273265197,0.10973641742872513,0.07165142549757934,0.009553523399677246,37.0,4.6
9007030,連江縣,莒光鄉,1489,316.80851063829783,4.7,1.81467882115375,0.019328585961342827,0.019328585961342827,0.0839267548321465,0.1017293997965412,0.09969481180061038,0.09155645981688708,0.056765005086469984,0.007568667344862666,35.5,5.3
9007040,連江縣,東引鄉,1435,377.63157894736844,3.8,1.4671871319966487,0.01918577445016378,0.01918577445016378,0.09307440336920916,0.11932615816565278,0.07487131492746842,0.07299953205428171,0.01881141787552644,0.002508189050070192,31.7,7.9
9020010,金門縣,金城鎮,43000,1980.3804172615482,21.713,8.383430051853484,0.058823529411764705,0.058823529411764705,0.02639439195367266,0.16636188154018083,0.12379355887432693,0.14533170781265875,0.1072234074977141,0.014296454333028548,41.2,3.2
9020020,金門縣,金沙鎮,20732,503.3260500121389,41.19,15.90353630708999,0.04739888738535558,0.04739888738535558,0.033423545331529095,0.13159675236806495,0.13114569237708615,0.14682002706359945,0.12496617050067658,0.01666215606675688,43.4,3.3
9020030,金門縣,金湖鎮,30400,729.0867229470454,41.696,16.09890385677165,0.052098915914085726,0.052098915914085726,0.03635104437918998,0.15734943764197462,0.11424455648512383,0.13097678541747465,0.08410438251426672,0.011213917668568897,38.8,3.5
9020040,金門縣,金寧鄉,33070,1107.724258055872,29.854,11.526685431217881,0.05886159134566778,0.05886159134566778,0.05062784349408553,0.15001516530178952,0.13205944798301486,0.11373976342129208,0.07443130118289354,0.009924173491052471,36.9,3.1
9020050,金門縣,烈嶼鄉,12733,795.6633131287883,16.003,6.178788335090098,0.0448121337469838,0.0448121337469838,0.038314374353671146,0.13055842812823165,0.0985005170630817,0.11452947259565667,0.1375904860392968,0.018345398138572905,43.0,3.8
9020060,金門縣,烏坵鄉,662,551.6666666666667,1.2,0.463322252209468,0.0030721966205837174,0.0030721966205837174,0.0663594470046083,0.12903225806451613,0.059907834101382486,0.02304147465437788,0.030414746543778803,0.004055299539170507,32.7,10.3
10002010,宜蘭縣,宜蘭市,95395,3243.8452121871596,29.408,11.354483994146698,0.04076047368311515,0.04076047368311515,0.04015588253657724,0.15276072342816707,0.15631959041811483,0.14720389602281006,0.10453079148369372,0.013937438864492498,42.4,3.0
10002020,宜蘭縣,羅東鎮,71484,6301.036598265285,11.3448,4.380248572388311,0.043097875510852535,0.043097875510852535,0.026762646681786805,0.14605725931039015,0.15982973408276632,0.15327219537849654,0.12554974854550832,0.016739966472734444,44.5,2.7
10002030,宜蘭縣,蘇澳鎮,38864,436.578012033305,89.0196,34.370634635654966,0.030111635971197565,0.030111635971197565,0.03455230614086301,0.15755533145799056,0.12865559152911205,0.13916458786688604,0.12338517063850114,0.016451356085133487,44.2,3.1
10002040,宜蘭縣,頭城鎮,28819,285.6392415727553,100.893,38.95497666014155,0.03957495993905482,0.03957495993905482,0.03004964930254551,0.15812908818661833,0.15363700843250058,0.1387816218772165,0.11095436992670818,0.014793915990227757,43.0,3.0
10002050,宜蘭縣,礁溪鄉,35274,347.77447603122613,101.4278,39.161463943876235,0.04032465349862585,0.04032465349862585,0.042867311228423986,0.13713743401150721,0.15448721750993535,0.14312829942463967,0.10703481819799514,0.014271309093066018,42.3,3.0
10002060,宜蘭縣,壯圍鄉,24366,633.2630747279536,38.4769,14.856003305032067,0.04492152264116904,0.04492152264116904,0.028346563232906366,0.1497384088038968,0.1624120512357929,0.1538426844668952,0.09825906548800288,0.013101208731733718,42.3,3.2
10002070,宜蘭縣,員山鄉,32258,288.2479407670051,111.9106,43.20889269842741,0.03686975462873983,0.03686975462873983,0.028204881798962137,0.1324876673713883,0.1695816516112499,0.16580178102376833,0.12404382087257351,0.016539176116343136,45.4,3.2
10002080,宜蘭縣,冬山鄉,53024,663.9843821416453,79.8573,30.833053409472623,0.046305191561311146,0.046305191561311146,0.02740268224263152,0.16335549321753834,0.15175037466856242,0.16049264112515851,0.10090689005879415,0.01345425200783922,42.4,3.1
10002090,宜蘭縣,五結鄉,40297,1036.7894697571983,38.8671,15.006660257375513,0.04798037863110294,0.04798037863110294,0.023553307273702768,0.1591170383996321,0.1603689226131167,0.1535474310824966,0.09764696865179735,0.013019595820239647,42.2,2.9
10002100,宜蘭縣,三星鄉,21215,147.09777443112716,144.2238,55.685079865173236,0.028955389304516486,0.028955389304516486,0.05073679437769213,0.15895866394619512,0.14346708985112974,0.137383813194287,0.09338018589888913,0.012450691453185218,41.4,4.0
10002110,宜蘭縣,大同鄉,6137,9.333212885156616,657.5442,253.87904972606074,0.0725181295323831,0.0725181295323831,0.02558139534883721,0.14403600900225055,0.14803700925231308,0.1700425106276569,0.07591897974493624,0.010122530632658165,38.8,2.9
10002120,宜蘭縣,南澳鄉,5954,8.038863055794083,740.652,285.96712728620577,0.08437614343212586,0.08437614343212586,0.02917672886937431,0.14138309549945116,0.11481888035126235,0.15148188803512624,0.06968166849615806,0.009290889132821075,36.1,3.6
10004010,新竹縣,竹北市,200782,4287.089962228376,46.8341,18.082733910169537,0.06873317579676287,0.06873317579676287,0.024333122587067352,0.24164525574283574,0.15836460897599736,0.08496213293157023,0.04318325508817713,0.005757767345090285,35.4,3.0
10004020,新竹縣,竹東鎮,97100,1814.5021891754013,53.5133,20.66158556596744,0.052261016555803314,0.052261016555803314,0.02578396229077874,0.18261875864404867,0.15593628571697385,0.1268452397753253,0.08389737220920715,0.011186316294560954,40.2,3.1
10004030,新竹縣,新埔鎮,33027,457.4940678283057,72.1911,27.87311920123244,0.03507459239757979,0.03507459239757979,0.03351253983649716,0.14579465151725093,0.1273105168352501,0.13822918110018012,0.12570320077594568,0.016760426770126093,43.7,3.5
10004040,新竹縣,關西鎮,27775,221.28071141250788,125.5193,48.46323730979657,0.0335095813828175,0.0335095813828175,0.05253763513285959,0.13188293537197318,0.14431010675916883,0.13360051190516284,0.10513589061394941,0.01401811874852659,42.0,3.5
10004050,新竹縣,湖口鄉,78971,1351.5419225983778,58.4303,22.560048494395733,0.0459204468766078,0.0459204468766078,0.04023092188345661,0.18237216108404997,0.12231643514342413,0.09799146070118468,0.05928197726862709,0.007904263635816946,36.7,3.7
10004060,新竹縣,新豐鄉,57511,1240.8089821702883,46.3496,17.895667550839967,0.04397916350579072,0.04397916350579072,0.04929449248975876,0.16489151873767258,0.13463814292216658,0.12054316492186315,0.07239872553482021,0.009653163404642695,38.3,3.4
10004070,新竹縣,芎林鄉,19872,487.2283981189531,40.7858,15.747473928470768,0.04110619602178688,0.04110619602178688,0.03656224609551322,0.14796425024826215,0.1428184526496344,0.14304414552676717,0.08988895910445065,0.011985194547260087,41.0,3.2
10004080,新竹縣,橫山鄉,12547,189.1026703762762,66.3502,25.617936748790537,0.041508904781938014,0.041508904781938014,0.038443416070677326,0.1363904080774085,0.14127050904501473,0.14076567101388304,0.13251998317206562,0.01766933108960875,44.0,3.2
10004090,新竹縣,北埔鄉,9035,178.3190835958285,50.6676,19.562855455040367,0.037944529521864896,0.037944529521864896,0.036791730474732005,0.1310617662072486,0.12927514037774374,0.1532669729453803,0.12059724349157733,0.016079632465543645,43.6,3.2
10004100,新竹縣,寶山鄉,14619,225.64677227411013,64.7871,25.01442090510002,0.041078481882191306,0.041078481882191306,0.03089644513137558,0.17357032457496135,0.13019062339000514,0.12771767130345182,0.06967542503863988,0.00929005667181865,39.1,3.3
10004110,新竹縣,峨眉鄉,5403,115.44625114847973,46.801,18.069953938046094,0.03420881971465629,0.03420881971465629,0.02115758754863813,0.1267023346303502,0.14153696498054474,0.16682879377431906,0.1672178988326848,0.022295719844357978,48.7,3.0
10004120,新竹縣,尖石鄉,9646,18.28350040136131,527.5795,203.69943513295422,0.07714360177221788,0.07714360177221788,0.02363174354964816,0.1483580922595778,0.1354573885848319,0.15500390930414387,0.08033620015637216,0.010711493354182955,38.1,2.8
10004130,新竹縣,五峰鄉,4487,19.703330288765542,227.728,87.92620820929811,0.05750176928520877,0.05750176928520877,0.02197452229299363,0.12314225053078556,0.14437367303609341,0.2070063694267516,0.10828025477707005,0.01443736730360934,42.9,2.3
10005010,苗栗縣,苗栗市,87671,2313.9638617180203,37.8878,14.628550689384902,0.043679985689689865,0.043679985689689865,0.03460970865102967,0.15495382688996714,0.13749077655792322,0.15675379558616373,0.11263332066274624,0.015017776088366167,43.0,2.9
10005020,苗栗縣,苑裡鎮,44562,652.9489078688828,68.2473,26.35041061934602,0.043048762771778604,0.043048762771778604,0.030666795796813712,0.14946007457265992,0.14846738656723646,0.15110648394750859,0.11153939276548351,0.014871919035397804,43.1,3.4
10005030,苗栗縣,通霄鎮,33061,306.55010820724607,107.8486,41.640546874698366,0.03538491221300405,0.03538491221300405,0.023731429673934015,0.13312753231719082,0.13721782751302333,0.16974725062704998,0.15778506656376617,0.021038008875168823,47.6,2.9
10005040,苗栗縣,竹南鎮,87190,2321.401946793329,37.5592,14.501677612654875,0.05201241116734074,0.05201241116734074,0.028781781598683005,0.20184744832632157,0.13833506087027214,0.1074426356116497,0.06736784342418145,0.008982379123224193,37.9,3.2
10005050,苗栗縣,頭份市,104441,1958.740071829784,53.3205,20.58714512411245,0.05309338515312812,0.05309338515312812,0.029652751049069212,0.1851149517005717,0.14641908320268862,0.12628258685917595,0.09787182110905626,0.01304957614787417,40.9,3.2
10005060,苗栗縣,後龍鎮,35221,464.6085698192405,75.8079,29.26957246939178,0.03538603845623979,0.03538603845623979,0.04744346696581449,0.15005609021668537,0.14028458404676153,0.1426757985475586,0.11387494833795832,0.01518332644506111,42.6,3.4
10005070,苗栗縣,卓蘭鎮,16196,212.22480944188126,76.3153,29.46548056170101,0.03434959349593496,0.03434959349593496,0.024077743902439025,0.14131097560975608,0.14801829268292682,0.178125,0.15416158536585367,0.02055487804878049,47.8,2.8
10005080,苗栗縣,大湖鄉,13884,152.84083153162277,90.8396,35.073340051505994,0.04146687173919599,0.04146687173919599,0.023504930788021353,0.13073373744684702,0.14249525015832806,0.1824843933773636,0.14868361530806115,0.01982448204107482,47.1,2.7
10005090,苗栗縣,公館鄉,32397,453.4073780690055,71.4523,27.58786713462214,0.040913037187093035,0.040913037187093035,0.025980321227029375,0.13999421212559687,0.15269136159745333,0.18224569526841267,0.11839820575893502,0.015786427434524672,44.9,2.9
10005100,苗栗縣,銅鑼鄉,17279,220.45023953661945,78.3805,30.262858157753506,0.040094941054159554,0.040094941054159554,0.028547048784793735,0.14747248867180604,0.13123050667922084,0.1613605602306832,0.12428647089978226,0.016571529453304302,44.3,3.3
10005110,苗栗縣,南庄鄉,9573,57.84506730765745,165.4938,63.89746678558605,0.04773303294846522,0.04773303294846522,0.03134328358208955,0.13376513658124473,0.1378484933821459,0.15277386651647423,0.13078006195437905,0.017437341593917206,43.9,2.7
10005120,苗栗縣,頭屋鄉,10240,195.03053065826612,52.5046,20.272124602797696,0.04011589034989971,0.04011589034989971,0.030521506574548697,0.1362825941609093,0.14040561622464898,0.15154891909962112,0.13218185870291954,0.01762424782705594,44.7,3.1
10005130,苗栗縣,三義鄉,15665,225.90795819008284,69.3424,26.773230784674844,0.04166084486050952,0.04166084486050952,0.022551348330305993,0.14447394159564064,0.1451725583344977,0.18792790275254995,0.11355316473382701,0.01514042196451027,44.6,3.1
10005140,苗栗縣,西湖鄉,6729,163.8190856903578,41.0758,15.859443472754723,0.03233506944444444,0.03233506944444444,0.019661458333333333,0.1384548611111111,0.14322916666666666,0.17078993055555555,0.16940104166666664,0.022586805555555554,49.6,3.0
10005150,苗栗縣,造橋鄉,12177,253.69912787669435,47.9978,18.53204066424967,0.035628750571836065,0.035628750571836065,0.03678856866069266,0.1510454508759183,0.12585775409703723,0.15338661499959635,0.11106805521918141,0.014809074029224188,42.9,3.5
10005160,苗栗縣,三灣鄉,6364,121.69097681675986,52.2964,20.191738192039352,0.039840088227185,0.039840088227185,0.02332506203473945,0.1337882547559967,0.1360628618693135,0.17245657568238212,0.14578163771712158,0.01943755169561621,46.4,3.1
10005170,苗栗縣,獅潭鄉,4158,52.34639769162206,79.4324,30.66899872200279,0.03387278885961611,0.03387278885961611,0.014904027098231087,0.11554384644335718,0.12834023334587882,0.1859239744072262,0.20933383515242757,0.027911178020323675,52.6,2.6
10005180,苗栗縣,泰安鄉,5782,9.409081374559062,614.5127,237.26450681276762,0.04724596391263057,0.04724596391263057,0.02297008547008547,0.13532763532763534,0.16203703703703703,0.19195156695156695,0.11431623931623931,0.015242165242165243,44.4,2.4
10007010,彰化縣,彰化市,231317,3521.090742479987,65.6947,25.364846968521114,0.04671196458526364,0.04671196458526364,0.033055974419998906,0.1740820812819069,0.14645822357066293,0.14080355358537872,0.08948821830205475,0.011931762440273969,40.7,3.2
10007020,彰化縣,鹿港鎮,86550,2193.221412733608,39.4625,15.236545314846776,0.044510319865880596,0.044510319865880596,0.028891183426040037,0.17059143545504002,0.13840500061064295,0.13451909091918418,0.09849115677980215,0.013132154237306955,41.5,3.7
10007030,彰化縣,和美鎮,90095,2256.069313500858,39.9345,15.418785400715834,0.04479865471654233,0.04479865471654233,0.030152954435678635,0.18452208447378307,0.14876831428111414,0.13470723984328878,0.0850555466108517,0.01134073954811356,40.7,3.6
10007040,彰化縣,線西鄉,16665,921.4513203874907,18.0856,6.982884103799629,0.04402360028056277,0.04402360028056277,0.033754177497215,0.17638321574452284,0.12526302760242605,0.14209679415769277,0.08039361307092462,0.010719148409456616,40.0,3.9
10007050,彰化縣,伸港鄉,37740,1690.345235322572,22.3268,8.620419383858625,0.04964029439669863,0.04964029439669863,0.030176582750711584,0.1947660762152154,0.12706220465913173,0.132975930582806,0.08058142426838366,0.010744189902451155,39.5,3.6
10007060,彰化縣,福興鄉,46399,929.9626804346867,49.8934,19.263935381989892,0.04062211913046064,0.04062211913046064,0.0279150682487287,0.17220537068427158,0.13460165938085467,0.1458203229547685,0.10072709429922384,0.013430279239896512,42.2,3.5
10007070,彰化縣,秀水鄉,38872,1324.6685091345287,29.3447,11.330043745342646,0.04488501897745032,0.04488501897745032,0.03331547220361688,0.1697521768251842,0.12918955123911588,0.1414333556597455,0.09802545210984594,0.013070060281312792,41.3,3.5
10007080,彰化縣,花壇鄉,45232,1244.452759382506,36.3469,14.03360630736026,0.0443270218699545,0.0443270218699545,0.02834874504623514,0.16164685160722148,0.14059885512989873,0.15033025099075298,0.10464993394980185,0.013953324526640248,42.4,3.3
10007090,彰化縣,芬園鄉,23188,609.8831153801643,38.0204,14.679747798254049,0.03941341087816394,0.03941341087816394,0.031813704798086394,0.1427231368134703,0.13714178509450775,0.1481168800712912,0.11819333051920641,0.01575911073589419,43.5,3.5
10007100,彰化縣,員林市,124263,3103.626554772966,40.038,15.4587469449689,0.04757034150126531,0.04757034150126531,0.02482827944379293,0.18155205403355937,0.14802796906825616,0.14684642583170945,0.10443431413178617,0.013924575217571488,42.4,2.9
10007110,彰化縣,溪湖鎮,54814,1709.7744173279434,32.0592,12.378117290028147,0.04488474103049243,0.04488474103049243,0.026040094389761684,0.16507578817576904,0.13280469397733796,0.16354514339165374,0.10496396607070728,0.013995195476094305,42.8,3.2
10007120,彰化縣,田中鎮,40717,1176.6014749057956,34.6056,13.36128710921664,0.041027991863163624,0.041027991863163624,0.02595765406985073,0.14669226141019395,0.13858407586740396,0.1640833166203478,0.13614875512133626,0.018153167349511504,45.3,3.1
10007130,彰化縣,大村鄉,38457,1249.2650331181762,30.7837,11.885644346117168,0.04350801872851432,0.04350801872851432,0.05177096458070838,0.16783331000046667,0.126090811517103,0.13061738765224695,0.0757244855102898,0.01009659806803864,38.6,3.8
10007140,彰化縣,埔鹽鄉,31919,826.7436107966981,38.6081,14.906659871273636,0.04471886004804216,0.04471886004804216,0.02721262156300287,0.16836913174281118,0.1315679003708109,0.14479115651017982,0.10771706429720843,0.01436227523962779,42.5,3.5
10007150,彰化縣,埔心鄉,34451,1644.2350829968595,20.9526,8.089838184703417,0.04896427622027278,0.04896427622027278,0.026998343659898165,0.18689037482363044,0.13615729096374454,0.1535488620330041,0.08992086375069014,0.01198944850009202,41.2,3.2
10007160,彰化縣,永靖鄉,36300,1758.8743204349216,20.6382,7.9684477546245365,0.03638392857142857,0.03638392857142857,0.022691326530612246,0.14496173469387755,0.15746173469387756,0.16568877551020408,0.13888392857142856,0.018517857142857145,46.5,3.3
10007170,彰化縣,社頭鄉,42436,1174.0522176019301,36.1449,13.955613728238333,0.04417703632800036,0.04417703632800036,0.026353069875564062,0.1618487624777793,0.1504444140571585,0.1651032408040476,0.11051552030630384,0.01473540270750718,43.4,3.0
10007180,彰化縣,二水鄉,14642,497.2677781211687,29.4449,11.368731153402138,0.03423740164071656,0.03423740164071656,0.024284279256654946,0.1347731458228696,0.14808304034823372,0.181650761761259,0.14836765444500252,0.019782353926000334,47.4,3.0
10007190,彰化縣,北斗鎮,33358,1732.460126618436,19.2547,7.434275808014704,0.050323728865568136,0.050323728865568136,0.026963085703765075,0.1819939243302955,0.14237933044892448,0.143023719660008,0.09632698149682409,0.01284359753290988,41.3,3.1
10007200,彰化縣,二林鎮,49687,535.1446130118322,92.8478,35.84870984057854,0.040677784904853534,0.040677784904853534,0.02505727114450655,0.1718592504352607,0.14808027123614037,0.14863007422340327,0.13137542380646935,0.017516723174195916,45.3,3.3
10007210,彰化縣,田尾鄉,26691,1110.3900156006239,24.0375,9.280923864570907,0.04059347499463404,0.04059347499463404,0.02858982614294913,0.14737604636188023,0.15940920798454605,0.15856406954282035,0.11230682549903412,0.014974243399871218,43.8,3.3
10007220,彰化縣,埤頭鄉,30072,703.4254329743537,42.7508,16.506164116463772,0.04636481305101717,0.04636481305101717,0.0319693750457909,0.1680342882262437,0.13572422888123672,0.14744669939189683,0.09734779104696314,0.01297970547292842,41.4,3.2
10007230,彰化縣,芳苑鄉,32720,358.0546427277811,91.3827,35.283031980818464,0.03556801830055713,0.03556801830055713,0.024119101206508505,0.1630815776851271,0.1477327233147622,0.13002250673357194,0.13506253920230232,0.018008338560306977,45.1,3.3
10007240,彰化縣,大城鄉,16119,252.884346868401,63.7406,24.610365290985683,0.03640269562402519,0.03640269562402519,0.023227686059856978,0.1574114946587799,0.13278008298755187,0.12139136576322063,0.17909419969983226,0.023879226626644302,48.2,3.0
10007250,彰化縣,竹塘鄉,14808,351.1817522091153,42.1662,16.280448959262394,0.04162209471943985,0.04162209471943985,0.025585918506272485,0.14762228921520956,0.14217640766313333,0.13780025284450062,0.16185937955849458,0.02158125060779928,46.8,2.7
10007260,彰化縣,溪州鄉,29158,384.5129300681779,75.831,29.27849142274681,0.04563091727456154,0.04563091727456154,0.03180195561074034,0.16339438149930158,0.13685395002328107,0.13627192301722799,0.1263464224740028,0.016846189663200374,43.4,3.2
10008010,南投縣,南投市,99081,1383.7722636626581,71.6021,27.645705195772955,0.04099147348525794,0.04099147348525794,0.027004451607197253,0.16393313744951404,0.14526193728442133,0.15923585656587494,0.1089494010475526,0.014526586806340348,43.4,3.0
10008020,南投縣,埔里鎮,79191,488.16226089197136,162.2227,62.634488936250726,0.04543670775355432,0.04543670775355432,0.03156550970908214,0.15219642274577666,0.14699082282520815,0.17133090310775734,0.11283244209301994,0.01504432561240266,43.4,2.9
10008030,南投縣,草屯鎮,97489,937.0995850343209,104.0327,40.16722072285994,0.04136717136339961,0.04136717136339961,0.027738563500188586,0.16145266447545664,0.15553639743520664,0.16452395064389244,0.10259388975699121,0.013679185300932163,43.1,2.9
10008040,南投縣,竹山鎮,53464,216.16122981928478,247.3339,95.49608299645945,0.04072620586923152,0.04072620586923152,0.02040242270262913,0.15346051765986887,0.1402127804369031,0.1684322754803439,0.15546128893224143,0.02072817185763219,47.2,2.7
10008050,南投縣,集集鎮,10461,210.36945872245954,49.7268,19.199610809308144,0.03465453757851418,0.03465453757851418,0.024951267056530214,0.13731860515486247,0.1402425817630496,0.17684643708035522,0.14223521767381417,0.01896469568984189,46.8,2.6
10008060,南投縣,名間鄉,37507,451.3722163053354,83.0955,32.083328507059875,0.03771396359773217,0.03771396359773217,0.025191063124004032,0.1375654492829035,0.15603759471852743,0.16472080392858304,0.1356336791440372,0.018084490552538295,46.0,2.9
10008070,南投縣,鹿谷鄉,17231,121.43221086117433,141.8981,54.7871227302036,0.032901380006731734,0.032901380006731734,0.015196903399528778,0.11856277347694379,0.12234937731403568,0.21011443958263212,0.17898014136654325,0.02386401884887243,50.6,2.2
10008080,南投縣,中寮鄉,14301,97.51517345918047,146.6541,56.623423256460455,0.03475382705833678,0.03475382705833678,0.02817542407943732,0.1206040546131568,0.14304923458833263,0.18204385601985934,0.1519859329747621,0.020264791063301615,47.4,2.4
10008090,南投縣,魚池鄉,15466,127.42484974067649,121.3735,46.86253614878822,0.036322360953461974,0.036322360953461974,0.023103117087226056,0.13943944817951628,0.1452894438138479,0.16240286387845979,0.15978346284816203,0.021304461713088273,47.7,2.5
10008100,南投縣,國姓鄉,17965,102.245706135653,175.7042,67.83972138888568,0.04018105296593345,0.04018105296593345,0.018462637973477327,0.1124434209481458,0.16016834749463987,0.19582307631223694,0.15041689827682045,0.020055586436909394,47.8,2.4
10008110,南投縣,水里鄉,16980,158.925669958743,106.8424,41.252051166220724,0.03669291338582677,0.03669291338582677,0.01696062992125984,0.12716535433070866,0.12968503937007875,0.19669291338582678,0.17900787401574803,0.02386771653543307,49.8,2.2
10008120,南投縣,信義鄉,15878,11.16267585889613,1422.4188,549.1985683342407,0.061916433239962654,0.061916433239962654,0.017935924369747898,0.12359943977591037,0.15835084033613445,0.17778361344537816,0.1078781512605042,0.01438375350140056,42.4,2.6
10008130,南投縣,仁愛鄉,15818,12.420583021444626,1273.5312,491.71278653585534,0.06774590885095899,0.06774590885095899,0.023042407179306702,0.11877529473869435,0.1503607249692064,0.17103642442371986,0.08942459968326588,0.011923279957768785,39.9,2.9
10009010,雲林縣,斗六市,108677,1159.6530335026052,93.7151,36.18357599836293,0.04583648323383992,0.04583648323383992,0.03488438778968223,0.16946030256423625,0.14192365510110094,0.1456079525212238,0.08870467401788273,0.011827289869051032,40.7,3.1
10009020,雲林縣,斗南鎮,44154,916.9998234701612,48.1505,18.590998420843327,0.03801190734446935,0.03801190734446935,0.02904042230096175,0.14136958565333718,0.14696169884542146,0.16108660544266878,0.12038469882131751,0.01605129317617567,44.4,2.9
10009030,雲林縣,虎尾鎮,70899,1031.3781967356201,68.742,26.541415217819377,0.04493869845488283,0.04493869845488283,0.05320526879362171,0.16266948769883763,0.1438210364713016,0.1253854192200018,0.09371589281797892,0.012495452375730522,39.9,3.3
10009040,雲林縣,西螺鎮,45463,912.9391447533561,49.7985,19.22729431387766,0.0435078848515819,0.0435078848515819,0.028772760280788574,0.1576880664855706,0.1553212662381324,0.1415776875285764,0.11765686775503617,0.01568758236733816,43.6,3.0
10009050,雲林縣,土庫鎮,28305,577.4032459425717,49.0212,18.92717732500898,0.05394153317042266,0.05394153317042266,0.032977774329932895,0.16155308172685312,0.13323765563787285,0.13106551336255381,0.11962297816221248,0.01594973042162833,42.3,3.1
10009060,雲林縣,北港鎮,39089,941.9058841105642,41.4999,16.023189278723084,0.03965965965965966,0.03965965965965966,0.028279279279279278,0.14741741741741743,0.15438438438438437,0.16033033033033034,0.1434234234234234,0.01912312312312312,46.2,2.5
10009070,雲林縣,古坑鄉,30868,185.27555146606454,166.6059,64.32685068282117,0.037888901603285396,0.037888901603285396,0.026913834534843802,0.14208338101232024,0.14727085478887744,0.1432276766983255,0.14816340542396156,0.019755120723194877,46.2,2.9
10009080,雲林縣,大埤鄉,18604,413.44702904396485,44.9973,17.373541982787582,0.038590350251723166,0.038590350251723166,0.02880015557140079,0.15459907953587865,0.15064497309911196,0.12834640565242755,0.1403254035133208,0.018710053801776108,45.2,2.8
10009090,雲林縣,莿桐鄉,28311,556.7529724563522,50.8502,19.633357657751578,0.04154999066591994,0.04154999066591994,0.026414113129050322,0.16689335146811746,0.1318505480438435,0.15165213217057363,0.12214577166173293,0.01628610288823106,43.9,3.2
10009100,雲林縣,林內鄉,17434,463.6270559921284,37.6035,14.518781925798942,0.03365729567542887,0.03365729567542887,0.032483203965820884,0.13880373100254387,0.1279107690300698,0.14532646272258823,0.15396255951992693,0.020528341269323593,46.3,3.1
10009110,雲林縣,二崙鄉,26029,437.00314795383,59.5625,22.997193039355366,0.04057271855768933,0.04057271855768933,0.028207625939326464,0.14648854253641339,0.1366082196864273,0.13915947676036738,0.1498190926802115,0.0199758790240282,45.8,3.1
10009120,雲林縣,崙背鄉,23784,406.6753300047876,58.484,22.580782165182107,0.03852498270632682,0.03852498270632682,0.024759218858085456,0.15330176129409886,0.1367530463470441,0.14228702176342256,0.16336933964774117,0.021782578619698824,47.3,2.8
10009130,雲林縣,麥寮鄉,47951,598.1403773133018,80.1668,30.952551940354983,0.04923340897769413,0.04923340897769413,0.02701610671389827,0.21464548624564123,0.15254331100902196,0.11997011125255992,0.08767365915758012,0.011689821221010683,40.6,2.8
10009140,雲林縣,東勢鄉,14155,292.72358043022405,48.3562,18.670419576909566,0.03931350401606425,0.03931350401606425,0.025301204819277105,0.1374246987951807,0.13751882530120482,0.1560617469879518,0.15367093373493976,0.020489457831325303,46.5,2.6
10009150,雲林縣,褒忠鄉,12477,336.7138755154472,37.0552,14.3070822667269,0.036822905912313304,0.036822905912313304,0.031065455296303942,0.144435267396242,0.12533553582490192,0.13658889118315093,0.15009291761304974,0.0200123890150733,45.8,3.0
10009160,雲林縣,臺西鄉,23012,425.37381026760545,54.0983,20.887455163919554,0.04272834182673461,0.04272834182673461,0.018384947079576636,0.1440611524892199,0.15242388605775514,0.15895727165817328,0.15056840454723636,0.02007578727296485,46.9,2.7
10009170,雲林縣,元長鄉,24694,344.9499351839435,71.5872,27.639952277808025,0.03639614113202455,0.03639614113202455,0.023831208257437765,0.1392936652499494,0.13742157458004453,0.14288605545436148,0.17034001214329084,0.022712001619105443,47.9,2.8
10009180,雲林縣,四湖鄉,22387,290.2920036463176,77.1189,29.77575202993062,0.03552052161642702,0.03552052161642702,0.025706152835559447,0.1392599080359098,0.13641340048171666,0.15684986497335962,0.1790234289467922,0.02386979052623896,49.4,2.5
10009190,雲林縣,口湖鄉,26403,328.14573980999535,80.4612,31.066220332897043,0.03827152901625566,0.03827152901625566,0.02300596519279257,0.13049627944160877,0.14476354467744912,0.16401205337925095,0.16475001537420822,0.021966668716561097,48.2,2.6
10009200,雲林縣,水林鄉,24177,331.3815307943452,72.9582,28.169297950957343,0.03355731069983103,0.03355731069983103,0.0258693858304845,0.1337970057762584,0.14971118708004244,0.1404573853589532,0.18633738064364022,0.024844984085818696,49.4,2.6
10010010,嘉義縣,太保市,38536,576.0549147637242,66.8964,25.828825593921213,0.05107053820208241,0.05107053820208241,0.028533326000879895,0.17515398152221734,0.1714144302683678,0.14020567531896172,0.08610316761988561,0.011480422349318082,40.9,2.9
10010020,嘉義縣,朴子市,41669,840.5464994543478,49.5737,19.140498611963753,0.04570134644883251,0.04570134644883251,0.03308173650507657,0.14659979060651068,0.15176158359913322,0.14058581480850235,0.12005551362275084,0.01600740181636678,43.2,2.7
10010030,嘉義縣,布袋鎮,25990,421.0222790281011,61.7307,23.834339128722505,0.03548197356584319,0.03548197356584319,0.02204691716836205,0.13421216524807972,0.17126842433049616,0.16068092173552004,0.15572970728669297,0.020763960971559064,48.0,2.5
10010040,嘉義縣,大林鎮,30381,473.4728354291894,64.1663,24.774728859956994,0.02861984226261766,0.02861984226261766,0.06897772336518244,0.11077103239028026,0.11369866659569372,0.14350730577808532,0.11510393101429217,0.015347190801905624,41.8,3.4
10010050,嘉義縣,民雄鄉,71317,834.1472029980034,85.4969,33.01051355410639,0.0343361712592662,0.0343361712592662,0.05564286634422831,0.14752140155285687,0.14425407829864975,0.15073017062688104,0.08423370144394608,0.011231160192526145,40.5,3.0
10010060,嘉義縣,溪口鄉,14055,425.3123647730608,33.0463,12.75923845265812,0.03113568694172692,0.03113568694172692,0.03463207145895364,0.11161207996597193,0.13568694172692472,0.1321139940450872,0.18354742662696724,0.024472990216928964,48.7,3.2
10010070,嘉義縣,新港鄉,31162,471.7976669013392,66.0495,25.50183591442438,0.032075248927545354,0.032075248927545354,0.024133181156283205,0.140619465543705,0.1465622417253729,0.16911330630878824,0.15936872761619897,0.021249163682159865,48.2,2.7
10010080,嘉義縣,六腳鄉,22196,356.4940999230669,62.2619,24.039436445700563,0.03479075702294794,0.03479075702294794,0.022303965548178716,0.12183743046832944,0.14259226030264968,0.16167234882469048,0.17986721693881214,0.023982295591841618,49.5,2.6
10010090,嘉義縣,東石鄉,23766,291.3139034175389,81.5821,31.49900192664837,0.03166755745590593,0.03166755745590593,0.023450026723677176,0.1463121325494388,0.13588989845002672,0.14858364510956706,0.18792089791555316,0.025056119722073757,49.9,2.4
10010100,嘉義縣,義竹鄉,17602,221.9882082164139,79.2925,30.614983069432704,0.03226959127016849,0.03226959127016849,0.023229158077018225,0.13540034633462522,0.13053516945658447,0.17778510761111568,0.17202935598251837,0.022937247464335783,49.3,2.6
10010110,嘉義縣,鹿草鄉,14913,274.5645317784557,54.3151,20.97116205081873,0.026865525432860672,0.026865525432860672,0.019263830725148774,0.17860553963705827,0.1554624935713761,0.1558298435089266,0.1495702005730659,0.01994269340974212,48.4,3.5
10010120,嘉義縣,水上鄉,49012,709.0876999065391,69.1198,26.687284506889988,0.040427345497426825,0.040427345497426825,0.029751398742573685,0.14879544711695603,0.16181192440060757,0.17054084712849205,0.10079021745400012,0.013438695660533349,43.4,3.0
10010130,嘉義縣,中埔鄉,44131,340.7757124236303,129.5016,50.00081081394137,0.03966256417361319,0.03966256417361319,0.027951601357748167,0.14348719606530122,0.15304685154824854,0.18209527328145567,0.11899692890294872,0.015866257187059828,44.9,2.9
10010140,嘉義縣,竹崎鄉,34797,214.49758854336184,162.2256,62.63560863169356,0.03353752118615793,0.03353752118615793,0.022472674860872,0.13772670857188613,0.13688593506025543,0.18440965688433358,0.1625575529487128,0.02167434039316171,48.5,2.7
10010150,嘉義縣,梅山鄉,18687,156.04085269265872,119.7571,46.23844107506207,0.03543655001767409,0.03543655001767409,0.019465800636267228,0.12413838812301166,0.16098886532343584,0.16987009544008483,0.16328207847295864,0.021770943796394486,48.5,2.6
10010160,嘉義縣,番路鄉,11180,95.12715812294887,117.5269,45.37735666933077,0.041933819736163315,0.041933819736163315,0.027525978332964846,0.11706831748839266,0.16515586999778908,0.1735573734247181,0.13882378952022992,0.018509838602697323,46.1,2.9
10010170,嘉義縣,大埔鄉,4560,26.32077170655572,173.2472,66.89106907748679,0.03378042722305017,0.03378042722305017,0.006929955290611028,0.11102831594634874,0.14605067064083457,0.21833084947839046,0.20566318926974667,0.027421758569299556,52.7,1.9
10010180,嘉義縣,阿里山鄉,5527,12.918166326241314,427.8471,165.19256831107458,0.04201951770304056,0.04201951770304056,0.015606097265908541,0.1676748124848778,0.16936849745947255,0.1969513670457295,0.10016936849745946,0.013355915799661262,44.5,2.8
10013010,屏東縣,屏東市,197647,3037.592020532682,65.067,25.122490820427878,0.036952824248089794,0.036952824248089794,0.04029787524100727,0.1577940288624457,0.1515424464915185,0.1552817107133815,0.10025025804818197,0.01336670107309093,42.3,2.9
10013020,屏東縣,潮州鎮,53842,1268.8679356445793,42.4331,16.383499550191317,0.039570064175845444,0.039570064175845444,0.03009308824329964,0.1657442522999873,0.16387522909143698,0.1652361683209639,0.10330073127801266,0.013773430837068355,43.4,2.8
10013030,屏東縣,東港鎮,46731,1586.0641132248375,29.4635,11.375912648311385,0.04117345934239023,0.04117345934239023,0.028770230360307146,0.16659184878913172,0.16654459539279387,0.14948611931482575,0.10735499113998818,0.014313998818665092,43.2,2.9
10013040,屏東縣,恆春鎮,30414,222.3847093146538,136.763,52.80445098243623,0.05036650797249301,0.05036650797249301,0.028236227612786217,0.17717070958966222,0.1439582861029245,0.15109952391747902,0.09845839945590569,0.013127786594120758,41.8,2.7
10013050,屏東縣,萬丹鄉,50126,872.2434611322146,57.4679,22.18846404812374,0.034844075437245,0.034844075437245,0.030544380724129072,0.15648805957373962,0.14771462809209962,0.17433450312419754,0.11663100231105022,0.015550800308140033,44.6,3.2
10013060,屏東縣,長治鄉,29470,738.8538864416425,39.8861,15.40009806987672,0.03700882601861927,0.03700882601861927,0.028498367791077256,0.14544795067101923,0.14530286543344215,0.18266231410953934,0.11510337323177366,0.015347116430903156,44.5,3.0
10013070,屏東縣,麟洛鄉,10770,662.3616236162361,16.26,6.278016517438292,0.03141140508063666,0.03141140508063666,0.029092442289448718,0.13386739749130389,0.1463054706440392,0.1848845788974386,0.1392642563507958,0.01856856751343944,46.6,2.8
10013080,屏東縣,九如鄉,21962,522.6720483974992,42.0187,16.223498932428313,0.03897629750715161,0.03897629750715161,0.02951573355128729,0.15135880670208418,0.15140988966080915,0.1756742950551696,0.11775643645279935,0.01570085819370658,44.5,3.1
10013090,屏東縣,里港鄉,25707,372.9933488874186,68.9208,26.610450233398588,0.038353909465020576,0.038353909465020576,0.02659259259259259,0.14696296296296296,0.15891358024691357,0.15441975308641975,0.12314074074074073,0.016418765432098765,44.5,3.1
10013100,屏東縣,鹽埔鄉,24999,388.4890744732266,64.3493,24.845385503418935,0.034197998639852324,0.034197998639852324,0.036973810217762415,0.13836032810092852,0.14210767373110714,0.19040679518674272,0.11466877628346586,0.015289170171128784,44.6,3.3
10013110,屏東縣,高樹鄉,23775,263.72068568487515,90.1522,34.807933621365336,0.034528014204929264,0.034528014204929264,0.022424874066354003,0.12350182386659718,0.1412193850964044,0.17798621967459904,0.18224769845405592,0.024299693127207457,50.2,2.6
10013120,屏東縣,萬巒鄉,20189,332.43045207182433,60.7315,23.448546133382756,0.0343929039828812,0.0343929039828812,0.03840857320356181,0.11824394284530959,0.1377096707392835,0.14340443155932905,0.13586663905570512,0.018115551874094016,44.6,3.2
10013130,屏東縣,內埔鄉,53330,651.5147442929849,81.8554,31.604523569589077,0.02660404342455958,0.02660404342455958,0.06952967561593967,0.11229929142559969,0.13102125723200936,0.1512058766170448,0.11099590456997985,0.01479945394266398,42.2,2.7
10013140,屏東縣,竹田鄉,16615,571.4885186357195,29.0732,11.225217085780255,0.02751278132082433,0.02751278132082433,0.027338849944658197,0.16444421019343278,0.16802825067200758,0.16913508670215568,0.12425025035576871,0.01656670004743583,46.3,3.6
10013150,屏東縣,新埤鄉,9561,162.02283672992127,59.0102,22.783948972775956,0.034053782357376224,0.034053782357376224,0.034757476752953,0.1125911032922845,0.14664488564966072,0.18019602915305352,0.14966071877356119,0.01995476250314149,46.8,2.8
10013160,屏東縣,枋寮鄉,23680,410.1519536777709,57.7347,22.291476028864977,0.04201891164130503,0.04201891164130503,0.023107270336276534,0.15874506857035506,0.14479616757467592,0.16386436220176592,0.13441668232199888,0.01792222430959985,45.2,2.8
10013170,屏東縣,新園鄉,33939,885.883651911075,38.3109,14.791910393476423,0.036848164046950474,0.036848164046950474,0.028641513087822354,0.1704805861278766,0.1530839492624988,0.15566601039279604,0.10943420585482362,0.014591227447309816,43.7,3.0
10013180,屏東縣,崁頂鄉,15378,491.8457488829684,31.2659,12.071822671130004,0.04177093953718293,0.04177093953718293,0.028946148855315598,0.14765038465103347,0.14635276670683103,0.17174900361479284,0.11989989804430437,0.01598665307257392,44.4,3.0
10013190,屏東縣,林邊鄉,17275,1105.7203023688978,15.6233,6.032185452453485,0.03777615926195678,0.03777615926195678,0.02359796067006555,0.14981791697013838,0.15746540422432628,0.14850691915513475,0.14971595047341588,0.01996212672978878,46.6,2.8
10013200,屏東縣,南州鄉,10364,546.3363205060622,18.97,7.3243526036780064,0.035344169302934436,0.035344169302934436,0.04915457619722919,0.12065015817606632,0.13079524380931604,0.1420311988654958,0.14438747681902475,0.01925166357586997,44.2,3.1
10013210,屏東縣,佳冬鄉,18620,600.95145267588,30.9842,11.963057772423833,0.03590702874712421,0.03590702874712421,0.02517577243114236,0.13242598206798684,0.1474553312262143,0.17706250403147777,0.1486938011997678,0.01982584015996904,47.1,2.6
10013220,屏東縣,琉球鄉,12121,1782.0282866300097,6.8018,2.626187745898633,0.04320481268799562,0.04320481268799562,0.019196062346185396,0.17828821438337436,0.13426305715066994,0.15750615258408532,0.12813781788351106,0.017085042384468143,44.7,2.4
10013230,屏東縣,車城鄉,8278,166.05251174985005,49.8517,19.247834933725613,0.03922218539387913,0.03922218539387913,0.01859463042757706,0.15180643022870402,0.16274444812727876,0.16042426251242956,0.15233675836924096,0.02031156778256546,47.3,2.3
10013240,屏東縣,滿州鄉,7471,52.53819761141424,142.2013,54.904188819261854,0.043415118856531376,0.043415118856531376,0.023939463425819766,0.13093327218527862,0.1508828250401284,0.1875716578766338,0.14212336620041274,0.018949782160055034,46.6,2.3
10013250,屏東縣,枋山鄉,5240,303.42159968036503,17.2697,6.667863582484875,0.03145736053084296,0.03145736053084296,0.047628409928729416,0.1430326861636766,0.14647333497173753,0.13762595232243793,0.12002949127549765,0.016003932170066355,43.4,3.0
10013260,屏東縣,三地門鄉,7689,39.15039219130687,196.3965,75.82905725504732,0.06773879142300195,0.06773879142300195,0.02088815789473684,0.1611842105263158,0.1421783625730994,0.1825657894736842,0.08991228070175439,0.011988304093567253,40.8,2.8
10013270,屏東縣,霧臺鄉,3247,11.646508558228957,278.796,107.6436588558257,0.03924252794889345,0.03924252794889345,0.0162217659137577,0.10882956878850103,0.15742642026009582,0.19233401779603013,0.15605749486652976,0.02080766598220397,48.2,2.5
10013280,屏東縣,瑪家鄉,6768,85.99658453281288,78.7008,30.386526588905753,0.052414288278585526,0.052414288278585526,0.027463651050080775,0.17555196553581046,0.1559863579249686,0.17357745467600072,0.08949919224555734,0.01193322563274098,41.7,2.9
10013290,屏東縣,泰武鄉,5351,45.10792688992182,118.6266,45.80195290329306,0.07236650131310184,0.07236650131310184,0.025036475051065068,0.1444412022176831,0.13889699445579223,0.15115261161365626,0.0868398015757222,0.011578640210096294,38.9,3.9
10013300,屏東縣,來義鄉,7448,44.392629202339315,167.7756,64.77847404816235,0.061054519828304184,0.061054519828304184,0.025715933115510282,0.13665193157793581,0.1602921391504901,0.17047857005573708,0.09029406111858543,0.012039208149144725,40.7,3.2
10013310,屏東縣,春日鄉,4947,30.918556759020255,160.001,61.77668639647258,0.06859931113662457,0.06859931113662457,0.027037887485648678,0.15212399540757748,0.12600459242250286,0.1552812858783008,0.09678530424799081,0.012904707233065443,39.8,3.5
10013320,屏東縣,獅子鄉,4839,16.076315822696078,301.0018,116.21735991258655,0.05564142194744977,0.05564142194744977,0.019242658423493045,0.13060278207109738,0.1391035548686244,0.21058732612055642,0.11615146831530139,0.015486862442040186,44.0,2.6
10013330,屏東縣,牡丹鄉,4865,26.754789739799357,181.8366,70.2074525384268,0.05743628756181057,0.05743628756181057,0.008558387219475086,0.13351084062381133,0.15557246101179156,0.19893495625713198,0.1394446557626474,0.018592620768352986,46.0,2.2
10014010,臺東縣,臺東市,104803,954.7586707005888,109.7691,42.38205552917193,0.048767627605141646,0.048767627605141646,0.035604642456008986,0.15392175215275178,0.15215275177836016,0.14239985024335455,0.09979408461250468,0.013305877948333957,41.3,2.7
10014020,臺東縣,成功鎮,13505,93.78869521556122,143.9939,55.59631504368743,0.039333691563675444,0.039333691563675444,0.021891456206340677,0.11617409994626544,0.14067705534658786,0.18420204191295003,0.16326706072004296,0.021768941429339064,48.0,2.3
10014030,臺東縣,關山鎮,8420,143.3555063326699,58.7351,22.67773234645694,0.04582607530483719,0.04582607530483719,0.025726919469382287,0.12394479431863861,0.1461878601098754,0.1674929652954576,0.13964893474474072,0.01861985796596543,45.5,2.7
10014040,臺東縣,卑南鄉,16961,41.09893427732536,412.6871,159.33926385816162,0.041435860781861136,0.041435860781861136,0.03772112692834594,0.1340163202096611,0.16451247840848174,0.14795401751146584,0.10031568288760496,0.013375424385013997,42.0,2.7
10014050,臺東縣,鹿野鄉,7601,84.73990501460457,89.698,34.63256614890405,0.0473112235338205,0.0473112235338205,0.018718381112984822,0.1259134345137718,0.16666666666666666,0.1745362563237774,0.13397976391231028,0.017863968521641373,45.5,2.6
10014060,臺東縣,池上鄉,8073,97.63513268364186,82.6854,31.92498812736729,0.04178334156920881,0.04178334156920881,0.017591830011530224,0.10838412123208697,0.144951408334706,0.1951902487234393,0.15457091088782735,0.020609454785043647,47.6,2.3
10014070,臺東縣,東河鄉,8203,39.026446447703705,210.1908,81.1550623747582,0.02883224873463485,0.02883224873463485,0.01476409978308026,0.18261930585683298,0.17597613882863342,0.17828091106290672,0.1434110629067245,0.019121475054229935,48.7,2.9
10014080,臺東縣,長濱鄉,6926,44.63008451749762,155.1868,59.91791474098356,0.04249271654942087,0.04249271654942087,0.016307823491792793,0.08782775527606054,0.14922191430398635,0.20805798337241527,0.19070560648049456,0.025427414197399276,50.9,2.2
10014090,臺東縣,太麻里鄉,10925,113.03404057637532,96.6523,37.31763443102097,0.053628736032169506,0.053628736032169506,0.02832618025751073,0.13223523953137686,0.1441828094188609,0.17724161930170515,0.12137803039090593,0.016183737385454124,43.7,2.3
10014100,臺東縣,大武鄉,5727,82.82546633615542,69.1454,26.697168714937124,0.056102131646755676,0.056102131646755676,0.014441321152494729,0.1219255094869993,0.14652143359100492,0.19641602248770204,0.1427266338721012,0.019030217849613493,46.0,2.2
10014110,臺東縣,綠島鄉,4026,266.7656159926848,15.0919,5.827010915100059,0.04530405994075623,0.04530405994075623,0.018818609513852586,0.2007318348144276,0.170935703084161,0.12911657083115524,0.08656560376372191,0.011542080501829588,41.4,3.5
10014120,臺東縣,海端鄉,4105,4.6645702425190185,880.0382,339.7844007119719,0.07433838834374071,0.07433838834374071,0.01806422836752899,0.14540588760035683,0.16993755575379127,0.1703835860838537,0.0784121320249777,0.010454950936663694,39.5,3.0
10014130,臺東縣,延平鄉,3549,7.784934867799786,455.8805,176.01631666531532,0.07466666666666666,0.07466666666666666,0.02177142857142857,0.15542857142857142,0.1662857142857143,0.16685714285714287,0.07542857142857143,0.010057142857142858,39.0,2.9
10014140,臺東縣,金峰鄉,3699,9.717243707368844,380.6635,146.97489179494903,0.07149122807017544,0.07149122807017544,0.026710526315789473,0.1280701754385965,0.1513157894736842,0.17456140350877192,0.08289473684210527,0.01105263157894737,39.4,3.0
10014150,臺東縣,達仁鄉,3489,11.385388718512335,306.4454,118.31914408935943,0.05978367748279252,0.05978367748279252,0.010442477876106195,0.11740412979351032,0.15634218289085547,0.2135693215339233,0.1263716814159292,0.016849557522123894,45.3,2.3
10014160,臺東縣,蘭嶼鄉,5249,108.47461830325774,48.3892,18.683160938845326,0.05650638413474599,0.05650638413474599,0.020293398533007337,0.17603911980440098,0.16096169519152403,0.16625916870415647,0.0882640586797066,0.011768541157294215,41.4,2.5
10015010,花蓮縣,花蓮市,102539,3486.5944677740185,29.4095,11.355063146961959,0.039813177345485874,0.039813177345485874,0.03306012787375867,0.1617920464335918,0.15415136262640003,0.1512152541604317,0.10727111957556794,0.01430281594340906,43.1,2.5
10015020,花蓮縣,鳳林鎮,10821,89.78734314596728,120.5181,46.53226460333824,0.03889663722299705,0.03889663722299705,0.015934449093444908,0.12691771269177127,0.14272431427243143,0.1795676429567643,0.1799163179916318,0.02398884239888424,49.8,2.4
10015030,花蓮縣,玉里鎮,23381,92.6450210978322,252.3719,97.44126425198554,0.03864455872790684,0.03864455872790684,0.025922149317254832,0.1280368859726902,0.15410533782585564,0.17919843943961694,0.14896258201808832,0.019861677602411778,46.9,3.0
10015040,花蓮縣,新城鄉,20058,682.0245158877233,29.4095,11.355063146961959,0.04776245575104349,0.04776245575104349,0.04591060389919163,0.16127754002219052,0.12914090981138057,0.1140038040893961,0.08288159771754636,0.011050879695672849,38.6,3.5
10015050,花蓮縣,吉安鄉,83507,1279.639953293226,65.2582,25.196313499279924,0.0408571034862891,0.0408571034862891,0.03539260267976558,0.16395934148773192,0.1664761812124602,0.15854874401186683,0.088082095177881,0.0117442793570508,41.7,2.8
10015060,花蓮縣,壽豐鄉,17589,80.51919752724716,218.4448,84.34194726620566,0.031386683946217395,0.031386683946217395,0.10222744208650575,0.10659322857605702,0.09476753604406285,0.13133808520978454,0.0882553053620606,0.011767374048274746,37.6,3.3
10015070,花蓮縣,光復鄉,12369,78.72827954936031,157.11,60.660465870524604,0.03752506445144657,0.03752506445144657,0.018189630478372958,0.12250549030841211,0.13749641936407905,0.21445622075813997,0.1589802348897164,0.02119736465196219,48.8,2.5
10015080,花蓮縣,豐濱鄉,4376,26.940305307043143,162.4332,62.7157633813258,0.033447544460760315,0.033447544460760315,0.013509544787077827,0.10376896720509056,0.14390602055800295,0.18306412139011258,0.21556534508076355,0.028742046010768477,52.7,2.0
10015090,花蓮縣,瑞穗鄉,11312,83.43031960479755,135.5862,52.35008629376947,0.0401615784976307,0.0401615784976307,0.017303658820787694,0.09671405266837567,0.14611978559776276,0.20111862036821254,0.1770216732696341,0.023602889769284548,49.3,2.2
10015100,花蓮縣,富里鄉,10004,56.72150387961706,176.3705,68.09698106942498,0.0408137793310035,0.0408137793310035,0.018010484273589613,0.12019470793809287,0.14790314528207688,0.17199201198202696,0.16774837743384924,0.022366450324513232,48.4,2.5
10015110,花蓮縣,秀林鄉,16143,9.832168543455865,1641.8555,633.9234900520852,0.05090608316414767,0.05090608316414767,0.03194225129709001,0.13737875028197608,0.1614407098278066,0.17219339799984962,0.08847281750507556,0.01179637566734341,41.1,3.0
10015120,花蓮縣,萬榮鄉,6237,10.084221112352484,618.491,238.80053590940506,0.07302151174264851,0.07302151174264851,0.019449378330373,0.1341030195381883,0.145352279455299,0.18975725281231498,0.08596802841918295,0.011462403789224394,40.1,2.8
10015130,花蓮縣,卓溪鄉,6036,5.910039331722988,1021.313,394.33086614234037,0.07582167263260657,0.07582167263260657,0.015131793036121053,0.12268141880898145,0.1581516433452652,0.17312072892938496,0.09781972014318256,0.013042629352424341,40.6,2.7
10016010,澎湖縣,馬公市,63206,1859.4484552156698,33.9918,13.124297777211495,0.03958606298830494,0.03958606298830494,0.03676299315766487,0.1632515650021837,0.15087712913087786,0.1482020672586985,0.09166181394671713,0.012221575192895618,41.6,2.9
10016020,澎湖縣,湖西鄉,15230,457.34637005717576,33.3008,12.857501380314211,0.032936028099268724,0.032936028099268724,0.04093971324926585,0.16470893073069615,0.15287614441181552,0.133960960442218,0.10297115218517879,0.013729486958023838,42.6,3.5
10016030,澎湖縣,白沙鄉,9907,493.19228375855636,20.0875,7.755821451048074,0.043025517793797916,0.043025517793797916,0.03383110195674562,0.12873326467559218,0.14847236525918298,0.14675592173017507,0.12070030895983522,0.01609337452797803,43.5,2.6
10016040,澎湖縣,西嶼鄉,8353,446.33124585889243,18.7148,7.225819404708127,0.02953449303636265,0.02953449303636265,0.03438465290196716,0.1485937245976264,0.1186798894488701,0.1285969761014469,0.13958705901479435,0.018611607868639246,44.6,3.0
10016050,澎湖縣,望安鄉,5371,389.6999071279312,13.7824,5.321410507376477,0.017584097859327217,0.017584097859327217,0.01823394495412844,0.15940366972477063,0.1381880733944954,0.1496559633027523,0.1503440366972477,0.020045871559633027,48.1,2.6
10016060,澎湖縣,七美鄉,3885,556.0485486918188,6.9868,2.697616593114259,0.03519390271239632,0.03519390271239632,0.01452589105581708,0.14324142568930734,0.15332885003362476,0.16476126429051782,0.16422326832548753,0.021896435776731674,48.9,2.2
10017010,基隆市,中正區,51224,5016.157778256526,10.2118,3.942795145927205,,,,,,,,,,2.7
10017020,基隆市,七堵區,53615,952.8862063878832,56.2659,21.72436959216059,,,,,,,,,,2.7
10017030,基隆市,暖暖區,38548,1688.605809455807,22.8283,8.814049475094498,,,,,,,,,,2.6
10017040,基隆市,仁愛區,42787,10106.76745010039,4.2335,1.6345622956073191,,,,,,,,,,2.5
10017050,基隆市,中山區,46459,4414.6601037648,10.5238,4.063258931501666,,,,,,,,,,2.6
10017060,基隆市,安樂區,81776,4536.809986130374,18.025,6.959486330063051,,,,,,,,,,2.6
10017070,基隆市,信義區,53168,4982.662643150338,10.6706,4.119938687021958,,,,,,,,,,2.7
10018010,新竹市,東區,220056,6553.810964713731,33.5768,12.964065498322388,0.04423046907829177,0.04423046907829177,0.04437694348729154,0.1896203271261801,0.1432047480119901,0.10344054779828153,0.06339700567888487,0.008452934090517982,37.7,2.9
10018020,新竹市,北區,152612,9704.006562088678,15.7267,6.072108386518867,0.0536889421896624,0.0536889421896624,0.027568159450422677,0.20389501196008525,0.14457038200577474,0.12076101338095642,0.08094272846369935,0.010792363795159915,39.6,2.9
10018030,新竹市,香山區,78744,1435.6479869314173,54.8491,21.177340453051944,0.05401311593600089,0.05401311593600089,0.04434739206388819,0.19125904666833043,0.14355086931203725,0.10327759753764246,0.06131769403543798,0.008175692538058398,36.7,3.3
10020010,嘉義市,東區,119715,3969.909403228588,30.1556,11.643133757273194,0.04193311375020603,0.04193311375020603,0.027255127098401735,0.14439685878793465,0.16502258689038443,0.17035292540040398,0.12294476059572398,0.01639263474609653,44.8,2.6
10020020,嘉義市,西區,146290,4897.556076330767,29.87,11.532863061247342,0.046112731172748805,0.046112731172748805,0.026475574745122857,0.16240552780101122,0.17253279682920028,0.16279735666222092,0.09913873002237945,0.013218497336317261,42.8,2.7
63000010,臺北市,松山區,200316,21567.647882168003,9.2878,3.5860370117259146,0.03553940783272689,0.03553940783272689,0.02693137398017939,0.16214404273379507,0.1469136403202872,0.14648111203023373,0.12276126060370135,0.016368168080493514,44.4,2.7
63000020,臺北市,信義區,215240,19204.653943271143,11.2077,4.327314005073379,0.03310188873965139,0.03310188873965139,0.02902542855191568,0.16135406469824937,0.1479044778837617,0.15957383841373188,0.11469210280692967,0.01529228037425729,44.2,2.7
63000030,臺北市,大安區,302644,26637.914341542415,11.3614,4.386657863543875,0.03297821233786419,0.03297821233786419,0.04308997654505892,0.15045426286489388,0.13922132421510724,0.1406978551445446,0.11911365755786023,0.015881821007714698,43.4,2.8
63000040,臺北市,中山區,223876,16362.692861475944,13.6821,5.282684489129302,0.03375525641730491,0.03375525641730491,0.030740049987947066,0.18013846069264178,0.14795501930583574,0.1441023103566399,0.1055100927441353,0.014068012365884706,43.1,2.4
63000050,臺北市,中正區,155397,20427.889734590055,7.6071,2.9371155873188703,0.03552658445858968,0.03552658445858968,0.03534769755240099,0.1529083548619064,0.13515726955549046,0.1358963432497936,0.1321503715343436,0.017620049537912484,44.4,2.6
63000060,臺北市,大同區,123849,21798.64472410455,5.6815,2.1936378132734102,0.03620371733051691,0.03620371733051691,0.02765143317202393,0.1716170474318908,0.14239955675984522,0.14132608450996859,0.12543523239808507,0.01672469765307801,44.3,2.7
63000070,臺北市,萬華區,183088,20682.768125437746,8.8522,3.4178510341738773,0.03302930253273116,0.03302930253273116,0.02672176764832544,0.1649275074259339,0.1545311999646647,0.16237674053952583,0.11947858349620696,0.015930477799494264,44.9,2.5
63000080,臺北市,文山區,268130,8509.632168586753,31.509,12.165684037390108,0.036466640998844946,0.036466640998844946,0.04369946647599142,0.15588801496067323,0.1573254129769173,0.14331444915021177,0.0946152576865959,0.01261536769154612,41.7,2.9
63000090,臺北市,南港區,118758,5437.039885726843,21.8424,8.433391634716738,0.04329251445342842,0.04329251445342842,0.030395990053330414,0.17753866845998656,0.1435698534586572,0.14550132153078618,0.10220202999640292,0.013626937332853724,42.1,2.9
63000100,臺北市,內湖區,282525,8946.695082444812,31.5787,12.19259533820594,0.0392852937713411,0.0392852937713411,0.0303783115506888,0.17265277287177674,0.14151536559519604,0.16391734369480748,0.08841469445425644,0.011788625927234193,41.8,2.9
63000110,臺北市,士林區,278451,4464.6310138820745,62.3682,24.080479075208785,0.04178916277762929,0.04178916277762929,0.039610616558047734,0.16441890586131042,0.14147529861639357,0.13757255538880095,0.10048929915092207,0.013398573220122943,41.6,3.0
63000120,臺北市,北投區,250144,4402.269559463303,56.8216,21.938926405121254,0.035482206491768385,0.035482206491768385,0.04175871132108938,0.15807762387732396,0.1429849879871648,0.14576648338358836,0.10417788670848314,0.013890384894464421,42.2,3.0
64000010,高雄市,鹽埕區,23553,16632.299978815056,1.4161,0.5467588677948564,0.028219864426760978,0.028219864426760978,0.027970822281167106,0.1407603890362511,0.1482758620689655,0.17104332449160034,0.1373740053050398,0.01831653404067197,46.5,2.3
64000020,高雄市,鼓山區,141488,9590.91124773764,14.7523,5.6958907177247795,0.04255297635749151,0.04255297635749151,0.03230527728696338,0.1730304018442825,0.16744143720566934,0.14647334056283984,0.09502301561421735,0.01266973541522898,42.0,2.6
64000030,高雄市,左營區,197306,10179.70003559949,19.3823,7.483542407499644,0.03839749889252672,0.03839749889252672,0.03887918612170495,0.15462363729868173,0.1919314843197059,0.1367156670553431,0.08679535421323571,0.011572713895098095,41.7,2.9
64000040,高雄市,楠梓區,189426,7334.247084514241,25.8276,9.97208483430438,0.04299519055828052,0.04299519055828052,0.03891943156054117,0.19761026233767517,0.14263345336356317,0.12677266867211,0.06868396485040677,0.009157861980054235,38.9,2.9
64000050,高雄市,三民區,336868,17025.057362053107,19.7866,7.63964339630655,0.03455996558815144,0.03455996558815144,0.03392438118020872,0.16815341678612408,0.15628376383651532,0.15549245363987474,0.10620235019128403,0.01416031335883787,43.3,2.8
64000060,高雄市,新興區,50490,25546.448087431694,1.9764,0.7630917493889938,0.03183302760502885,0.03183302760502885,0.02127421591875084,0.14858395597512417,0.15017225180081428,0.163997136593441,0.15206031050064872,0.020274708066753164,47.5,2.3
64000070,高雄市,前金區,26668,14358.477359608034,1.8573,0.7171070158572042,0.03507403639651859,0.03507403639651859,0.02067141403865717,0.15116988809766022,0.14906748050186505,0.16290267887419463,0.14771108850457781,0.019694811800610376,47.0,2.2
64000080,高雄市,苓雅區,167280,20519.61433723412,8.1522,3.1475797203850213,0.03488845803552194,0.03488845803552194,0.028011441076536192,0.1642255197435356,0.1496682215780751,0.15749396911933145,0.12200871518246213,0.016267828690994954,44.6,2.6
64000090,高雄市,前鎮區,185828,9718.681847421904,19.1207,7.382538156517979,0.03548568736282047,0.03548568736282047,0.028479332574895714,0.16984406062904356,0.15343422851955274,0.15666333413773686,0.10603992139828318,0.014138656186437757,43.5,2.7
64000100,高雄市,旗津區,27785,18980.121593004988,1.4639,0.5652145375078669,0.039203024310180135,0.039203024310180135,0.03970214311660007,0.1669290067401219,0.15336804294305204,0.13936311902167334,0.10010897203051217,0.013347862937401622,41.8,2.8
64000110,高雄市,小港區,157356,3462.74200859986,45.4426,17.545473148544975,0.04372372372372372,0.04372372372372372,0.031507507507507505,0.19690357023690358,0.15172505839172507,0.14009342676009343,0.07597197197197197,0.010129596262929598,40.1,2.7
64000120,高雄市,鳳山區,359576,13437.572405545798,26.759,10.331700122394295,0.04184891775260403,0.04184891775260403,0.035933716900317055,0.18345363560758088,0.1586116653941023,0.14274198355411616,0.08551064838337018,0.011401419784449359,41.0,2.9
64000130,高雄市,林園區,69478,2151.9544074831197,32.286,12.465685195695738,0.03942539747354975,0.03942539747354975,0.03179840748826033,0.1636643475256388,0.15370722284170685,0.15943963689475915,0.09726571702291395,0.012968762269721861,42.4,2.9
64000140,高雄市,大寮區,112265,1580.3068693693692,71.04,27.42867733080051,0.03614806872762913,0.03614806872762913,0.03643939763146352,0.17400945465178616,0.16226424289682734,0.15191611027178062,0.07619279691992788,0.010159039589323718,40.9,3.1
64000150,高雄市,大樹區,41764,623.5191718260824,66.9811,25.861528422889666,0.03449259243415893,0.03449259243415893,0.058089147452624376,0.12484493305385636,0.14261881336356247,0.14696068785558455,0.09302733455960988,0.012403644607947984,40.6,3.5
64000160,高雄市,大社區,34324,1291.1137191176913,26.5848,10.264441175448555,0.04304635761589404,0.04304635761589404,0.03706351595424443,0.15964278547060004,0.1467991169977925,0.15219245434477222,0.08424142083082481,0.011232189444109975,40.7,3.1
64000170,高雄市,仁武區,91893,2546.867031773131,36.0808,13.930864597932812,0.04587741090986803,0.04587741090986803,0.030164088796281453,0.18182000320564193,0.1540811828818721,0.14042715178714538,0.07924947908318641,0.010566597211091521,40.2,3.2
64000180,高雄市,鳥松區,44938,1827.2902121361217,24.5927,9.495287626593154,0.04215002241649854,0.04215002241649854,0.030539677202420977,0.16123066577000672,0.148474277067922,0.1519418291862811,0.107002353732347,0.014266980497646266,42.5,2.8
64000190,高雄市,岡山區,96841,2019.9574069554733,47.9421,18.510534789709617,0.03615853698561798,0.03615853698561798,0.03720682932592899,0.15887832063173235,0.15172997774758276,0.15181859356846064,0.08801323329591777,0.011735097772789036,41.5,3.2
64000200,高雄市,橋頭區,38955,1501.856356914014,25.9379,10.014671871319967,0.042109917548833455,0.042109917548833455,0.026405181158477904,0.16771139490727496,0.1506229354696075,0.15085702395505501,0.11642000676255625,0.015522667568340833,43.5,3.0
64000210,高雄市,燕巢區,29493,450.9977827050998,65.395,25.2491322360318,0.036065097355419934,0.036065097355419934,0.06605492589363557,0.14601133391455973,0.1263949433304272,0.1261333914559721,0.08896687009590236,0.011862249346120315,39.5,4.0
64000220,高雄市,田寮區,6919,74.65456483693389,92.6802,35.783999166019946,0.02582108112062029,0.02582108112062029,0.03225806451612903,0.11367127496159754,0.15229317533464998,0.15953478165459734,0.17024358130348913,0.022699144173798553,49.1,2.4
64000230,高雄市,阿蓮區,28331,818.427103916063,34.6164,13.365457009486523,0.03841620743477845,0.03841620743477845,0.03408721689548626,0.15232695186825088,0.13818367151912847,0.15994011403816139,0.09298251202497372,0.012397668269996496,41.8,3.4
64000240,高雄市,路竹區,51726,1067.9511425669145,48.4348,18.700767184429285,0.04351479679383212,0.04351479679383212,0.03784112544954516,0.1718143995486919,0.1369437980396305,0.13368239193286793,0.09278612227628517,0.012371482970171358,40.7,3.6
64000250,高雄市,湖內區,29882,1482.1317858294274,20.1615,7.784392989934325,0.0378467738779982,0.0378467738779982,0.037143444066204956,0.16651015377391712,0.1631646906913957,0.1388660640920296,0.09795163751614039,0.013060218335485386,42.1,2.9
64000260,高雄市,茄萣區,29960,1900.725777800335,15.7624,6.085892223522099,0.03715299519933208,0.03715299519933208,0.03003425540535563,0.16077940255626358,0.17190320085454344,0.1512394563335666,0.11076651073704372,0.014768868098272497,43.9,3.0
64000270,高雄市,永安區,13705,606.0378259581412,22.6141,8.73134645307511,0.03542266004126347,0.03542266004126347,0.039830877865922765,0.16066602737337635,0.14201028681021707,0.14235899224130416,0.07558190218812658,0.010077586958416878,40.1,3.2
64000280,高雄市,彌陀區,18872,1277.102563408494,14.7772,5.705504654458126,0.04558846036118763,0.04558846036118763,0.02880509641873278,0.1717171717171717,0.15036730945821855,0.14669421487603307,0.10482093663911846,0.013976124885215796,42.5,3.1
64000290,高雄市,梓官區,35517,3062.6816249450276,11.5967,4.477507635164615,0.03959822087312127,0.03959822087312127,0.03024094099791311,0.16669828622019858,0.1614494403339025,0.15718080060709544,0.09751470309239234,0.013001960412318977,42.6,2.9
64000300,高雄市,旗山區,35764,378.00621907111343,94.6122,36.52994799207719,0.03200876406732397,0.03200876406732397,0.028512100388407527,0.12638183447863757,0.14723633104272482,0.1716761278757096,0.159008066925605,0.021201075590080668,48.2,2.9
64000310,高雄市,美濃區,38611,321.67362594516777,120.0316,46.34442604025499,0.032531337254203055,0.032531337254203055,0.01890572090536446,0.1093566209231866,0.1361967563714133,0.18691855284263054,0.194125824273748,0.025883443236499732,51.0,2.5
64000320,高雄市,六龜區,12391,63.81902611475991,194.1584,74.96492264448898,0.035709826445249095,0.035709826445249095,0.016743663378698963,0.10887751279810214,0.15782244974403795,0.20264702210013735,0.18249469346984643,0.024332625795979525,50.8,2.3
64000330,高雄市,甲仙區,5877,47.3821694051631,124.034,47.8897601921243,0.03156867961337235,0.03156867961337235,0.013567438148443734,0.11226389997339718,0.16280925778132482,0.2231976589518489,0.17318435754189943,0.02309124767225326,51.0,2.5
64000340,高雄市,杉林區,11541,110.96731266994604,104.0036,40.15598515824386,0.0446727461618377,0.0446727461618377,0.025141405979452844,0.1358651737273462,0.14417638231559507,0.1604524991342491,0.1428835276463119,0.019051137019508252,45.5,2.4
64000350,高雄市,內門區,13976,146.15822234120876,95.6224,36.9199881080622,0.028461059190031154,0.028461059190031154,0.05923738317757009,0.08785046728971962,0.1211214953271028,0.15857943925233645,0.15965607476635515,0.02128747663551402,46.2,3.4
64000360,高雄市,茂林區,1915,9.871134020618557,194.0,74.90376410719733,0.07856598016781083,0.07856598016781083,0.015102974828375285,0.11441647597254005,0.16819221967963388,0.18878718535469108,0.08443935926773455,0.01125858123569794,40.0,2.5
64000370,高雄市,桃源區,4223,4.545845981614243,928.98,358.68092154795966,0.07786131996658312,0.07786131996658312,0.012781954887218044,0.15388471177944862,0.16090225563909774,0.17142857142857143,0.07578947368421053,0.010105263157894737,39.4,2.6
64000380,高雄市,那瑪夏區,3147,12.439251431383516,252.9895,97.67972077112267,0.08768656716417911,0.08768656716417911,0.013059701492537315,0.1685323383084577,0.14365671641791045,0.14303482587064675,0.07798507462686567,0.010398009950248756,37.5,3.1
65000010,新北市,板橋區,557114,24078.60899932144,23.1373,8.933354955038437,0.036765755899207136,0.036765755899207136,0.03231704775986544,0.1858702410580483,0.149815718364986,0.14442979378126578,0.09084759550389483,0.012113012733852645,41.8,2.9
65000020,新北市,三重區,385328,23615.125329411043,16.317,6.300024324418241,0.033148406411324355,0.033148406411324355,0.033480110720176696,0.18330183046975843,0.14729417539189799,0.1544796600050499,0.08169223472111117,0.010892297962814823,41.5,2.8
65000030,新北市,中和區,411214,20413.72120730739,20.144,7.777636207089603,0.03416581213544595,0.03416581213544595,0.0327749660944064,0.1897257781747213,0.15123107626828972,0.13939774844806105,0.08811881843141146,0.011749175790854863,41.7,2.7
65000040,新北市,永和區,219364,38391.963316881935,5.7138,2.206108903895382,0.030898616979520212,0.030898616979520212,0.03091925261480917,0.1609752718708873,0.15202691002285793,0.15315681928378472,0.11274416430006233,0.015032555240008311,44.1,2.6
65000050,新北市,新莊區,422653,21412.836971775687,19.7383,7.620994675655118,0.03906579770294789,0.03906579770294789,0.037988211972339904,0.18971785198887053,0.14678238116390752,0.13641757994046316,0.06606599439107345,0.008808799252143127,39.3,3.0
65000060,新北市,新店區,303532,2524.689021879718,120.2255,46.4192911941745,0.030976496697500834,0.030976496697500834,0.0350493926187085,0.15924582854249839,0.1577483431589927,0.15618376067072706,0.09744512524284576,0.01299268336571277,42.9,2.7
65000070,新北市,樹林區,183470,5538.0816691217315,33.1288,12.79109185749752,0.040412380075524064,0.040412380075524064,0.037900804611504746,0.1873824106320804,0.13716924862895802,0.13709419158560507,0.06496937672631199,0.008662583563508266,38.9,3.2
65000080,新北市,鶯歌區,87674,4150.287813375748,21.1248,8.156324927895476,0.04137028227962461,0.04137028227962461,0.033552740748935224,0.17294098124896287,0.15531832512860225,0.15131367885391891,0.076325017976658,0.0101766690635544,40.6,3.0
65000090,新北市,三峽區,116917,610.6895348569973,191.4508,73.91951320275368,0.04034524287434765,0.04034524287434765,0.03832798073063027,0.17052221330121772,0.16341328783621037,0.14222868995048843,0.0810417503010839,0.010805566706811187,40.8,2.9
65000100,新北市,淡水區,183278,2593.9297870684227,70.6565,27.280607261031896,0.033952117450584504,0.033952117450584504,0.045493251327301275,0.17243699992522246,0.1553737007402976,0.13443131683242354,0.08176082404845585,0.01090144320646078,40.7,2.7
65000110,新北市,汐止區,205847,2889.6728312047103,71.2354,27.50412163753528,0.03728067482360518,0.03728067482360518,0.035363971656753625,0.1741897982324359,0.16624435611627117,0.1481716477479727,0.07397980277619724,0.009863973703492965,40.8,2.8
65000120,新北市,瑞芳區,39077,552.4531481502427,70.7336,27.310375715736356,0.03366698767521717,0.03366698767521717,0.02851431406309277,0.14883123705022325,0.16237196136224355,0.16744973297925117,0.11761169638427642,0.015681559517903523,44.9,2.6
65000130,新北市,土城區,238277,8061.3915785342615,29.5578,11.412322055297512,0.03394618776101263,0.03394618776101263,0.036931849036111866,0.1782242736899267,0.1464722082153524,0.15624684845428805,0.06420309530274233,0.008560412707032311,40.0,3.1
65000140,新北市,蘆洲區,202456,27229.76153649581,7.4351,2.87070606450218,0.040145576456773024,0.040145576456773024,0.03878931303868443,0.17389394611699005,0.1626305952589047,0.1494310058131978,0.05396458296916809,0.007195277729222412,38.9,3.1
65000150,新北市,五股區,89470,2566.316345028569,34.8632,13.460746952690938,0.040979762063217406,0.040979762063217406,0.03758057462303436,0.18883459147002338,0.1535053526268753,0.12513547945465955,0.065617691239946,0.008749025498659467,38.9,3.0
65000160,新北市,泰山區,78412,4092.4202648184005,19.1603,7.397827790840892,0.044555702845123196,0.044555702845123196,0.04152981518202434,0.17240548209336212,0.1488841902299543,0.14664928406314706,0.07047185004217837,0.009396246672290451,39.3,3.0
65000170,新北市,林口區,121192,2238.0008827021766,54.1519,20.90815022451824,0.05101871264435224,0.05101871264435224,0.03187722667761373,0.19322063717800225,0.14548360138988667,0.12829328368056064,0.0684607151758617,0.009128095356781562,38.6,2.8
65000180,新北市,深坑區,23723,1152.7939082643704,20.5787,7.945474692952484,0.03472597394801609,0.03472597394801609,0.04401224563299117,0.1475178582147788,0.15742241431058288,0.1608439882345879,0.07986673869980192,0.010648898493306922,41.0,2.9
65000190,新北市,石碇區,7565,52.40741587449377,144.3498,55.73372870165522,0.024009276311302095,0.024009276311302095,0.04935543278084714,0.11561285041948026,0.1477388991201146,0.17495395948434622,0.1432780847145488,0.019103744628606506,46.7,2.6
65000200,新北市,坪林區,6703,39.23669037375245,170.835,65.9597141301704,0.03274326044197616,0.03274326044197616,0.015411315515446024,0.11246095105866019,0.13884068031933355,0.18569940992710865,0.2013884068031933,0.02685178757375911,52.2,2.5
65000210,新北市,三芝區,22540,341.5622457035743,65.9909,25.479210344441483,0.029399429625901696,0.029399429625901696,0.05273024660291897,0.1318570709612481,0.1387770508303976,0.16226304311357154,0.10754906894816306,0.014339875859755076,42.7,2.7
65000220,新北市,石門區,11480,223.93664231583261,51.2645,19.793319665326894,0.025784753363228698,0.025784753363228698,0.0359304932735426,0.13079222720478326,0.1382660687593423,0.14480568011958148,0.15,0.02,46.4,2.5
65000230,新北市,八里區,39741,1006.2719499256837,39.4933,15.248437252653485,0.040674463388286126,0.040674463388286126,0.03304213047766662,0.16924991780564558,0.1547367432248368,0.15346860175661078,0.07948428913625476,0.010597905218167301,40.8,3.0
65000240,新北市,平溪區,4424,62.01446069567216,71.3382,27.54381291047456,0.026095316577393213,0.026095316577393213,0.018046971569839306,0.10712814173877215,0.13143798928718584,0.18912237330037082,0.21211372064276887,0.02828182941903585,53.4,2.0
65000250,新北市,雙溪區,8468,57.90148815303279,146.2484,56.466781725025974,0.02874727914133453,0.02874727914133453,0.01742850709299707,0.10177887863093897,0.13960819635217295,0.18554379644224273,0.21941004278315693,0.02925467237108759,53.5,2.2
65000260,新北市,貢寮區,11782,117.85134845869001,99.9734,38.599917374198355,0.027204054312488044,0.027204054312488044,0.02267641996557659,0.12664945496270796,0.1593516924842226,0.1559093516924842,0.17977624784853702,0.023970166379804935,50.1,2.4
65000270,新北市,金山區,21127,429.2953922931246,49.2132,19.001308885362494,0.03367741935483871,0.03367741935483871,0.03278709677419355,0.14716129032258066,0.1687741935483871,0.1490967741935484,0.11353548387096773,0.015138064516129033,44.1,2.7
65000280,新北市,萬里區,21710,342.5554542212741,63.3766,24.469824207815478,0.034491520040652986,0.034491520040652986,0.030985199771326938,0.14660484024645876,0.14374642698342122,0.15721272946706472,0.11673759766245315,0.01556501302166042,44.1,2.8
65000290,新北市,烏來區,6416,19.979410246173984,321.1306,123.98912737114817,0.05003963535473642,0.05003963535473642,0.030231866825208085,0.13882282996432818,0.1406064209274673,0.16527942925089179,0.10933412604042807,0.014577883472057076,42.2,3.1
66000010,臺中市,中區,18168,20638.418720890608,0.8803,0.3398854821833289,0.02802131682998109,0.02802131682998109,0.036312532233109845,0.13981433728726148,0.12738525012893243,0.16591026302217637,0.11891696750902528,0.015855595667870037,44.2,1.9
66000020,臺中市,東區,75913,8175.434817726562,9.2855,3.5851489774091796,0.04799385678633135,0.04799385678633135,0.03092724131311192,0.18577222115569206,0.1484210021117297,0.1359186024188904,0.0835597043578422,0.01114129391437896,40.3,3.0
66000030,臺中市,南區,126769,18614.85147060983,6.8101,2.6293923914764155,0.045743926711563104,0.045743926711563104,0.046819532677154614,0.16879106797175342,0.1610818769255937,0.12484663413038144,0.06921503939798784,0.009228671919731713,38.6,2.9
66000040,臺中市,西區,114583,20087.479401143017,5.7042,2.2024023258777063,0.04296185226988743,0.04296185226988743,0.03151286466357442,0.16644559602567166,0.15943449855411562,0.14370690152332777,0.09988218719877408,0.013317624959836545,42.2,2.7
66000050,臺中市,北區,146590,21129.785516605167,6.9376,2.6786203807736713,0.03950037545874713,0.03950037545874713,0.03327537519433956,0.16512992987911285,0.14524225021417014,0.14970968048989433,0.09627946822349842,0.01283726242979979,41.9,2.6
66000060,臺中市,西屯區,231730,5815.538049574996,39.8467,15.384885655929175,0.04102692947947965,0.04102692947947965,0.05017363680480745,0.17512364523712007,0.14222385897043183,0.12238211110690451,0.059603715724370065,0.007947162096582677,37.7,3.0
66000070,臺中市,南屯區,176062,5632.578108504117,31.2578,12.068695245927591,0.049469705498074286,0.049469705498074286,0.03439562801264929,0.18055939332535076,0.17609734631011226,0.13012598118981097,0.06181879586134905,0.00824250611484654,38.7,3.1
66000080,臺中市,北屯區,287344,4582.590417744492,62.7034,24.209900424325966,0.045966783276160716,0.045966783276160716,0.031283836565567366,0.18178174778385356,0.15418605441021635,0.14307984920014943,0.07748259348571816,0.010331012464762422,40.2,2.9
66000090,臺中市,豐原區,166053,4031.9294880355474,41.1845,15.901412746767363,0.046294365246485426,0.046294365246485426,0.028239473099977798,0.17135687519762113,0.14485041340661856,0.14546934601696682,0.09508419501759248,0.012677892669012331,41.5,3.0
66000100,臺中市,東勢區,49169,418.7928266322563,117.4065,45.33087000335909,0.037984101183111345,0.037984101183111345,0.021164996724811373,0.14568524224265508,0.1521385768698901,0.16645236420097528,0.14576772847473252,0.01943569712996434,46.6,2.8
66000110,臺中市,大甲區,76130,1300.9405460088312,58.5192,22.594372951246918,0.04319580630223577,0.04319580630223577,0.031973348798942584,0.1658686592126027,0.13916350835547522,0.14991300594796542,0.0915662975601203,0.012208839674682708,41.2,3.2
66000120,臺中市,清水區,88009,1371.4783492205968,64.1709,24.776504928590462,0.04766158879697416,0.04766158879697416,0.028993746446844795,0.17502987550904386,0.13356382917009896,0.13953893097887252,0.10280423710132149,0.013707231613509532,41.6,3.2
66000130,臺中市,沙鹿區,95226,2353.560518432838,40.4604,15.621836377746634,0.05544409825910893,0.05544409825910893,0.0425385760380167,0.20111313480580234,0.14568752715808547,0.10820705786636835,0.06391464733781423,0.00852195297837523,37.1,3.2
66000140,臺中市,梧棲區,59273,3569.608970845955,16.6049,6.41118305476083,0.050067209699618156,0.050067209699618156,0.033844769692977526,0.18813360538534454,0.13066529569590155,0.1281429237022637,0.0770303487942419,0.01027071317256559,38.9,3.4
66000150,臺中市,后里區,54343,921.944425122871,58.9439,22.758350418341387,0.04501861800403627,0.04501861800403627,0.03278076234331031,0.15637417924447855,0.13369148119723714,0.14051334527159545,0.0987874136607828,0.01317165515477104,41.2,3.6
66000160,臺中市,神岡區,65529,1869.8797243504687,35.0445,13.530747222962251,0.045475381923980054,0.045475381923980054,0.03525301001936516,0.17190087283545227,0.13586483679941624,0.1294518817883304,0.07599562179001432,0.01013274957200191,39.2,3.8
66000170,臺中市,潭子區,109309,4228.6370828288145,25.8497,9.98061768578257,0.04659017617705964,0.04659017617705964,0.03168641162293357,0.17507383142672867,0.1465171933874198,0.14564309718591942,0.07425913982144675,0.009901218642859567,39.7,3.4
66000180,臺中市,大雅區,95693,2952.494376891725,32.4109,12.513909320113205,0.05021899472135842,0.05021899472135842,0.03621052253159096,0.18678661945248323,0.13231355490446317,0.1314058202865206,0.0588050257940431,0.007840670105872414,37.7,3.5
66000190,臺中市,新社區,24064,349.3236789311253,68.8874,26.59755443071209,0.03563280268655951,0.03563280268655951,0.03595708682611705,0.14427439821579635,0.1373913712220257,0.1396985311082058,0.11581942628624163,0.015442590171498885,43.1,3.4
66000200,臺中市,石岡區,14670,805.5791988138711,18.2105,7.031108228217098,0.03649843170801254,0.03649843170801254,0.03478497550353837,0.1473676024574228,0.14036861342250564,0.163776343417062,0.11814293490940196,0.015752391321253598,44.1,3.1
66000210,臺中市,外埔區,31940,753.1260389673166,42.4099,16.374541986648598,0.04725999175937371,0.04725999175937371,0.029323238566131025,0.17169344870210135,0.1395550061804697,0.13757725587144623,0.10435105067985166,0.013913473423980223,41.8,3.4
66000220,臺中市,大安區,18864,688.3541024284333,27.4045,10.580928883895306,0.04934135816488758,0.04934135816488758,0.029707017942312057,0.17306382012264365,0.1421190097660686,0.1369520781285487,0.09348171701112877,0.01246422893481717,41.0,3.6
66000230,臺中市,烏日區,76494,1762.404615327902,43.4032,16.758056980914986,0.04661489640532432,0.04661489640532432,0.04285342950904896,0.17325708591913874,0.13559909456195643,0.12194170971829613,0.07575787113753776,0.010101049485005035,38.7,3.4
66000240,臺中市,大肚區,56777,1534.4139839577972,37.0024,14.286696087629684,0.04555061083523772,0.04555061083523772,0.03128404268114572,0.17869722847471606,0.13959002732005704,0.14706438254952833,0.08334163817247718,0.011112218422996959,40.5,3.3
66000250,臺中市,龍井區,78095,2053.0946928967837,38.0377,14.686427360723401,0.0484220984652391,0.0484220984652391,0.03200643187700996,0.1746280754046069,0.15256098517530786,0.14282165921510184,0.07180170993803435,0.009573561325071247,39.6,3.3
66000260,臺中市,霧峰區,65094,663.6969184699102,98.0779,37.86806126664582,0.02996219207059585,0.02996219207059585,0.07797471052070754,0.13808576638014727,0.11488006440766262,0.12640003788686036,0.07073240036939689,0.009430986715919585,37.5,3.5
66000270,臺中市,太平區,194970,1614.694490063132,120.7473,46.62075915351025,0.04555484582776842,0.04555484582776842,0.0381307705708147,0.17621895747440142,0.14645394189265046,0.13433695294504772,0.07116601823355205,0.009488802431140274,39.0,3.2
66000280,臺中市,大里區,213117,7380.470844097826,28.8758,11.149000575291797,0.04288426578161148,0.04288426578161148,0.03729677871027407,0.1777759531197331,0.14825106526417686,0.14408508284427696,0.07011296553989231,0.009348395405318975,39.5,3.2
66000290,臺中市,和平區,10809,10.415108912997564,1037.8192,400.7039409418569,0.045924875974486176,0.045924875974486176,0.018625088589652727,0.13635719347980155,0.16201275690999292,0.19617292700212616,0.11141034727143868,0.014854712969525159,44.4,2.3
67000010,臺南市,新營區,76331,1980.6375945156283,38.5386,14.879825790833172,0.04463326365005507,0.04463326365005507,0.022205138579809835,0.15905320655472385,0.14756220918470564,0.1600917121855823,0.12212016993728504,0.01628268932497134,44.4,2.9
67000020,臺南市,鹽水區,25001,478.5292513230805,52.2455,20.172085606508134,0.03783584496981428,0.03783584496981428,0.02283976220102309,0.15973086317341814,0.14913129637310474,0.16922438822065533,0.11972901977049633,0.015963869302732844,44.8,2.5
67000030,臺南市,白河區,27245,215.53804212821368,126.4046,48.805053301364104,0.02974766397327676,0.02974766397327676,0.0240644607953776,0.11325779804089739,0.13311966776508824,0.18146526429828916,0.18839886245655216,0.02511984832754029,50.5,2.7
67000040,臺南市,柳營區,20826,339.77834300547045,61.2929,23.66530372704142,0.032254972441888324,0.032254972441888324,0.03916606757728253,0.13716750539180445,0.1216391085549964,0.1579678888090103,0.12675772825305534,0.016901030433740714,43.9,2.9
67000050,臺南市,後壁區,22755,315.0837246205633,72.2189,27.88385283340863,0.03553282006235037,0.03553282006235037,0.021082002790265075,0.14648891644706247,0.1275771198263835,0.1643672815584147,0.17898000310029452,0.023864000413372603,49.1,2.6
67000060,臺南市,東山區,20152,161.32208540336126,124.9178,48.23099703087657,0.03198984449381149,0.03198984449381149,0.02536337670580768,0.12224690574420818,0.12853062519834973,0.18432243732148523,0.176020311012377,0.023469374801650268,49.5,2.6
67000070,臺南市,麻豆區,43713,809.8839449813245,53.9744,20.839617141378927,0.034026089975695645,0.034026089975695645,0.025013640196418826,0.14126283418481225,0.13970041168592828,0.1645751698824463,0.14969495560736074,0.01995932741431477,47.1,2.9
67000080,臺南市,下營區,23452,699.4521177126735,33.5291,12.945648438797061,0.035527194740357905,0.035527194740357905,0.024997363147347327,0.1428646767218648,0.13458495939246914,0.19133002847800865,0.13001793059803818,0.017335724079738424,46.2,2.8
67000090,臺南市,六甲區,21668,320.7835717595574,67.5471,26.080062085181797,0.032597531612533884,0.032597531612533884,0.02420063646006971,0.1458806889932818,0.16709602465019952,0.1761377986563621,0.12404909834823458,0.01653987977976461,45.9,2.8
67000100,臺南市,官田區,21212,299.62441009502044,70.7953,27.334198201537458,0.031239485467298184,0.031239485467298184,0.0547519217330538,0.14088826772264929,0.1266014442115071,0.13677304138520072,0.09040298159795015,0.012053730879726688,40.6,3.5
67000110,臺南市,大內區,9200,130.84444444444443,70.3125,27.147788215398517,0.02757727188598926,0.02757727188598926,0.06792892837312604,0.10916157690172126,0.11460299833425874,0.13137146029983343,0.12326485285952249,0.016435313714603,42.5,3.3
67000120,臺南市,佳里區,58785,1509.544915284704,38.9422,15.035656508326287,0.04498672605342292,0.04498672605342292,0.02599932057524629,0.17612199448911034,0.14664250934209036,0.16185407466123128,0.10334050503906693,0.013778734005208924,42.8,2.9
67000130,臺南市,學甲區,25293,468.4591577625533,53.9919,20.84637392422365,0.039947641440829976,0.039947641440829976,0.0208125272700829,0.16769282978620256,0.13928346342172881,0.18417607989528287,0.124380666117225,0.01658408881563,45.4,2.7
67000140,臺南市,西港區,24522,726.2205848382722,33.7666,13.037347634546851,0.04151233297665102,0.04151233297665102,0.02882953329492139,0.16244135319779407,0.14293357477981727,0.15602107169314347,0.10430488106016957,0.013907317474689276,42.9,3.2
67000150,臺南市,七股區,22142,201.01825523925731,110.1492,42.52881285255928,0.03176335091228708,0.03176335091228708,0.02696853973449718,0.12887191610595866,0.15536158089349578,0.16384797235861065,0.1547190398254228,0.020629205310056374,48.0,2.7
67000160,臺南市,將軍區,19073,454.3397269149778,41.9796,16.20840234904382,0.03004877612207455,0.03004877612207455,0.01947241240434958,0.14438179621425695,0.13384346892200297,0.17049268358168881,0.1721304873137334,0.022950731641831118,49.7,2.8
67000170,臺南市,北門區,10601,240.38385226404358,44.1003,17.027208599261,0.03748970658345252,0.03748970658345252,0.023520998569756858,0.14627486672734366,0.15628656871668184,0.17383955272396306,0.1432323494994149,0.019097646599921986,46.7,2.4
67000180,臺南市,新化區,43317,698.0094395717548,62.0579,23.960671662824954,0.036161164048020056,0.036161164048020056,0.035403640726299514,0.157764806312438,0.15261980019841728,0.16353275038645226,0.09504648962923655,0.012672865283898207,42.6,3.0
67000190,臺南市,善化區,50814,918.7176932798407,55.3097,21.35517897752501,0.048352574174010066,0.048352574174010066,0.021430767128902246,0.19909146799644784,0.13281303367716374,0.12251519912562334,0.09741444087710908,0.012988592116947879,41.2,3.0
67000200,臺南市,新市區,37660,787.7079080352063,47.8096,18.459376291028153,0.039413593515386,0.039413593515386,0.03284237677800415,0.19225808863385732,0.12463318442645932,0.11171753798994412,0.05820451954169081,0.007760602605558775,37.7,3.2
67000210,臺南市,安定區,30374,971.3463383434602,31.27,12.073405688825055,0.044618079250261594,0.044618079250261594,0.030769755698102908,0.18530776579773442,0.1481847959601474,0.13757335880988125,0.08229834857376825,0.0109731131431691,40.6,3.1
67000220,臺南市,山上區,7128,255.68548676375636,27.878,10.763748122579624,0.02691211921981153,0.02691211921981153,0.03546351084812623,0.16278763971071664,0.1329388560157791,0.12978303747534517,0.09570019723865877,0.012760026298487838,42.0,3.4
67000230,臺南市,玉井區,13602,178.1154489813556,76.3662,29.485133147232233,0.029482218536944903,0.029482218536944903,0.02122719734660033,0.1267472162994551,0.14230435125957513,0.21669430624654507,0.1564558161573087,0.020860775487641158,49.4,2.7
67000240,臺南市,楠西區,9178,83.71673860456292,109.6316,42.32896652110627,0.033011165541286025,0.033011165541286025,0.02093207996822455,0.12604263206672844,0.14987422216337878,0.21090957235535548,0.1557791605984377,0.02077055474645836,49.0,2.5
67000250,臺南市,南化區,8398,48.96227724146134,171.5198,66.22411669543126,0.03519738694599313,0.03519738694599313,0.01910795742524075,0.11387058624767697,0.12231795911471532,0.19479641831390437,0.18337557019766854,0.024450076026355804,50.0,2.7
67000260,臺南市,左鎮區,4569,60.999299088815455,74.9025,28.919995830099733,0.022864828513786146,0.022864828513786146,0.017350369872225956,0.11028917283120376,0.14694014794889038,0.20141223940820444,0.20558170813718896,0.027410894418291865,53.6,2.5
67000270,臺南市,仁德區,76385,1504.6369252103755,50.7664,19.60100232047228,0.04342384852128279,0.04342384852128279,0.04850729339171072,0.18061069394977428,0.13438896576756426,0.12209341893332729,0.08043601551688936,0.010724802068918583,38.9,3.3
67000280,臺南市,歸仁區,68164,1221.7675515716608,55.7913,21.541125641411746,0.03566111308046792,0.03566111308046792,0.06546614675646933,0.15817086139666786,0.12880775138839656,0.12855961243058017,0.07548387096774192,0.010064516129032258,38.5,3.8
67000290,臺南市,關廟區,33941,632.7400715493472,53.6413,20.711006606203114,0.03632764321175751,0.03632764321175751,0.02868380958303535,0.16355212835421784,0.13681166630390845,0.15699138708373495,0.11768290786978015,0.015691054382637355,43.9,3.1
67000300,臺南市,龍崎區,3768,58.80021347848206,64.0814,24.74194881061317,0.021419009370816595,0.021419009370816595,0.013597246127366609,0.11818703384968446,0.11761331038439472,0.19965576592082615,0.23201376936316695,0.03093516924842226,55.5,2.3
67000310,臺南市,永康區,235415,5845.145784140652,40.2753,15.550368920343324,0.03918677162754908,0.03918677162754908,0.052832778671871014,0.18772074191128815,0.13894815796564255,0.1206042775686166,0.05786733274590193,0.007715644366120258,37.5,3.3
67000320,臺南市,東區,184958,13786.785533259788,13.4156,5.1797883389511155,0.03737637136749125,0.03737637136749125,0.039537670026076534,0.15829163436464866,0.1539866563300209,0.15951323795428385,0.10026076538163366,0.013368102050884487,42.6,2.8
67000330,臺南市,南區,123789,4539.700235806675,27.2681,10.528264587894164,0.035202629976053196,0.035202629976053196,0.028112875368171617,0.1633305242430058,0.15337633188428773,0.16791128837120042,0.11054910762709742,0.014739881016946324,44.2,2.9
67000340,臺南市,北區,130094,12468.276787425724,10.434,4.028586982961325,0.040606646990750145,0.040606646990750145,0.03081150959810721,0.17848170221069493,0.15706584927597506,0.1418210792484125,0.09643475644955404,0.012857967526607205,42.2,2.8
67000350,臺南市,安南區,195623,1824.8141818778824,107.2016,41.39073896038209,0.04875340191939873,0.04875340191939873,0.033473875786759685,0.2171027021561639,0.13941508050858167,0.12572483000935264,0.059865018578903466,0.007982002477187129,38.1,3.4
67000360,臺南市,安平區,67213,6073.665091313266,11.0663,4.27271919968803,0.044404421810955164,0.044404421810955164,0.030019562787231398,0.16960626009191404,0.1898987703390883,0.15429760278226307,0.07639734194509999,0.010186312259346667,41.3,2.7
67000370,臺南市,中西區,78556,12548.88178913738,6.26,2.416997749026058,0.03314307352710279,0.03314307352710279,0.03414701726192125,0.14467595799506802,0.15710287883405835,0.16082956969881687,0.12838380759746196,0.01711784101299493,45.2,2.6
68000010,桃園市,桃園區,457245,13137.487573481665,34.8046,13.438121382708042,0.03984377385152846,0.03984377385152846,0.035537523497162896,0.17769961139726886,0.16733032976714365,0.13731502117470548,0.07491658779761255,0.009988878373015007,40.4,2.9
68000020,桃園市,中壢區,422471,5521.053319393623,76.52,29.54451561589041,0.04202506111643382,0.04202506111643382,0.04299879865398034,0.1907856973674945,0.13593774338992962,0.11717284659259433,0.06858682872390592,0.00914491049652079,38.4,3.0
68000030,桃園市,大溪區,95664,910.040467805549,105.1206,40.5872609546755,0.045819148213887356,0.045819148213887356,0.033881339657229316,0.16297611080396893,0.14575998292936054,0.14505193936043298,0.08790991357988767,0.011721321810651691,40.7,3.3
68000040,桃園市,楊梅區,175142,1965.1739339720768,89.1229,34.410518959532666,0.046571580892287245,0.046571580892287245,0.030951076835440263,0.18102994982801307,0.14509891987818505,0.1335911311701685,0.075869246105646,0.0101158994807528,39.5,3.2
68000050,桃園市,蘆竹區,167060,2212.6419654978313,75.5025,29.151656956204466,0.049861730855319204,0.049861730855319204,0.03618734566564138,0.1891706017415414,0.16356192869211109,0.10698349434648875,0.05531018498462072,0.0073746913312827626,37.3,3.4
68000060,桃園市,大園區,93887,1074.314157393369,87.3925,33.742408271846614,0.045103285809605514,0.045103285809605514,0.03247375301278647,0.17471097675558642,0.13982393071612403,0.1367907185751052,0.07309122104661138,0.009745496139548185,39.4,3.4
68000070,桃園市,龜山區,164398,2282.744380895252,72.0177,27.806169135788174,0.037275312033155025,0.037275312033155025,0.05099121729073298,0.1746060430822611,0.1335251915570334,0.11349302443255747,0.06721483302009541,0.008961977736012722,38.0,3.5
68000080,桃園市,八德區,209202,6205.730456733835,33.7111,13.015918980382166,0.04998017017594462,0.04998017017594462,0.03111028987597346,0.19486858234785118,0.14983685462936255,0.12171906547447361,0.07335051918084799,0.009780069224113066,39.0,3.2
68000090,桃園市,龍潭區,124408,1653.6118595158314,75.2341,29.04802721246028,0.04445879440742806,0.04445879440742806,0.033597992309724385,0.1755481522791981,0.13981185241715344,0.14377439901376618,0.07815022454430713,0.010420029939240951,40.0,3.3
68000100,桃園市,平鎮區,228611,4787.344094217769,47.7532,18.437600145174308,0.04616896868246637,0.04616896868246637,0.03492096532882326,0.19815260521693878,0.14115223660530368,0.12817277044168346,0.0694152084824042,0.009255361130987228,38.9,3.2
68000110,桃園市,新屋區,49333,580.2749110173778,85.0166,32.825068822659546,0.039702373123391144,0.039702373123391144,0.03273331955431127,0.1476860637718194,0.13703237443866143,0.14203040153322938,0.09513913680689953,0.012685218240919938,41.5,3.6
68000120,桃園市,觀音區,69032,784.6266283400792,87.9807,33.96951339580462,0.04524596786587802,0.04524596786587802,0.034413984797987116,0.18081700939257814,0.13687080923713296,0.12417172741763381,0.06546086864881243,0.008728115819841656,38.5,3.5
68000130,桃園市,復興區,12354,35.21890657182973,350.7775,135.4358511036722,0.05757052389176741,0.05757052389176741,0.019830428638718794,0.13314492070968756,0.1560684565865913,0.1793060135029047,0.1137070183702308,0.01516093578269744,43.0,2.7
