TOWNCODE,COUNTYNAME,TOWNNAME,centroid_lat,centroid_lon,daily_solar_radiation,relative_humidity,air_temperature,earth_temperature,earth_temperature_amplitude,wind_speed,atmospheric_pressure,heating_degree_days,cooling_degree_days,heating_design_temperature,cooling_design_temperature,frost_days
09007010,連江縣,南竿鄉,26.15544282074362,119.93509684391556,3.7691124947789643,85.48046735418936,20.618291621321266,21.070154571680288,15.094615384615384,6.155197901731475,101.20342678804839,594.3023076923077,1441.0430769230768,7.63948717948718,30.04974358974359,0.0
09007020,連江縣,北竿鄉,26.2355059150911,119.99957669851138,3.7691124947789643,85.48046735418936,20.618291621321266,21.070154571680288,15.094615384615384,6.155197901731475,101.20342678804839,594.3023076923077,1441.0430769230768,7.63948717948718,30.04974358974359,0.0
09007030,連江縣,莒光鄉,25.96793904499471,119.95695910378778,3.927217815909579,85.48046735418936,20.618291621321266,21.070154571680288,15.094615384615384,6.155197901731475,101.20342678804839,594.3023076923077,1441.0430769230768,7.63948717948718,30.04974358974359,0.0
09007040,連江縣,東引鄉,26.3660878634403,120.48600432112853,3.890047771142577,84.94614781737462,20.782057425993422,21.581542607403826,14.409230769230769,6.603437705493847,101.44580136698393,556.6000000000001,1463.1399999999996,7.874358974358975,29.422564102564102,0.0
09020010,金門縣,金城鎮,24.412904474867894,118.31342370378384,4.257506457788701,80.73213912257367,21.504515089222476,22.129151174373945,14.768461538461539,4.720993072949955,100.0760834931219,426.3753846153847,1596.7823076923075,5.246410256410257,33.42179487179487,2.3846153846153846
09020020,金門縣,金沙鎮,24.488079458669656,118.42040035744868,4.257506457788701,80.73213912257367,21.504515089222476,22.129151174373945,14.768461538461539,4.720993072949955,100.0760834931219,426.3753846153847,1596.7823076923075,5.246410256410257,33.42179487179487,2.3846153846153846
09020030,金門縣,金湖鎮,24.44317720018729,118.41708907452447,4.257506457788701,80.73213912257367,21.504515089222476,22.129151174373945,14.768461538461539,4.720993072949955,100.0760834931219,426.3753846153847,1596.7823076923075,5.246410256410257,33.42179487179487,2.3846153846153846
09020040,金門縣,金寧鄉,24.457140497510363,118.32803127705905,4.257506457788701,80.73213912257367,21.504515089222476,22.129151174373945,14.768461538461539,4.720993072949955,100.0760834931219,426.3753846153847,1596.7823076923075,5.246410256410257,33.42179487179487,2.3846153846153846
09020050,金門縣,烈嶼鄉,24.429694404680994,118.23692027546718,4.257506457788701,80.73213912257367,21.504515089222476,22.129151174373945,14.768461538461539,4.720993072949955,100.0760834931219,426.3753846153847,1596.7823076923075,5.246410256410257,33.42179487179487,2.3846153846153846
09020060,金門縣,烏坵鄉,24.9882358160745,119.45980586219312,4.215679778875802,84.7762005389625,21.656676236705877,22.347418271749955,14.174615384615386,7.3824258782612695,101.30429574991219,412.37615384615395,1638.3653846153843,9.303846153846154,30.28025641025641,0.0
10002010,宜蘭縣,宜蘭市,24.75031113567317,121.75693305865573,3.8999777545063616,82.91490687349929,23.400345937915667,24.29015969067238,9.535384615384617,5.241253277824803,100.19415900545297,55.68076923076926,1918.53,11.588205128205129,31.94,0.0
10002020,宜蘭縣,羅東鎮,24.678937443882983,121.77019448276492,3.8999777545063616,85.17302078115014,22.97745264212545,24.58416338164418,8.481538461538461,4.848830180748213,98.39094894827457,72.05692307692311,1780.4646153846152,10.973846153846154,31.50769230769231,0.0
10002030,宜蘭縣,蘇澳鎮,24.556536257341392,121.83632470400993,3.8999777545063616,85.17302078115014,22.97745264212545,24.58416338164418,8.481538461538461,4.848830180748213,98.39094894827457,72.05692307692311,1780.4646153846152,10.973846153846154,31.50769230769231,0.0
10002040,宜蘭縣,頭城鎮,24.949160758305897,121.94073720113059,3.8999777545063616,82.91490687349929,23.400345937915667,24.29015969067238,9.535384615384617,5.241253277824803,100.19415900545297,55.68076923076926,1918.53,11.588205128205129,31.94,0.0
10002050,宜蘭縣,礁溪鄉,24.811530269650238,121.73468138446037,3.8999777545063616,82.91490687349929,23.400345937915667,24.29015969067238,9.535384615384617,5.241253277824803,100.19415900545297,55.68076923076926,1918.53,11.588205128205129,31.94,0.0
10002060,宜蘭縣,壯圍鄉,24.751885343496365,121.80177524673617,3.8999777545063616,82.91490687349929,23.400345937915667,24.29015969067238,9.535384615384617,5.241253277824803,100.19415900545297,55.68076923076926,1918.53,11.588205128205129,31.94,0.0
10002070,宜蘭縣,員山鄉,24.74207890078366,121.66123507954637,3.8999777545063616,85.17302078115014,22.97745264212545,24.58416338164418,8.481538461538461,4.848830180748213,98.39094894827457,72.05692307692311,1780.4646153846152,10.973846153846154,31.50769230769231,0.0
10002080,宜蘭縣,冬山鄉,24.642235976779414,121.7602785116598,3.8999777545063616,85.17302078115014,22.97745264212545,24.58416338164418,8.481538461538461,4.848830180748213,98.39094894827457,72.05692307692311,1780.4646153846152,10.973846153846154,31.50769230769231,0.0
10002090,宜蘭縣,五結鄉,24.689124039954006,121.80609718277611,3.8999777545063616,85.17302078115014,22.97745264212545,24.58416338164418,8.481538461538461,4.848830180748213,98.39094894827457,72.05692307692311,1780.4646153846152,10.973846153846154,31.50769230769231,0.0
10002100,宜蘭縣,三星鄉,24.667806342400628,121.66430700209446,3.8999777545063616,85.17302078115014,22.97745264212545,24.58416338164418,8.481538461538461,4.848830180748213,98.39094894827457,72.05692307692311,1780.4646153846152,10.973846153846154,31.50769230769231,0.0
10002110,宜蘭縣,大同鄉,24.5448855717869,121.51533462473347,3.8999777545063616,85.76681481225563,17.189068654378783,17.50095395210374,12.624615384615385,2.6423909435874404,88.10413355444615,916.4053846153848,510.723846153846,0.7787179487179487,28.622820512820514,64.92307692307692
10002120,宜蘭縣,南澳鄉,24.44127041531073,121.66604815102907,3.8999777545063616,85.17302078115014,22.97745264212545,24.58416338164418,8.481538461538461,4.848830180748213,98.39094894827457,72.05692307692311,1780.4646153846152,10.973846153846154,31.50769230769231,0.0
10004010,新竹縣,竹北市,24.838536005981258,120.99409569620965,4.257017617124576,84.15370429615298,21.869826478260116,22.17428249465932,13.19923076923077,4.795418162345178,98.77232585925938,283.3846153846155,1587.2476923076922,7.843333333333334,32.44179487179487,0.0
10004020,新竹縣,竹東鎮,24.73087754938982,121.07535013529011,3.8999777545063616,85.76681481225563,17.189068654378783,17.50095395210374,12.624615384615385,2.6423909435874404,88.10413355444615,916.4053846153848,510.723846153846,0.7787179487179487,28.622820512820514,64.92307692307692
10004030,新竹縣,新埔鎮,24.841442812863697,121.09399187880692,3.8999777545063616,84.15370429615298,21.869826478260116,22.17428249465932,13.19923076923077,4.795418162345178,98.77232585925938,283.3846153846155,1587.2476923076922,7.843333333333334,32.44179487179487,0.0
10004040,新竹縣,關西鎮,24.785243601932684,121.18660867014148,3.8999777545063616,84.15370429615298,21.869826478260116,22.17428249465932,13.19923076923077,4.795418162345178,98.77232585925938,283.3846153846155,1587.2476923076922,7.843333333333334,32.44179487179487,0.0
10004050,新竹縣,湖口鄉,24.88576429358427,121.05171106562574,3.8999777545063616,84.15370429615298,21.869826478260116,22.17428249465932,13.19923076923077,4.795418162345178,98.77232585925938,283.3846153846155,1587.2476923076922,7.843333333333334,32.44179487179487,0.0
10004060,新竹縣,新豐鄉,24.907481437065442,120.99473739717932,4.257017617124576,84.15370429615298,21.869826478260116,22.17428249465932,13.19923076923077,4.795418162345178,98.77232585925938,283.3846153846155,1587.2476923076922,7.843333333333334,32.44179487179487,0.0
10004070,新竹縣,芎林鄉,24.765807927111528,121.10464612540305,3.8999777545063616,84.15370429615298,21.869826478260116,22.17428249465932,13.19923076923077,4.795418162345178,98.77232585925938,283.3846153846155,1587.2476923076922,7.843333333333334,32.44179487179487,0.0
10004080,新竹縣,橫山鄉,24.7079121038895,121.14698776128186,3.8999777545063616,85.76681481225563,17.189068654378783,17.50095395210374,12.624615384615385,2.6423909435874404,88.10413355444615,916.4053846153848,510.723846153846,0.7787179487179487,28.622820512820514,64.92307692307692
10004090,新竹縣,北埔鄉,24.672181905872065,121.06427795144629,3.8999777545063616,85.76681481225563,17.189068654378783,17.50095395210374,12.624615384615385,2.6423909435874404,88.10413355444615,916.4053846153848,510.723846153846,0.7787179487179487,28.622820512820514,64.92307692307692
10004100,新竹縣,寶山鄉,24.737036388030084,120.9991706458139,4.257017617124576,85.76681481225563,17.189068654378783,17.50095395210374,12.624615384615385,2.6423909435874404,88.10413355444615,916.4053846153848,510.723846153846,0.7787179487179487,28.622820512820514,64.92307692307692
10004110,新竹縣,峨眉鄉,24.678209583659626,121.0110848456248,3.8999777545063616,85.76681481225563,17.189068654378783,17.50095395210374,12.624615384615385,2.6423909435874404,88.10413355444615,916.4053846153848,510.723846153846,0.7787179487179487,28.622820512820514,64.92307692307692
10004120,新竹縣,尖石鄉,24.595029017421048,121.28194661933931,3.8999777545063616,85.76681481225563,17.189068654378783,17.50095395210374,12.624615384615385,2.6423909435874404,88.10413355444615,916.4053846153848,510.723846153846,0.7787179487179487,28.622820512820514,64.92307692307692
10004130,新竹縣,五峰鄉,24.57816203916368,121.13897739797751,3.8999777545063616,85.76681481225563,17.189068654378783,17.50095395210374,12.624615384615385,2.6423909435874404,88.10413355444615,916.4053846153848,510.723846153846,0.7787179487179487,28.622820512820514,64.92307692307692
10005010,苗栗縣,苗栗市,24.56392544327706,120.81123030022655,4.257017617124576,79.88242145024674,22.986572146694535,23.45341833508957,11.430769230769231,5.636984389665279,98.5354099281959,104.92923076923081,1816.6592307692304,10.428974358974358,31.62974358974359,0.0
10005020,苗栗縣,苑裡鎮,24.411471152049486,120.68789341759124,4.257017617124576,79.88242145024674,22.986572146694535,23.45341833508957,11.430769230769231,5.636984389665279,98.5354099281959,104.92923076923081,1816.6592307692304,10.428974358974358,31.62974358974359,0.0
10005030,苗栗縣,通霄鎮,24.4861007301377,120.71376315601995,4.257017617124576,79.88242145024674,22.986572146694535,23.45341833508957,11.430769230769231,5.636984389665279,98.5354099281959,104.92923076923081,1816.6592307692304,10.428974358974358,31.62974358974359,0.0
10005040,苗栗縣,竹南鎮,24.699245680663402,120.87601667371784,4.257017617124576,79.88242145024674,22.986572146694535,23.45341833508957,11.430769230769231,5.636984389665279,98.5354099281959,104.92923076923081,1816.6592307692304,10.428974358974358,31.62974358974359,0.0
10005050,苗栗縣,頭份市,24.676387570903046,120.91895924342735,4.257017617124576,79.88242145024674,22.986572146694535,23.45341833508957,11.430769230769231,5.636984389665279,98.5354099281959,104.92923076923081,1816.6592307692304,10.428974358974358,31.62974358974359,0.0
10005060,苗栗縣,後龍鎮,24.61723483449809,120.7789937301157,4.257017617124576,79.88242145024674,22.986572146694535,23.45341833508957,11.430769230769231,5.636984389665279,98.5354099281959,104.92923076923081,1816.6592307692304,10.428974358974358,31.62974358974359,0.0
10005070,苗栗縣,卓蘭鎮,24.32538281134219,120.85604848558553,4.257017617124576,79.88242145024674,22.986572146694535,23.45341833508957,11.430769230769231,5.636984389665279,98.5354099281959,104.92923076923081,1816.6592307692304,10.428974358974358,31.62974358974359,0.0
10005080,苗栗縣,大湖鄉,24.393793028622678,120.86314858200029,4.257017617124576,79.88242145024674,22.986572146694535,23.45341833508957,11.430769230769231,5.636984389665279,98.5354099281959,104.92923076923081,1816.6592307692304,10.428974358974358,31.62974358974359,0.0
10005090,苗栗縣,公館鄉,24.50260293593494,120.85059545744853,4.257017617124576,79.88242145024674,22.986572146694535,23.45341833508957,11.430769230769231,5.636984389665279,98.5354099281959,104.92923076923081,1816.6592307692304,10.428974358974358,31.62974358974359,0.0
10005100,苗栗縣,銅鑼鄉,24.456023689505056,120.79920841710201,4.257017617124576,79.88242145024674,22.986572146694535,23.45341833508957,11.430769230769231,5.636984389665279,98.5354099281959,104.92923076923081,1816.6592307692304,10.428974358974358,31.62974358974359,0.0
10005110,苗栗縣,南庄鄉,24.566202752843264,121.01749106235968,3.8999777545063616,85.76681481225563,17.189068654378783,17.50095395210374,12.624615384615385,2.6423909435874404,88.10413355444615,916.4053846153848,510.723846153846,0.7787179487179487,28.622820512820514,64.92307692307692
10005120,苗栗縣,頭屋鄉,24.573566684427664,120.88266990251151,4.257017617124576,79.88242145024674,22.986572146694535,23.45341833508957,11.430769230769231,5.636984389665279,98.5354099281959,104.92923076923081,1816.6592307692304,10.428974358974358,31.62974358974359,0.0
10005130,苗栗縣,三義鄉,24.380924658052777,120.77019838023213,4.257017617124576,79.88242145024674,22.986572146694535,23.45341833508957,11.430769230769231,5.636984389665279,98.5354099281959,104.92923076923081,1816.6592307692304,10.428974358974358,31.62974358974359,0.0
10005140,苗栗縣,西湖鄉,24.54163449274859,120.76141742946909,4.257017617124576,79.88242145024674,22.986572146694535,23.45341833508957,11.430769230769231,5.636984389665279,98.5354099281959,104.92923076923081,1816.6592307692304,10.428974358974358,31.62974358974359,0.0
10005150,苗栗縣,造橋鄉,24.62491894097202,120.86956311773426,4.257017617124576,79.88242145024674,22.986572146694535,23.45341833508957,11.430769230769231,5.636984389665279,98.5354099281959,104.92923076923081,1816.6592307692304,10.428974358974358,31.62974358974359,0.0
10005160,苗栗縣,三灣鄉,24.63609053426346,120.95257123903852,4.257017617124576,85.76681481225563,17.189068654378783,17.50095395210374,12.624615384615385,2.6423909435874404,88.10413355444615,916.4053846153848,510.723846153846,0.7787179487179487,28.622820512820514,64.92307692307692
10005170,苗栗縣,獅潭鄉,24.51991054231905,120.92069388998117,4.257017617124576,79.88242145024674,22.986572146694535,23.45341833508957,11.430769230769231,5.636984389665279,98.5354099281959,104.92923076923081,1816.6592307692304,10.428974358974358,31.62974358974359,0.0
10005180,苗栗縣,泰安鄉,24.419277290916806,121.06831706808514,3.8999777545063616,85.76681481225563,17.189068654378783,17.50095395210374,12.624615384615385,2.6423909435874404,88.10413355444615,916.4053846153848,510.723846153846,0.7787179487179487,28.622820512820514,64.92307692307692
10007010,彰化縣,彰化市,24.075423148880596,120.5693960907837,4.257017617124576,76.61939125452734,23.393695405575038,23.621354235404542,11.30846153846154,3.1526397473325387,97.98681640726217,66.48538461538463,1926.8984615384613,9.412307692307692,34.246153846153845,0.0
10007020,彰化縣,鹿港鎮,24.084131045482053,120.4263995199118,4.257017617124576,76.61939125452734,23.393695405575038,23.621354235404542,11.30846153846154,3.1526397473325387,97.98681640726217,66.48538461538463,1926.8984615384613,9.412307692307692,34.246153846153845,0.0
10007030,彰化縣,和美鎮,24.11386686986838,120.51121130473672,4.257017617124576,76.61939125452734,23.393695405575038,23.621354235404542,11.30846153846154,3.1526397473325387,97.98681640726217,66.48538461538463,1926.8984615384613,9.412307692307692,34.246153846153845,0.0
10007040,彰化縣,線西鄉,24.137707924987946,120.44194819492512,4.257017617124576,76.61939125452734,23.393695405575038,23.621354235404542,11.30846153846154,3.1526397473325387,97.98681640726217,66.48538461538463,1926.8984615384613,9.412307692307692,34.246153846153845,0.0
10007050,彰化縣,伸港鄉,24.170627227635347,120.47396831773023,4.257017617124576,76.61939125452734,23.393695405575038,23.621354235404542,11.30846153846154,3.1526397473325387,97.98681640726217,66.48538461538463,1926.8984615384613,9.412307692307692,34.246153846153845,0.0
10007060,彰化縣,福興鄉,24.033048099787408,120.42277794258098,4.257017617124576,76.61939125452734,23.393695405575038,23.621354235404542,11.30846153846154,3.1526397473325387,97.98681640726217,66.48538461538463,1926.8984615384613,9.412307692307692,34.246153846153845,0.0
10007070,彰化縣,秀水鄉,24.032579917067416,120.50411501594283,4.257017617124576,76.61939125452734,23.393695405575038,23.621354235404542,11.30846153846154,3.1526397473325387,97.98681640726217,66.48538461538463,1926.8984615384613,9.412307692307692,34.246153846153845,0.0
10007080,彰化縣,花壇鄉,24.030158789359124,120.55976076820228,4.257017617124576,76.61939125452734,23.393695405575038,23.621354235404542,11.30846153846154,3.1526397473325387,97.98681640726217,66.48538461538463,1926.8984615384613,9.412307692307692,34.246153846153845,0.0
10007090,彰化縣,芬園鄉,24.006365476949863,120.62945387686769,4.257017617124576,76.61939125452734,23.393695405575038,23.621354235404542,11.30846153846154,3.1526397473325387,97.98681640726217,66.48538461538463,1926.8984615384613,9.412307692307692,34.246153846153845,0.0
10007100,彰化縣,員林市,23.956599634871257,120.59309667716494,4.463474029833198,76.61939125452734,23.393695405575038,23.621354235404542,11.30846153846154,3.1526397473325387,97.98681640726217,66.48538461538463,1926.8984615384613,9.412307692307692,34.246153846153845,0.0
10007110,彰化縣,溪湖鎮,23.951799548152835,120.48318966690087,4.463474029833198,76.61939125452734,23.393695405575038,23.621354235404542,11.30846153846154,3.1526397473325387,97.98681640726217,66.48538461538463,1926.8984615384613,9.412307692307692,34.246153846153845,0.0
10007120,彰化縣,田中鎮,23.85733940309403,120.59035929340874,4.463474029833198,76.61939125452734,23.393695405575038,23.621354235404542,11.30846153846154,3.1526397473325387,97.98681640726217,66.48538461538463,1926.8984615384613,9.412307692307692,34.246153846153845,0.0
10007130,彰化縣,大村鄉,23.992182124501415,120.55868863670985,4.463474029833198,76.61939125452734,23.393695405575038,23.621354235404542,11.30846153846154,3.1526397473325387,97.98681640726217,66.48538461538463,1926.8984615384613,9.412307692307692,34.246153846153845,0.0
10007140,彰化縣,埔鹽鄉,23.992123011838792,120.45944513581507,4.463474029833198,76.61939125452734,23.393695405575038,23.621354235404542,11.30846153846154,3.1526397473325387,97.98681640726217,66.48538461538463,1926.8984615384613,9.412307692307692,34.246153846153845,0.0
10007150,彰化縣,埔心鄉,23.95286932758163,120.534276126944,4.463474029833198,76.61939125452734,23.393695405575038,23.621354235404542,11.30846153846154,3.1526397473325387,97.98681640726217,66.48538461538463,1926.8984615384613,9.412307692307692,34.246153846153845,0.0
10007160,彰化縣,永靖鄉,23.92149147648807,120.5416050537025,4.463474029833198,76.61939125452734,23.393695405575038,23.621354235404542,11.30846153846154,3.1526397473325387,97.98681640726217,66.48538461538463,1926.8984615384613,9.412307692307692,34.246153846153845,0.0
10007170,彰化縣,社頭鄉,23.905456403225326,120.60220960191673,4.463474029833198,76.61939125452734,23.393695405575038,23.621354235404542,11.30846153846154,3.1526397473325387,97.98681640726217,66.48538461538463,1926.8984615384613,9.412307692307692,34.246153846153845,0.0
10007180,彰化縣,二水鄉,23.80931619553326,120.62860815509401,4.463474029833198,76.61939125452734,23.393695405575038,23.621354235404542,11.30846153846154,3.1526397473325387,97.98681640726217,66.48538461538463,1926.8984615384613,9.412307692307692,34.246153846153845,0.0
10007190,彰化縣,北斗鎮,23.867668563823667,120.53316883454134,4.463474029833198,76.61939125452734,23.393695405575038,23.621354235404542,11.30846153846154,3.1526397473325387,97.98681640726217,66.48538461538463,1926.8984615384613,9.412307692307692,34.246153846153845,0.0
10007200,彰化縣,二林鎮,23.916298310602247,120.40422464130893,4.463474029833198,76.61939125452734,23.393695405575038,23.621354235404542,11.30846153846154,3.1526397473325387,97.98681640726217,66.48538461538463,1926.8984615384613,9.412307692307692,34.246153846153845,0.0
10007210,彰化縣,田尾鄉,23.90065429746449,120.52233146336548,4.463474029833198,76.61939125452734,23.393695405575038,23.621354235404542,11.30846153846154,3.1526397473325387,97.98681640726217,66.48538461538463,1926.8984615384613,9.412307692307692,34.246153846153845,0.0
10007220,彰化縣,埤頭鄉,23.882434754261904,120.46756518825313,4.463474029833198,76.61939125452734,23.393695405575038,23.621354235404542,11.30846153846154,3.1526397473325387,97.98681640726217,66.48538461538463,1926.8984615384613,9.412307692307692,34.246153846153845,0.0
10007230,彰化縣,芳苑鄉,23.957948940266455,120.34083711180061,4.463474029833198,76.61939125452734,23.393695405575038,23.621354235404542,11.30846153846154,3.1526397473325387,97.98681640726217,66.48538461538463,1926.8984615384613,9.412307692307692,34.246153846153845,0.0
10007240,彰化縣,大城鄉,23.859435888421142,120.29524573500724,4.463474029833198,83.70807220715507,24.00198639925835,24.830608089043974,10.356153846153846,6.789364173965117,101.31259449981863,54.244615384615415,2136.8499999999995,13.65025641025641,30.30461538461538,0.0
10007250,彰化縣,竹塘鄉,23.85067969349714,120.41365668702184,4.463474029833198,76.61939125452734,23.393695405575038,23.621354235404542,11.30846153846154,3.1526397473325387,97.98681640726217,66.48538461538463,1926.8984615384613,9.412307692307692,34.246153846153845,0.0
10007260,彰化縣,溪州鄉,23.827339660492935,120.52249494005687,4.463474029833198,76.61939125452734,23.393695405575038,23.621354235404542,11.30846153846154,3.1526397473325387,97.98681640726217,66.48538461538463,1926.8984615384613,9.412307692307692,34.246153846153845,0.0
10008010,南投縣,南投市,23.921799945143018,120.67881731385621,4.463474029833198,76.61939125452734,23.393695405575038,23.621354235404542,11.30846153846154,3.1526397473325387,97.98681640726217,66.48538461538463,1926.8984615384613,9.412307692307692,34.246153846153845,0.0
10008020,南投縣,埔里鎮,23.979008747715298,120.96257004118105,4.463474029833198,84.18912135293407,17.50053705079261,17.825309989808083,11.09,1.603654234828724,86.98876171063011,765.886153846154,473.96230769230755,1.5933333333333333,29.207948717948717,48.92307692307692
10008030,南投縣,草屯鎮,23.98336274927125,120.73210457206658,4.463474029833198,76.61939125452734,23.393695405575038,23.621354235404542,11.30846153846154,3.1526397473325387,97.98681640726217,66.48538461538463,1926.8984615384613,9.412307692307692,34.246153846153845,0.0
10008040,南投縣,竹山鎮,23.698185247445146,120.7101043515116,4.463474029833198,77.54203093852027,21.60661863220992,21.985522338728718,9.996153846153847,2.34536138702229,93.75751354028111,147.80769230769235,1355.5076923076922,6.805384615384615,32.85410256410257,2.3846153846153846
10008050,南投縣,集集鎮,23.837086865706116,120.78528837863679,4.463474029833198,76.61939125452734,23.393695405575038,23.621354235404542,11.30846153846154,3.1526397473325387,97.98681640726217,66.48538461538463,1926.8984615384613,9.412307692307692,34.246153846153845,0.0
10008060,南投縣,名間鄉,23.851171653570354,120.67745441248266,4.463474029833198,76.61939125452734,23.393695405575038,23.621354235404542,11.30846153846154,3.1526397473325387,97.98681640726217,66.48538461538463,1926.8984615384613,9.412307692307692,34.246153846153845,0.0
10008070,南投縣,鹿谷鄉,23.73788129525068,120.78153074664478,4.463474029833198,77.54203093852027,21.60661863220992,21.985522338728718,9.996153846153847,2.34536138702229,93.75751354028111,147.80769230769235,1355.5076923076922,6.805384615384615,32.85410256410257,2.3846153846153846
10008080,南投縣,中寮鄉,23.906050757289595,120.78602053055258,4.463474029833198,76.61939125452734,23.393695405575038,23.621354235404542,11.30846153846154,3.1526397473325387,97.98681640726217,66.48538461538463,1926.8984615384613,9.412307692307692,34.246153846153845,0.0
10008090,南投縣,魚池鄉,23.876087059239804,120.9257254583307,4.463474029833198,76.61939125452734,23.393695405575038,23.621354235404542,11.30846153846154,3.1526397473325387,97.98681640726217,66.48538461538463,1926.8984615384613,9.412307692307692,34.246153846153845,0.0
10008100,南投縣,國姓鄉,24.03132898701881,120.86754764466752,4.257017617124576,76.61939125452734,23.393695405575038,23.621354235404542,11.30846153846154,3.1526397473325387,97.98681640726217,66.48538461538463,1926.8984615384613,9.412307692307692,34.246153846153845,0.0
10008110,南投縣,水里鄉,23.796270013073382,120.86227369747668,4.463474029833198,76.61939125452734,23.393695405575038,23.621354235404542,11.30846153846154,3.1526397473325387,97.98681640726217,66.48538461538463,1926.8984615384613,9.412307692307692,34.246153846153845,0.0
10008120,南投縣,信義鄉,23.655609806014706,121.02135184438023,4.005329803119323,83.22153562853046,19.693618545837726,20.672668175301006,9.667692307692308,2.2322909130692645,90.06225527014342,375.0646153846155,884.1246153846153,6.467692307692308,30.74692307692308,0.0
10008130,南投縣,仁愛鄉,24.02870417670372,121.14445314866585,3.8999777545063616,84.18912135293407,17.50053705079261,17.825309989808083,11.09,1.603654234828724,86.98876171063011,765.886153846154,473.96230769230755,1.5933333333333333,29.207948717948717,48.92307692307692
10009010,雲林縣,斗六市,23.706607873709945,120.56008896630853,4.463474029833198,77.54203093852027,21.60661863220992,21.985522338728718,9.996153846153847,2.34536138702229,93.75751354028111,147.80769230769235,1355.5076923076922,6.805384615384615,32.85410256410257,2.3846153846153846
10009020,雲林縣,斗南鎮,23.670765577305815,120.4826326575661,4.463474029833198,77.54203093852027,21.60661863220992,21.985522338728718,9.996153846153847,2.34536138702229,93.75751354028111,147.80769230769235,1355.5076923076922,6.805384615384615,32.85410256410257,2.3846153846153846
10009030,雲林縣,虎尾鎮,23.71670703876684,120.42931035447933,4.463474029833198,77.54203093852027,21.60661863220992,21.985522338728718,9.996153846153847,2.34536138702229,93.75751354028111,147.80769230769235,1355.5076923076922,6.805384615384615,32.85410256410257,2.3846153846153846
10009040,雲林縣,西螺鎮,23.779517874057102,120.45808088870571,4.463474029833198,76.61939125452734,23.393695405575038,23.621354235404542,11.30846153846154,3.1526397473325387,97.98681640726217,66.48538461538463,1926.8984615384613,9.412307692307692,34.246153846153845,0.0
10009050,雲林縣,土庫鎮,23.69120081242489,120.36472449153727,4.463474029833198,77.54203093852027,21.60661863220992,21.985522338728718,9.996153846153847,2.34536138702229,93.75751354028111,147.80769230769235,1355.5076923076922,6.805384615384615,32.85410256410257,2.3846153846153846
10009060,雲林縣,北港鎮,23.592285480143104,120.29401202054316,4.463474029833198,81.57996456436743,24.642215757743266,25.404434503964485,9.24076923076923,5.528968946316803,101.28131926618184,10.961538461538472,2327.39,14.409230769230769,31.553333333333335,0.0
10009070,雲林縣,古坑鄉,23.625567363167818,120.6117113402338,4.463474029833198,77.54203093852027,21.60661863220992,21.985522338728718,9.996153846153847,2.34536138702229,93.75751354028111,147.80769230769235,1355.5076923076922,6.805384615384615,32.85410256410257,2.3846153846153846
10009080,雲林縣,大埤鄉,23.64568277720423,120.42555961969147,4.463474029833198,77.54203093852027,21.60661863220992,21.985522338728718,9.996153846153847,2.34536138702229,93.75751354028111,147.80769230769235,1355.5076923076922,6.805384615384615,32.85410256410257,2.3846153846153846
10009090,雲林縣,莿桐鄉,23.76982549886541,120.52903831967727,4.463474029833198,76.61939125452734,23.393695405575038,23.621354235404542,11.30846153846154,3.1526397473325387,97.98681640726217,66.48538461538463,1926.8984615384613,9.412307692307692,34.246153846153845,0.0
10009100,雲林縣,林內鄉,23.75586537063225,120.61549215687081,4.463474029833198,76.61939125452734,23.393695405575038,23.621354235404542,11.30846153846154,3.1526397473325387,97.98681640726217,66.48538461538463,1926.8984615384613,9.412307692307692,34.246153846153845,0.0
10009110,雲林縣,二崙鄉,23.792645718447357,120.39645933443397,4.463474029833198,76.61939125452734,23.393695405575038,23.621354235404542,11.30846153846154,3.1526397473325387,97.98681640726217,66.48538461538463,1926.8984615384613,9.412307692307692,34.246153846153845,0.0
10009120,雲林縣,崙背鄉,23.778588584170638,120.33397079587412,4.463474029833198,76.61939125452734,23.393695405575038,23.621354235404542,11.30846153846154,3.1526397473325387,97.98681640726217,66.48538461538463,1926.8984615384613,9.412307692307692,34.246153846153845,0.0
10009130,雲林縣,麥寮鄉,23.79139492623123,120.23799820332582,4.463474029833198,83.70807220715507,24.00198639925835,24.830608089043974,10.356153846153846,6.789364173965117,101.31259449981863,54.244615384615415,2136.8499999999995,13.65025641025641,30.30461538461538,0.0
10009140,雲林縣,東勢鄉,23.696220422180215,120.25641648725166,4.463474029833198,81.57996456436743,24.642215757743266,25.404434503964485,9.24076923076923,5.528968946316803,101.28131926618184,10.961538461538472,2327.39,14.409230769230769,31.553333333333335,0.0
10009150,雲林縣,褒忠鄉,23.716221425410826,120.31161482868505,4.463474029833198,81.57996456436743,24.642215757743266,25.404434503964485,9.24076923076923,5.528968946316803,101.28131926618184,10.961538461538472,2327.39,14.409230769230769,31.553333333333335,0.0
10009160,雲林縣,臺西鄉,23.71674293458322,120.19979194637145,4.463474029833198,81.57996456436743,24.642215757743266,25.404434503964485,9.24076923076923,5.528968946316803,101.28131926618184,10.961538461538472,2327.39,14.409230769230769,31.553333333333335,0.0
10009170,雲林縣,元長鄉,23.642519411354307,120.32795910564744,4.463474029833198,77.54203093852027,21.60661863220992,21.985522338728718,9.996153846153847,2.34536138702229,93.75751354028111,147.80769230769235,1355.5076923076922,6.805384615384615,32.85410256410257,2.3846153846153846
10009180,雲林縣,四湖鄉,23.646343225231497,120.19383233293028,4.463474029833198,81.57996456436743,24.642215757743266,25.404434503964485,9.24076923076923,5.528968946316803,101.28131926618184,10.961538461538472,2327.39,14.409230769230769,31.553333333333335,0.0
10009190,雲林縣,口湖鄉,23.554089817872587,120.14138694491123,4.463474029833198,81.57996456436743,24.642215757743266,25.404434503964485,9.24076923076923,5.528968946316803,101.28131926618184,10.961538461538472,2327.39,14.409230769230769,31.553333333333335,0.0
10009200,雲林縣,水林鄉,23.561719060039454,120.23527749186485,4.463474029833198,81.57996456436743,24.642215757743266,25.404434503964485,9.24076923076923,5.528968946316803,101.28131926618184,10.961538461538472,2327.39,14.409230769230769,31.553333333333335,0.0
10010010,嘉義縣,太保市,23.47300069422005,120.34393992152799,4.463474029833198,77.54203093852027,21.60661863220992,21.985522338728718,9.996153846153847,2.34536138702229,93.75751354028111,147.80769230769235,1355.5076923076922,6.805384615384615,32.85410256410257,2.3846153846153846
10010020,嘉義縣,朴子市,23.4461449118677,120.25384740350762,4.463474029833198,81.57996456436743,24.642215757743266,25.404434503964485,9.24076923076923,5.528968946316803,101.28131926618184,10.961538461538472,2327.39,14.409230769230769,31.553333333333335,0.0
10010030,嘉義縣,布袋鎮,23.375090330496647,120.176308412572,4.463474029833198,81.57996456436743,24.642215757743266,25.404434503964485,9.24076923076923,5.528968946316803,101.28131926618184,10.961538461538472,2327.39,14.409230769230769,31.553333333333335,0.0
10010040,嘉義縣,大林鎮,23.598992800868977,120.48078361556057,4.463474029833198,77.54203093852027,21.60661863220992,21.985522338728718,9.996153846153847,2.34536138702229,93.75751354028111,147.80769230769235,1355.5076923076922,6.805384615384615,32.85410256410257,2.3846153846153846
10010050,嘉義縣,民雄鄉,23.54264868129656,120.44427499042405,4.463474029833198,77.54203093852027,21.60661863220992,21.985522338728718,9.996153846153847,2.34536138702229,93.75751354028111,147.80769230769235,1355.5076923076922,6.805384615384615,32.85410256410257,2.3846153846153846
10010060,嘉義縣,溪口鄉,23.593616135086332,120.40102885626737,4.463474029833198,77.54203093852027,21.60661863220992,21.985522338728718,9.996153846153847,2.34536138702229,93.75751354028111,147.80769230769235,1355.5076923076922,6.805384615384615,32.85410256410257,2.3846153846153846
10010070,嘉義縣,新港鄉,23.545906379438755,120.34828530385636,4.463474029833198,77.54203093852027,21.60661863220992,21.985522338728718,9.996153846153847,2.34536138702229,93.75751354028111,147.80769230769235,1355.5076923076922,6.805384615384615,32.85410256410257,2.3846153846153846
10010080,嘉義縣,六腳鄉,23.510269630236976,120.27148105477286,4.463474029833198,81.57996456436743,24.642215757743266,25.404434503964485,9.24076923076923,5.528968946316803,101.28131926618184,10.961538461538472,2327.39,14.409230769230769,31.553333333333335,0.0
10010090,嘉義縣,東石鄉,23.468601596948233,120.17382070659389,4.463474029833198,81.57996456436743,24.642215757743266,25.404434503964485,9.24076923076923,5.528968946316803,101.28131926618184,10.961538461538472,2327.39,14.409230769230769,31.553333333333335,0.0
10010100,嘉義縣,義竹鄉,23.34584967934608,120.22395059057254,4.463474029833198,81.57996456436743,24.642215757743266,25.404434503964485,9.24076923076923,5.528968946316803,101.28131926618184,10.961538461538472,2327.39,14.409230769230769,31.553333333333335,0.0
10010110,嘉義縣,鹿草鄉,23.40820409812796,120.30454597027952,4.463474029833198,81.57996456436743,24.642215757743266,25.404434503964485,9.24076923076923,5.528968946316803,101.28131926618184,10.961538461538472,2327.39,14.409230769230769,31.553333333333335,0.0
10010120,嘉義縣,水上鄉,23.429198662646062,120.41473196072701,4.463474029833198,77.54203093852027,21.60661863220992,21.985522338728718,9.996153846153847,2.34536138702229,93.75751354028111,147.80769230769235,1355.5076923076922,6.805384615384615,32.85410256410257,2.3846153846153846
10010130,嘉義縣,中埔鄉,23.404180578926347,120.53653313958014,4.463474029833198,77.54203093852027,21.60661863220992,21.985522338728718,9.996153846153847,2.34536138702229,93.75751354028111,147.80769230769235,1355.5076923076922,6.805384615384615,32.85410256410257,2.3846153846153846
10010140,嘉義縣,竹崎鄉,23.50384024912035,120.5965662275331,4.463474029833198,77.54203093852027,21.60661863220992,21.985522338728718,9.996153846153847,2.34536138702229,93.75751354028111,147.80769230769235,1355.5076923076922,6.805384615384615,32.85410256410257,2.3846153846153846
10010150,嘉義縣,梅山鄉,23.555440932448974,120.63877541321614,4.463474029833198,77.54203093852027,21.60661863220992,21.985522338728718,9.996153846153847,2.34536138702229,93.75751354028111,147.80769230769235,1355.5076923076922,6.805384615384615,32.85410256410257,2.3846153846153846
10010160,嘉義縣,番路鄉,23.42776291373505,120.607509656389,4.463474029833198,77.54203093852027,21.60661863220992,21.985522338728718,9.996153846153847,2.34536138702229,93.75751354028111,147.80769230769235,1355.5076923076922,6.805384615384615,32.85410256410257,2.3846153846153846
10010170,嘉義縣,大埔鄉,23.288589459968126,120.5896551087569,4.463474029833198,77.54203093852027,21.60661863220992,21.985522338728718,9.996153846153847,2.34536138702229,93.75751354028111,147.80769230769235,1355.5076923076922,6.805384615384615,32.85410256410257,2.3846153846153846
10010180,嘉義縣,阿里山鄉,23.440910329211334,120.75964745242861,4.463474029833198,77.54203093852027,21.60661863220992,21.985522338728718,9.996153846153847,2.34536138702229,93.75751354028111,147.80769230769235,1355.5076923076922,6.805384615384615,32.85410256410257,2.3846153846153846
10013010,屏東縣,屏東市,22.664831895363896,120.47999107349641,4.7081038914690785,76.3848441960764,25.25776358778582,26.976096892328425,7.692307692307692,3.9512332625081332,98.85271075103502,0.0,2541.2199999999993,14.906923076923077,32.84871794871795,0.0
10013020,屏東縣,潮州鎮,22.536515617311384,120.55679898566348,4.7081038914690785,76.3848441960764,25.25776358778582,26.976096892328425,7.692307692307692,3.9512332625081332,98.85271075103502,0.0,2541.2199999999993,14.906923076923077,32.84871794871795,0.0
10013030,屏東縣,東港鎮,22.461404816406464,120.47374979903948,4.7081038914690785,76.3848441960764,25.25776358778582,26.976096892328425,7.692307692307692,3.9512332625081332,98.85271075103502,0.0,2541.2199999999993,14.906923076923077,32.84871794871795,0.0
10013040,屏東縣,恆春鎮,21.98457263312193,120.76371989571524,4.751447559394848,79.27027208968889,26.483028042172666,27.50420844489742,5.634615384615385,6.430530572877979,100.95169903896537,0.0,2988.7492307692305,19.012307692307694,30.9874358974359,0.0
10013050,屏東縣,萬丹鄉,22.58818925301171,120.47695823683455,4.7081038914690785,76.3848441960764,25.25776358778582,26.976096892328425,7.692307692307692,3.9512332625081332,98.85271075103502,0.0,2541.2199999999993,14.906923076923077,32.84871794871795,0.0
10013060,屏東縣,長治鄉,22.694647621266686,120.55598372310293,4.7081038914690785,76.3848441960764,25.25776358778582,26.976096892328425,7.692307692307692,3.9512332625081332,98.85271075103502,0.0,2541.2199999999993,14.906923076923077,32.84871794871795,0.0
10013070,屏東縣,麟洛鄉,22.648859881296385,120.52996008397838,4.7081038914690785,76.3848441960764,25.25776358778582,26.976096892328425,7.692307692307692,3.9512332625081332,98.85271075103502,0.0,2541.2199999999993,14.906923076923077,32.84871794871795,0.0
10013080,屏東縣,九如鄉,22.731773256519272,120.4844883910638,4.7081038914690785,76.3848441960764,25.25776358778582,26.976096892328425,7.692307692307692,3.9512332625081332,98.85271075103502,0.0,2541.2199999999993,14.906923076923077,32.84871794871795,0.0
10013090,屏東縣,里港鄉,22.7986368202559,120.50612845080985,4.7081038914690785,77.06563453045194,23.05190300978309,24.079275832484008,9.182307692307692,2.194231322012818,95.4912037577663,30.522307692307734,1766.0792307692307,9.754102564102563,33.675384615384615,0.0
10013100,屏東縣,鹽埔鄉,22.7426289933874,120.56938741960747,4.7081038914690785,76.3848441960764,25.25776358778582,26.976096892328425,7.692307692307692,3.9512332625081332,98.85271075103502,0.0,2541.2199999999993,14.906923076923077,32.84871794871795,0.0
10013110,屏東縣,高樹鄉,22.8100103724478,120.60176244559644,4.7081038914690785,77.06563453045194,23.05190300978309,24.079275832484008,9.182307692307692,2.194231322012818,95.4912037577663,30.522307692307734,1766.0792307692307,9.754102564102563,33.675384615384615,0.0
10013120,屏東縣,萬巒鄉,22.582440946101165,120.6018291367557,4.7081038914690785,76.3848441960764,25.25776358778582,26.976096892328425,7.692307692307692,3.9512332625081332,98.85271075103502,0.0,2541.2199999999993,14.906923076923077,32.84871794871795,0.0
10013130,屏東縣,內埔鄉,22.6512610587551,120.58882016958479,4.7081038914690785,76.3848441960764,25.25776358778582,26.976096892328425,7.692307692307692,3.9512332625081332,98.85271075103502,0.0,2541.2199999999993,14.906923076923077,32.84871794871795,0.0
10013140,屏東縣,竹田鄉,22.58968198679118,120.52786732050907,4.7081038914690785,76.3848441960764,25.25776358778582,26.976096892328425,7.692307692307692,3.9512332625081332,98.85271075103502,0.0,2541.2199999999993,14.906923076923077,32.84871794871795,0.0
10013150,屏東縣,新埤鄉,22.486854362865632,120.58461658383426,4.7081038914690785,76.3848441960764,25.25776358778582,26.976096892328425,7.692307692307692,3.9512332625081332,98.85271075103502,0.0,2541.2199999999993,14.906923076923077,32.84871794871795,0.0
10013160,屏東縣,枋寮鄉,22.402837314891347,120.59681033967586,4.7081038914690785,76.3848441960764,25.25776358778582,26.976096892328425,7.692307692307692,3.9512332625081332,98.85271075103502,0.0,2541.2199999999993,14.906923076923077,32.84871794871795,0.0
10013170,屏東縣,新園鄉,22.51613912119631,120.44970392322755,4.7081038914690785,76.3848441960764,25.25776358778582,26.976096892328425,7.692307692307692,3.9512332625081332,98.85271075103502,0.0,2541.2199999999993,14.906923076923077,32.84871794871795,0.0
10013180,屏東縣,崁頂鄉,22.51536795841641,120.5006530264801,4.7081038914690785,76.3848441960764,25.25776358778582,26.976096892328425,7.692307692307692,3.9512332625081332,98.85271075103502,0.0,2541.2199999999993,14.906923076923077,32.84871794871795,0.0
10013190,屏東縣,林邊鄉,22.44005940756037,120.51132497554195,4.7081038914690785,76.3848441960764,25.25776358778582,26.976096892328425,7.692307692307692,3.9512332625081332,98.85271075103502,0.0,2541.2199999999993,14.906923076923077,32.84871794871795,0.0
10013200,屏東縣,南州鄉,22.479898526356735,120.51805085198575,4.7081038914690785,76.3848441960764,25.25776358778582,26.976096892328425,7.692307692307692,3.9512332625081332,98.85271075103502,0.0,2541.2199999999993,14.906923076923077,32.84871794871795,0.0
10013210,屏東縣,佳冬鄉,22.42908373219971,120.54690892372899,4.7081038914690785,76.3848441960764,25.25776358778582,26.976096892328425,7.692307692307692,3.9512332625081332,98.85271075103502,0.0,2541.2199999999993,14.906923076923077,32.84871794871795,0.0
10013220,屏東縣,琉球鄉,22.340202698491243,120.3711278310091,4.7081038914690785,76.3848441960764,25.25776358778582,26.976096892328425,7.692307692307692,3.9512332625081332,98.85271075103502,0.0,2541.2199999999993,14.906923076923077,32.84871794871795,0.0
10013230,屏東縣,車城鄉,22.079374712014626,120.74257442930521,4.7081038914690785,79.27027208968889,26.483028042172666,27.50420844489742,5.634615384615385,6.430530572877979,100.95169903896537,0.0,2988.7492307692305,19.012307692307694,30.9874358974359,0.0
10013240,屏東縣,滿州鄉,22.049339670067095,120.84402050297324,4.7081038914690785,79.27027208968889,26.483028042172666,27.50420844489742,5.634615384615385,6.430530572877979,100.95169903896537,0.0,2988.7492307692305,19.012307692307694,30.9874358974359,0.0
10013250,屏東縣,枋山鄉,22.266954667986855,120.65796330929015,4.7081038914690785,76.3848441960764,25.25776358778582,26.976096892328425,7.692307692307692,3.9512332625081332,98.85271075103502,0.0,2541.2199999999993,14.906923076923077,32.84871794871795,0.0
10013260,屏東縣,三地門鄉,22.79796742697295,120.68652515401699,4.7081038914690785,77.06563453045194,23.05190300978309,24.079275832484008,9.182307692307692,2.194231322012818,95.4912037577663,30.522307692307734,1766.0792307692307,9.754102564102563,33.675384615384615,0.0
10013270,屏東縣,霧臺鄉,22.76000886508455,120.80081754292789,4.7081038914690785,77.06563453045194,23.05190300978309,24.079275832484008,9.182307692307692,2.194231322012818,95.4912037577663,30.522307692307734,1766.0792307692307,9.754102564102563,33.675384615384615,0.0
10013280,屏東縣,瑪家鄉,22.67117198529266,120.67992623222834,4.7081038914690785,76.3848441960764,25.25776358778582,26.976096892328425,7.692307692307692,3.9512332625081332,98.85271075103502,0.0,2541.2199999999993,14.906923076923077,32.84871794871795,0.0
10013290,屏東縣,泰武鄉,22.604190034246923,120.69180698283247,4.7081038914690785,76.3848441960764,25.25776358778582,26.976096892328425,7.692307692307692,3.9512332625081332,98.85271075103502,0.0,2541.2199999999993,14.906923076923077,32.84871794871795,0.0
10013300,屏東縣,來義鄉,22.501675912470468,120.68571512502069,4.7081038914690785,76.3848441960764,25.25776358778582,26.976096892328425,7.692307692307692,3.9512332625081332,98.85271075103502,0.0,2541.2199999999993,14.906923076923077,32.84871794871795,0.0
10013310,屏東縣,春日鄉,22.404123318203922,120.69758022829258,4.7081038914690785,76.3848441960764,25.25776358778582,26.976096892328425,7.692307692307692,3.9512332625081332,98.85271075103502,0.0,2541.2199999999993,14.906923076923077,32.84871794871795,0.0
10013320,屏東縣,獅子鄉,22.26090252502785,120.73570675963295,4.7081038914690785,76.3848441960764,25.25776358778582,26.976096892328425,7.692307692307692,3.9512332625081332,98.85271075103502,0.0,2541.2199999999993,14.906923076923077,32.84871794871795,0.0
10013330,屏東縣,牡丹鄉,22.15555925989033,120.81747584658106,4.7081038914690785,79.27027208968889,26.483028042172666,27.50420844489742,5.634615384615385,6.430530572877979,100.95169903896537,0.0,2988.7492307692305,19.012307692307694,30.9874358974359,0.0
10014010,臺東縣,臺東市,22.751684601996125,121.1105512248229,4.320263742339639,82.01590252034066,22.480155187801945,23.38305272158787,7.537692307692307,4.273936286110776,94.73781505409778,50.92153846153852,1577.6999999999996,12.10025641025641,31.64769230769231,0.0
10014020,臺東縣,成功鎮,23.12640073992388,121.35409187459094,4.005329803119323,82.01590252034066,22.480155187801945,23.38305272158787,7.537692307692307,4.273936286110776,94.73781505409778,50.92153846153852,1577.6999999999996,12.10025641025641,31.64769230769231,0.0
10014030,臺東縣,關山鎮,23.037774611421636,121.17653500736499,4.005329803119323,82.01590252034066,22.480155187801945,23.38305272158787,7.537692307692307,4.273936286110776,94.73781505409778,50.92153846153852,1577.6999999999996,12.10025641025641,31.64769230769231,0.0
10014040,臺東縣,卑南鄉,22.765006905239737,121.00163609359971,4.320263742339639,82.01590252034066,22.480155187801945,23.38305272158787,7.537692307692307,4.273936286110776,94.73781505409778,50.92153846153852,1577.6999999999996,12.10025641025641,31.64769230769231,0.0
10014050,臺東縣,鹿野鄉,22.951897616029473,121.15709363628885,4.320263742339639,82.01590252034066,22.480155187801945,23.38305272158787,7.537692307692307,4.273936286110776,94.73781505409778,50.92153846153852,1577.6999999999996,12.10025641025641,31.64769230769231,0.0
10014060,臺東縣,池上鄉,23.09257578394491,121.21846076414768,4.005329803119323,82.01590252034066,22.480155187801945,23.38305272158787,7.537692307692307,4.273936286110776,94.73781505409778,50.92153846153852,1577.6999999999996,12.10025641025641,31.64769230769231,0.0
10014070,臺東縣,東河鄉,22.97977106650638,121.25175326032459,4.320263742339639,82.01590252034066,22.480155187801945,23.38305272158787,7.537692307692307,4.273936286110776,94.73781505409778,50.92153846153852,1577.6999999999996,12.10025641025641,31.64769230769231,0.0
10014080,臺東縣,長濱鄉,23.334516200306847,121.4263798632268,4.005329803119323,83.22153562853046,19.693618545837726,20.672668175301006,9.667692307692308,2.2322909130692645,90.06225527014342,375.0646153846155,884.1246153846153,6.467692307692308,30.74692307692308,0.0
10014090,臺東縣,太麻里鄉,22.591393893356727,120.97993221370656,4.7081038914690785,81.26881906176763,25.018501309978294,26.552666730006276,5.951538461538462,6.675574087189853,98.91289269118485,0.0,2453.8623076923077,16.323846153846155,31.245128205128204,0.0
10014100,臺東縣,大武鄉,22.38293984391259,120.89823945574166,4.7081038914690785,76.3848441960764,25.25776358778582,26.976096892328425,7.692307692307692,3.9512332625081332,98.85271075103502,0.0,2541.2199999999993,14.906923076923077,32.84871794871795,0.0
10014110,臺東縣,綠島鄉,22.659736645649783,121.49035382637243,4.320263742339639,81.26881906176763,25.018501309978294,26.552666730006276,5.951538461538462,6.675574087189853,98.91289269118485,0.0,2453.8623076923077,16.323846153846155,31.245128205128204,0.0
10014120,臺東縣,海端鄉,23.1149147463148,121.01759428861308,4.005329803119323,82.01590252034066,22.480155187801945,23.38305272158787,7.537692307692307,4.273936286110776,94.73781505409778,50.92153846153852,1577.6999999999996,12.10025641025641,31.64769230769231,0.0
10014130,臺東縣,延平鄉,22.90348965767542,120.98347953285517,4.7081038914690785,82.01590252034066,22.480155187801945,23.38305272158787,7.537692307692307,4.273936286110776,94.73781505409778,50.92153846153852,1577.6999999999996,12.10025641025641,31.64769230769231,0.0
10014140,臺東縣,金峰鄉,22.581721244614616,120.8572062392035,4.7081038914690785,76.3848441960764,25.25776358778582,26.976096892328425,7.692307692307692,3.9512332625081332,98.85271075103502,0.0,2541.2199999999993,14.906923076923077,32.84871794871795,0.0
10014150,臺東縣,達仁鄉,22.384588796481136,120.83528824797037,4.7081038914690785,76.3848441960764,25.25776358778582,26.976096892328425,7.692307692307692,3.9512332625081332,98.85271075103502,0.0,2541.2199999999993,14.906923076923077,32.84871794871795,0.0
10014160,臺東縣,蘭嶼鄉,22.04465933191543,121.55194156698423,4.320263742339639,81.20144223715502,26.17618210713607,27.404113867343824,5.30923076923077,7.401942700685795,100.75976491215948,0.0,2876.683846153846,18.546666666666667,30.684102564102563,0.0
10015010,花蓮縣,花蓮市,23.996296569093555,121.6087023921417,4.005329803119323,81.07865808702861,25.263085710008234,26.77330111074643,5.651538461538461,6.003104193657977,100.51350293953371,0.0,2543.1923076923076,15.433333333333334,32.14410256410257,0.0
10015020,花蓮縣,鳳林鎮,23.742895558386333,121.4685418539427,4.005329803119323,83.22153562853046,19.693618545837726,20.672668175301006,9.667692307692308,2.2322909130692645,90.06225527014342,375.0646153846155,884.1246153846153,6.467692307692308,30.74692307692308,0.0
10015030,花蓮縣,玉里鎮,23.371694532619887,121.36077311702921,4.005329803119323,83.22153562853046,19.693618545837726,20.672668175301006,9.667692307692308,2.2322909130692645,90.06225527014342,375.0646153846155,884.1246153846153,6.467692307692308,30.74692307692308,0.0
10015040,花蓮縣,新城鄉,24.056125698611922,121.61410064490622,3.8999777545063616,81.07865808702861,25.263085710008234,26.77330111074643,5.651538461538461,6.003104193657977,100.51350293953371,0.0,2543.1923076923076,15.433333333333334,32.14410256410257,0.0
10015050,花蓮縣,吉安鄉,23.95552507589235,121.56481459017559,4.005329803119323,81.07865808702861,25.263085710008234,26.77330111074643,5.651538461538461,6.003104193657977,100.51350293953371,0.0,2543.1923076923076,15.433333333333334,32.14410256410257,0.0
10015060,花蓮縣,壽豐鄉,23.84487937975627,121.53454149163204,4.005329803119323,84.18912135293407,17.50053705079261,17.825309989808083,11.09,1.603654234828724,86.98876171063011,765.886153846154,473.96230769230755,1.5933333333333333,29.207948717948717,48.92307692307692
10015070,花蓮縣,光復鄉,23.64652033041029,121.43528707137665,4.005329803119323,83.22153562853046,19.693618545837726,20.672668175301006,9.667692307692308,2.2322909130692645,90.06225527014342,375.0646153846155,884.1246153846153,6.467692307692308,30.74692307692308,0.0
10015080,花蓮縣,豐濱鄉,23.58542488652451,121.49473520849656,4.005329803119323,83.22153562853046,19.693618545837726,20.672668175301006,9.667692307692308,2.2322909130692645,90.06225527014342,375.0646153846155,884.1246153846153,6.467692307692308,30.74692307692308,0.0
10015090,花蓮縣,瑞穗鄉,23.515720782552698,121.40734878170076,4.005329803119323,83.22153562853046,19.693618545837726,20.672668175301006,9.667692307692308,2.2322909130692645,90.06225527014342,375.0646153846155,884.1246153846153,6.467692307692308,30.74692307692308,0.0
10015100,花蓮縣,富里鄉,23.196837239607266,121.29810578693969,4.005329803119323,82.01590252034066,22.480155187801945,23.38305272158787,7.537692307692307,4.273936286110776,94.73781505409778,50.92153846153852,1577.6999999999996,12.10025641025641,31.64769230769231,0.0
10015110,花蓮縣,秀林鄉,24.123801801420516,121.480971241978,3.8999777545063616,84.18912135293407,17.50053705079261,17.825309989808083,11.09,1.603654234828724,86.98876171063011,765.886153846154,473.96230769230755,1.5933333333333333,29.207948717948717,48.92307692307692
10015120,花蓮縣,萬榮鄉,23.726429169192688,121.31857746441626,4.005329803119323,83.22153562853046,19.693618545837726,20.672668175301006,9.667692307692308,2.2322909130692645,90.06225527014342,375.0646153846155,884.1246153846153,6.467692307692308,30.74692307692308,0.0
10015130,花蓮縣,卓溪鄉,23.39033618280403,121.18000628899108,4.005329803119323,83.22153562853046,19.693618545837726,20.672668175301006,9.667692307692308,2.2322909130692645,90.06225527014342,375.0646153846155,884.1246153846153,6.467692307692308,30.74692307692308,0.0
10016010,澎湖縣,馬公市,23.545632367804913,119.58563737228914,4.400731121049717,85.09580078541117,23.976275014827227,24.983396626877873,8.247692307692308,6.812109744511047,101.28124582678346,26.946153846153866,2100.1561538461538,14.265641025641024,29.542820512820512,0.0
10016020,澎湖縣,湖西鄉,23.578171464020794,119.64576271391066,4.400731121049717,85.09580078541117,23.976275014827227,24.983396626877873,8.247692307692308,6.812109744511047,101.28124582678346,26.946153846153866,2100.1561538461538,14.265641025641024,29.542820512820512,0.0
10016030,澎湖縣,白沙鄉,23.67571989976229,119.59581712371975,4.400731121049717,85.09580078541117,23.976275014827227,24.983396626877873,8.247692307692308,6.812109744511047,101.28124582678346,26.946153846153866,2100.1561538461538,14.265641025641024,29.542820512820512,0.0
10016040,澎湖縣,西嶼鄉,23.60605427005505,119.50935826435347,4.400731121049717,85.09580078541117,23.976275014827227,24.983396626877873,8.247692307692308,6.812109744511047,101.28124582678346,26.946153846153866,2100.1561538461538,14.265641025641024,29.542820512820512,0.0
10016050,澎湖縣,望安鄉,23.3428182132768,119.51547388816829,4.400731121049717,85.09580078541117,23.976275014827227,24.983396626877873,8.247692307692308,6.812109744511047,101.28124582678346,26.946153846153866,2100.1561538461538,14.265641025641024,29.542820512820512,0.0
10016060,澎湖縣,七美鄉,23.20825690768095,119.42944555100398,4.400731121049717,83.82326289392918,24.734057604495963,25.829721443912774,7.082307692307692,6.232081230170384,101.26898992900206,0.6607692307692332,2350.6384615384613,15.736153846153845,29.923076923076923,0.0
10017010,基隆市,中正區,25.185746279261405,121.80369331306959,3.81094788893115,82.91490687349929,23.400345937915667,24.29015969067238,9.535384615384617,5.241253277824803,100.19415900545297,55.68076923076926,1918.53,11.588205128205129,31.94,0.0
10017020,基隆市,七堵區,25.109715878152162,121.68365144951919,3.81094788893115,82.91490687349929,23.400345937915667,24.29015969067238,9.535384615384617,5.241253277824803,100.19415900545297,55.68076923076926,1918.53,11.588205128205129,31.94,0.0
10017030,基隆市,暖暖區,25.081027966347797,121.74476546274951,3.81094788893115,82.91490687349929,23.400345937915667,24.29015969067238,9.535384615384617,5.241253277824803,100.19415900545297,55.68076923076926,1918.53,11.588205128205129,31.94,0.0
10017040,基隆市,仁愛區,25.12002088217077,121.74342027431464,3.81094788893115,82.91490687349929,23.400345937915667,24.29015969067238,9.535384615384617,5.241253277824803,100.19415900545297,55.68076923076926,1918.53,11.588205128205129,31.94,0.0
10017050,基隆市,中山區,25.150072247017846,121.73289762826482,3.81094788893115,82.91490687349929,23.400345937915667,24.29015969067238,9.535384615384617,5.241253277824803,100.19415900545297,55.68076923076926,1918.53,11.588205128205129,31.94,0.0
10017060,基隆市,安樂區,25.141635101228754,121.70787740900296,3.81094788893115,82.91490687349929,23.400345937915667,24.29015969067238,9.535384615384617,5.241253277824803,100.19415900545297,55.68076923076926,1918.53,11.588205128205129,31.94,0.0
10017070,基隆市,信義區,25.125711256355146,121.77286353008287,3.81094788893115,82.91490687349929,23.400345937915667,24.29015969067238,9.535384615384617,5.241253277824803,100.19415900545297,55.68076923076926,1918.53,11.588205128205129,31.94,0.0
10018010,新竹市,東區,24.790418102812385,120.99264109617197,4.257017617124576,84.15370429615298,21.869826478260116,22.17428249465932,13.19923076923077,4.795418162345178,98.77232585925938,283.3846153846155,1587.2476923076922,7.843333333333334,32.44179487179487,0.0
10018020,新竹市,北區,24.825635512507787,120.94625672738826,4.257017617124576,84.15370429615298,21.869826478260116,22.17428249465932,13.19923076923077,4.795418162345178,98.77232585925938,283.3846153846155,1587.2476923076922,7.843333333333334,32.44179487179487,0.0
10018030,新竹市,香山區,24.771541432623728,120.92247432898944,4.257017617124576,83.70707896721888,22.95656359008908,23.5663359763225,12.207692307692309,7.280808437987643,100.83852139439273,155.90384615384622,1856.6723076923076,11.212564102564102,30.54,0.0
10020010,嘉義市,東區,23.481520207706687,120.47100942826869,4.463474029833198,77.54203093852027,21.60661863220992,21.985522338728718,9.996153846153847,2.34536138702229,93.75751354028111,147.80769230769235,1355.5076923076922,6.805384615384615,32.85410256410257,2.3846153846153846
10020020,嘉義市,西區,23.479570383868932,120.42488259153528,4.463474029833198,77.54203093852027,21.60661863220992,21.985522338728718,9.996153846153847,2.34536138702229,93.75751354028111,147.80769230769235,1355.5076923076922,6.805384615384615,32.85410256410257,2.3846153846153846
63000010,臺北市,松山區,25.059799620993168,121.55776246473344,3.81094788893115,84.15370429615298,21.869826478260116,22.17428249465932,13.19923076923077,4.795418162345178,98.77232585925938,283.3846153846155,1587.2476923076922,7.843333333333334,32.44179487179487,0.0
63000020,臺北市,信義區,25.030751526074614,121.5716598991217,3.81094788893115,82.91490687349929,23.400345937915667,24.29015969067238,9.535384615384617,5.241253277824803,100.19415900545297,55.68076923076926,1918.53,11.588205128205129,31.94,0.0
63000030,臺北市,大安區,25.026862035896592,121.54343237188043,3.81094788893115,84.15370429615298,21.869826478260116,22.17428249465932,13.19923076923077,4.795418162345178,98.77232585925938,283.3846153846155,1587.2476923076922,7.843333333333334,32.44179487179487,0.0
63000040,臺北市,中山區,25.069849710591644,121.5383464696586,3.81094788893115,84.15370429615298,21.869826478260116,22.17428249465932,13.19923076923077,4.795418162345178,98.77232585925938,283.3846153846155,1587.2476923076922,7.843333333333334,32.44179487179487,0.0
63000050,臺北市,中正區,25.032454426362808,121.51985665347493,3.81094788893115,84.15370429615298,21.869826478260116,22.17428249465932,13.19923076923077,4.795418162345178,98.77232585925938,283.3846153846155,1587.2476923076922,7.843333333333334,32.44179487179487,0.0
63000060,臺北市,大同區,25.064002624098485,121.51321566507434,3.81094788893115,84.15370429615298,21.869826478260116,22.17428249465932,13.19923076923077,4.795418162345178,98.77232585925938,283.3846153846155,1587.2476923076922,7.843333333333334,32.44179487179487,0.0
63000070,臺北市,萬華區,25.029365489346375,121.49735584443036,3.81094788893115,84.15370429615298,21.869826478260116,22.17428249465932,13.19923076923077,4.795418162345178,98.77232585925938,283.3846153846155,1587.2476923076922,7.843333333333334,32.44179487179487,0.0
63000080,臺北市,文山區,24.9886523563684,121.57398664503971,3.8999777545063616,82.91490687349929,23.400345937915667,24.29015969067238,9.535384615384617,5.241253277824803,100.19415900545297,55.68076923076926,1918.53,11.588205128205129,31.94,0.0
63000090,臺北市,南港區,25.03610208463694,121.60974496482356,3.81094788893115,82.91490687349929,23.400345937915667,24.29015969067238,9.535384615384617,5.241253277824803,100.19415900545297,55.68076923076926,1918.53,11.588205128205129,31.94,0.0
63000100,臺北市,內湖區,25.08381743457919,121.59240044717697,3.81094788893115,82.91490687349929,23.400345937915667,24.29015969067238,9.535384615384617,5.241253277824803,100.19415900545297,55.68076923076926,1918.53,11.588205128205129,31.94,0.0
63000110,臺北市,士林區,25.12560273468957,121.55087791546609,3.81094788893115,84.15370429615298,21.869826478260116,22.17428249465932,13.19923076923077,4.795418162345178,98.77232585925938,283.3846153846155,1587.2476923076922,7.843333333333334,32.44179487179487,0.0
63000120,臺北市,北投區,25.148196886709496,121.51784270847249,3.81094788893115,84.15370429615298,21.869826478260116,22.17428249465932,13.19923076923077,4.795418162345178,98.77232585925938,283.3846153846155,1587.2476923076922,7.843333333333334,32.44179487179487,0.0
64000010,高雄市,鹽埕區,22.623929828570382,120.28441402454297,4.7081038914690785,79.35684491008655,26.076796599238772,27.21115735286497,6.323846153846153,4.895128337565571,101.23959195471792,0.0,2840.386153846154,17.646923076923077,31.10153846153846,0.0
64000020,高雄市,鼓山區,22.64812291620055,120.27407524548534,4.7081038914690785,79.35684491008655,26.076796599238772,27.21115735286497,6.323846153846153,4.895128337565571,101.23959195471792,0.0,2840.386153846154,17.646923076923077,31.10153846153846,0.0
64000030,高雄市,左營區,22.685008757278535,120.29200545435735,4.7081038914690785,79.35684491008655,26.076796599238772,27.21115735286497,6.323846153846153,4.895128337565571,101.23959195471792,0.0,2840.386153846154,17.646923076923077,31.10153846153846,0.0
64000040,高雄市,楠梓區,22.72079663369801,120.30036291150823,4.7081038914690785,79.35684491008655,26.076796599238772,27.21115735286497,6.323846153846153,4.895128337565571,101.23959195471792,0.0,2840.386153846154,17.646923076923077,31.10153846153846,0.0
64000050,高雄市,三民區,22.649889978485426,120.31789273399973,4.7081038914690785,76.3848441960764,25.25776358778582,26.976096892328425,7.692307692307692,3.9512332625081332,98.85271075103502,0.0,2541.2199999999993,14.906923076923077,32.84871794871795,0.0
64000060,高雄市,新興區,22.629965998013883,120.30671588439063,4.7081038914690785,79.35684491008655,26.076796599238772,27.21115735286497,6.323846153846153,4.895128337565571,101.23959195471792,0.0,2840.386153846154,17.646923076923077,31.10153846153846,0.0
64000070,高雄市,前金區,22.62708922889083,120.29448922884178,4.7081038914690785,79.35684491008655,26.076796599238772,27.21115735286497,6.323846153846153,4.895128337565571,101.23959195471792,0.0,2840.386153846154,17.646923076923077,31.10153846153846,0.0
64000080,高雄市,苓雅區,22.623364713584387,120.32014239081415,4.7081038914690785,76.3848441960764,25.25776358778582,26.976096892328425,7.692307692307692,3.9512332625081332,98.85271075103502,0.0,2541.2199999999993,14.906923076923077,32.84871794871795,0.0
64000090,高雄市,前鎮區,22.5923953796954,120.31245990106787,4.7081038914690785,76.3848441960764,25.25776358778582,26.976096892328425,7.692307692307692,3.9512332625081332,98.85271075103502,0.0,2541.2199999999993,14.906923076923077,32.84871794871795,0.0
64000100,高雄市,旗津區,22.06251807999089,119.81845050822358,4.680313242881474,80.33998500578694,26.477883518457737,27.49167985857993,5.701538461538462,5.954296354517553,101.225670063973,0.0,2986.876153846153,19.058205128205127,30.634871794871795,0.0
64000110,高雄市,小港區,22.548207747330466,120.35256919515759,4.7081038914690785,76.3848441960764,25.25776358778582,26.976096892328425,7.692307692307692,3.9512332625081332,98.85271075103502,0.0,2541.2199999999993,14.906923076923077,32.84871794871795,0.0
64000120,高雄市,鳳山區,22.61387962498896,120.35542839711984,4.7081038914690785,76.3848441960764,25.25776358778582,26.976096892328425,7.692307692307692,3.9512332625081332,98.85271075103502,0.0,2541.2199999999993,14.906923076923077,32.84871794871795,0.0
64000130,高雄市,林園區,22.5052467719325,120.3981692861261,4.7081038914690785,76.3848441960764,25.25776358778582,26.976096892328425,7.692307692307692,3.9512332625081332,98.85271075103502,0.0,2541.2199999999993,14.906923076923077,32.84871794871795,0.0
64000140,高雄市,大寮區,22.592927701680143,120.411134105899,4.7081038914690785,76.3848441960764,25.25776358778582,26.976096892328425,7.692307692307692,3.9512332625081332,98.85271075103502,0.0,2541.2199999999993,14.906923076923077,32.84871794871795,0.0
64000150,高雄市,大樹區,22.711091200882073,120.42540544247002,4.7081038914690785,76.3848441960764,25.25776358778582,26.976096892328425,7.692307692307692,3.9512332625081332,98.85271075103502,0.0,2541.2199999999993,14.906923076923077,32.84871794871795,0.0
64000160,高雄市,大社區,22.73991862376583,120.37079249819656,4.7081038914690785,76.3848441960764,25.25776358778582,26.976096892328425,7.692307692307692,3.9512332625081332,98.85271075103502,0.0,2541.2199999999993,14.906923076923077,32.84871794871795,0.0
64000170,高雄市,仁武區,22.701288672570136,120.36051942606194,4.7081038914690785,76.3848441960764,25.25776358778582,26.976096892328425,7.692307692307692,3.9512332625081332,98.85271075103502,0.0,2541.2199999999993,14.906923076923077,32.84871794871795,0.0
64000180,高雄市,鳥松區,22.662578944636277,120.37277729838223,4.7081038914690785,76.3848441960764,25.25776358778582,26.976096892328425,7.692307692307692,3.9512332625081332,98.85271075103502,0.0,2541.2199999999993,14.906923076923077,32.84871794871795,0.0
64000190,高雄市,岡山區,22.80515561557136,120.29789060237282,4.7081038914690785,80.30340966907934,25.29121019537391,26.24538679196393,7.8100000000000005,4.791505686169509,101.24176830370767,0.0,2553.459230769231,15.545128205128206,32.05641025641026,0.0
64000200,高雄市,橋頭區,22.75260116909174,120.30064506400284,4.7081038914690785,80.30340966907934,25.29121019537391,26.24538679196393,7.8100000000000005,4.791505686169509,101.24176830370767,0.0,2553.459230769231,15.545128205128206,32.05641025641026,0.0
64000210,高雄市,燕巢區,22.78777797077809,120.37077738839176,4.7081038914690785,77.06563453045194,23.05190300978309,24.079275832484008,9.182307692307692,2.194231322012818,95.4912037577663,30.522307692307734,1766.0792307692307,9.754102564102563,33.675384615384615,0.0
64000220,高雄市,田寮區,22.863954947426894,120.39588571315122,4.7081038914690785,77.06563453045194,23.05190300978309,24.079275832484008,9.182307692307692,2.194231322012818,95.4912037577663,30.522307692307734,1766.0792307692307,9.754102564102563,33.675384615384615,0.0
64000230,高雄市,阿蓮區,22.87031463248196,120.32108260211633,4.7081038914690785,77.06563453045194,23.05190300978309,24.079275832484008,9.182307692307692,2.194231322012818,95.4912037577663,30.522307692307734,1766.0792307692307,9.754102564102563,33.675384615384615,0.0
64000240,高雄市,路竹區,22.857351801827452,120.26597535706902,4.7081038914690785,80.30340966907934,25.29121019537391,26.24538679196393,7.8100000000000005,4.791505686169509,101.24176830370767,0.0,2553.459230769231,15.545128205128206,32.05641025641026,0.0
64000250,高雄市,湖內區,22.893322146557832,120.22590582118491,4.7081038914690785,80.30340966907934,25.29121019537391,26.24538679196393,7.8100000000000005,4.791505686169509,101.24176830370767,0.0,2553.459230769231,15.545128205128206,32.05641025641026,0.0
64000260,高雄市,茄萣區,22.88225291254504,120.1979103841545,4.7081038914690785,80.30340966907934,25.29121019537391,26.24538679196393,7.8100000000000005,4.791505686169509,101.24176830370767,0.0,2553.459230769231,15.545128205128206,32.05641025641026,0.0
64000270,高雄市,永安區,22.821939598860364,120.22573042364301,4.7081038914690785,80.30340966907934,25.29121019537391,26.24538679196393,7.8100000000000005,4.791505686169509,101.24176830370767,0.0,2553.459230769231,15.545128205128206,32.05641025641026,0.0
64000280,高雄市,彌陀區,22.7794605499086,120.23939008468153,4.7081038914690785,80.30340966907934,25.29121019537391,26.24538679196393,7.8100000000000005,4.791505686169509,101.24176830370767,0.0,2553.459230769231,15.545128205128206,32.05641025641026,0.0
64000290,高雄市,梓官區,22.74816464294043,120.2593471280322,4.7081038914690785,79.35684491008655,26.076796599238772,27.21115735286497,6.323846153846153,4.895128337565571,101.23959195471792,0.0,2840.386153846154,17.646923076923077,31.10153846153846,0.0
64000300,高雄市,旗山區,22.86507215881726,120.47546175223314,4.7081038914690785,77.06563453045194,23.05190300978309,24.079275832484008,9.182307692307692,2.194231322012818,95.4912037577663,30.522307692307734,1766.0792307692307,9.754102564102563,33.675384615384615,0.0
64000310,高雄市,美濃區,22.9001557104685,120.56347189094338,4.7081038914690785,77.06563453045194,23.05190300978309,24.079275832484008,9.182307692307692,2.194231322012818,95.4912037577663,30.522307692307734,1766.0792307692307,9.754102564102563,33.675384615384615,0.0
64000320,高雄市,六龜區,23.00884185890252,120.65785025192932,4.463474029833198,77.06563453045194,23.05190300978309,24.079275832484008,9.182307692307692,2.194231322012818,95.4912037577663,30.522307692307734,1766.0792307692307,9.754102564102563,33.675384615384615,0.0
64000330,高雄市,甲仙區,23.11665560936418,120.62330905856237,4.463474029833198,77.06563453045194,23.05190300978309,24.079275832484008,9.182307692307692,2.194231322012818,95.4912037577663,30.522307692307734,1766.0792307692307,9.754102564102563,33.675384615384615,0.0
64000340,高雄市,杉林區,22.997043832619518,120.5621993423113,4.7081038914690785,77.06563453045194,23.05190300978309,24.079275832484008,9.182307692307692,2.194231322012818,95.4912037577663,30.522307692307734,1766.0792307692307,9.754102564102563,33.675384615384615,0.0
64000350,高雄市,內門區,22.956643482599375,120.47184596706758,4.7081038914690785,77.06563453045194,23.05190300978309,24.079275832484008,9.182307692307692,2.194231322012818,95.4912037577663,30.522307692307734,1766.0792307692307,9.754102564102563,33.675384615384615,0.0
64000360,高雄市,茂林區,22.920046352247258,120.75236385232625,4.7081038914690785,77.06563453045194,23.05190300978309,24.079275832484008,9.182307692307692,2.194231322012818,95.4912037577663,30.522307692307734,1766.0792307692307,9.754102564102563,33.675384615384615,0.0
64000370,高雄市,桃源區,23.22446492655692,120.85141530328504,4.463474029833198,77.06563453045194,23.05190300978309,24.079275832484008,9.182307692307692,2.194231322012818,95.4912037577663,30.522307692307734,1766.0792307692307,9.754102564102563,33.675384615384615,0.0
64000380,高雄市,那瑪夏區,23.263416823953733,120.72108060448981,4.463474029833198,77.54203093852027,21.60661863220992,21.985522338728718,9.996153846153847,2.34536138702229,93.75751354028111,147.80769230769235,1355.5076923076922,6.805384615384615,32.85410256410257,2.3846153846153846
65000010,新北市,板橋區,25.011688998385925,121.45769365034398,3.81094788893115,84.15370429615298,21.869826478260116,22.17428249465932,13.19923076923077,4.795418162345178,98.77232585925938,283.3846153846155,1587.2476923076922,7.843333333333334,32.44179487179487,0.0
65000020,新北市,三重區,25.06310421829735,121.48717192584702,3.81094788893115,84.15370429615298,21.869826478260116,22.17428249465932,13.19923076923077,4.795418162345178,98.77232585925938,283.3846153846155,1587.2476923076922,7.843333333333334,32.44179487179487,0.0
65000030,新北市,中和區,24.990959760732174,121.49417673319003,3.8999777545063616,84.15370429615298,21.869826478260116,22.17428249465932,13.19923076923077,4.795418162345178,98.77232585925938,283.3846153846155,1587.2476923076922,7.843333333333334,32.44179487179487,0.0
65000040,新北市,永和區,25.0082139259937,121.51675492805784,3.81094788893115,84.15370429615298,21.869826478260116,22.17428249465932,13.19923076923077,4.795418162345178,98.77232585925938,283.3846153846155,1587.2476923076922,7.843333333333334,32.44179487179487,0.0
65000050,新北市,新莊區,25.03592902081178,121.43674502865052,3.81094788893115,84.15370429615298,21.869826478260116,22.17428249465932,13.19923076923077,4.795418162345178,98.77232585925938,283.3846153846155,1587.2476923076922,7.843333333333334,32.44179487179487,0.0
65000060,新北市,新店區,24.930495754007964,121.53165849176061,3.8999777545063616,84.15370429615298,21.869826478260116,22.17428249465932,13.19923076923077,4.795418162345178,98.77232585925938,283.3846153846155,1587.2476923076922,7.843333333333334,32.44179487179487,0.0
65000070,新北市,樹林區,24.979889588315338,121.40108579495559,3.8999777545063616,84.15370429615298,21.869826478260116,22.17428249465932,13.19923076923077,4.795418162345178,98.77232585925938,283.3846153846155,1587.2476923076922,7.843333333333334,32.44179487179487,0.0
65000080,新北市,鶯歌區,24.95669905352314,121.34655026853096,3.8999777545063616,84.15370429615298,21.869826478260116,22.17428249465932,13.19923076923077,4.795418162345178,98.77232585925938,283.3846153846155,1587.2476923076922,7.843333333333334,32.44179487179487,0.0
65000090,新北市,三峽區,24.882237713300892,121.4162879555328,3.8999777545063616,84.15370429615298,21.869826478260116,22.17428249465932,13.19923076923077,4.795418162345178,98.77232585925938,283.3846153846155,1587.2476923076922,7.843333333333334,32.44179487179487,0.0
65000100,新北市,淡水區,25.1895259327265,121.46340373733815,3.81094788893115,84.15370429615298,21.869826478260116,22.17428249465932,13.19923076923077,4.795418162345178,98.77232585925938,283.3846153846155,1587.2476923076922,7.843333333333334,32.44179487179487,0.0
65000110,新北市,汐止區,25.073402957125793,121.65468464295593,3.81094788893115,82.91490687349929,23.400345937915667,24.29015969067238,9.535384615384617,5.241253277824803,100.19415900545297,55.68076923076926,1918.53,11.588205128205129,31.94,0.0
65000120,新北市,瑞芳區,25.09851296058453,121.82361196392395,3.81094788893115,82.91490687349929,23.400345937915667,24.29015969067238,9.535384615384617,5.241253277824803,100.19415900545297,55.68076923076926,1918.53,11.588205128205129,31.94,0.0
65000130,新北市,土城區,24.9643705577336,121.44572860738364,3.8999777545063616,84.15370429615298,21.869826478260116,22.17428249465932,13.19923076923077,4.795418162345178,98.77232585925938,283.3846153846155,1587.2476923076922,7.843333333333334,32.44179487179487,0.0
65000140,新北市,蘆洲區,25.089360771119086,121.471258878126,3.81094788893115,84.15370429615298,21.869826478260116,22.17428249465932,13.19923076923077,4.795418162345178,98.77232585925938,283.3846153846155,1587.2476923076922,7.843333333333334,32.44179487179487,0.0
65000150,新北市,五股區,25.096245813214495,121.43320253480202,3.81094788893115,84.15370429615298,21.869826478260116,22.17428249465932,13.19923076923077,4.795418162345178,98.77232585925938,283.3846153846155,1587.2476923076922,7.843333333333334,32.44179487179487,0.0
65000160,新北市,泰山區,25.055591725738076,121.41626968131763,3.81094788893115,84.15370429615298,21.869826478260116,22.17428249465932,13.19923076923077,4.795418162345178,98.77232585925938,283.3846153846155,1587.2476923076922,7.843333333333334,32.44179487179487,0.0
65000170,新北市,林口區,25.100470621516134,121.35243458711943,3.81094788893115,84.15370429615298,21.869826478260116,22.17428249465932,13.19923076923077,4.795418162345178,98.77232585925938,283.3846153846155,1587.2476923076922,7.843333333333334,32.44179487179487,0.0
65000180,新北市,深坑區,24.997706610310544,121.61999648600815,3.8999777545063616,82.91490687349929,23.400345937915667,24.29015969067238,9.535384615384617,5.241253277824803,100.19415900545297,55.68076923076926,1918.53,11.588205128205129,31.94,0.0
65000190,新北市,石碇區,24.947280891611147,121.64724976696742,3.8999777545063616,82.91490687349929,23.400345937915667,24.29015969067238,9.535384615384617,5.241253277824803,100.19415900545297,55.68076923076926,1918.53,11.588205128205129,31.94,0.0
65000200,新北市,坪林區,24.91106919099141,121.72423930431691,3.8999777545063616,82.91490687349929,23.400345937915667,24.29015969067238,9.535384615384617,5.241253277824803,100.19415900545297,55.68076923076926,1918.53,11.588205128205129,31.94,0.0
65000210,新北市,三芝區,25.232094795700355,121.51481760848708,3.81094788893115,84.15370429615298,21.869826478260116,22.17428249465932,13.19923076923077,4.795418162345178,98.77232585925938,283.3846153846155,1587.2476923076922,7.843333333333334,32.44179487179487,0.0
65000220,新北市,石門區,25.26557715118908,121.56926687389827,3.81094788893115,82.42345164596614,23.619755710641634,24.548737998583498,9.324615384615385,6.366468125780949,101.26654351719095,36.89000000000006,1979.8607692307692,12.48897435897436,30.335384615384616,0.0
65000230,新北市,八里區,25.138232200076345,121.41287614894112,3.81094788893115,84.15370429615298,21.869826478260116,22.17428249465932,13.19923076923077,4.795418162345178,98.77232585925938,283.3846153846155,1587.2476923076922,7.843333333333334,32.44179487179487,0.0
65000240,新北市,平溪區,25.026164683853352,121.75789998736299,3.81094788893115,82.91490687349929,23.400345937915667,24.29015969067238,9.535384615384617,5.241253277824803,100.19415900545297,55.68076923076926,1918.53,11.588205128205129,31.94,0.0
65000250,新北市,雙溪區,24.996929849895906,121.83281516888772,3.8999777545063616,82.91490687349929,23.400345937915667,24.29015969067238,9.535384615384617,5.241253277824803,100.19415900545297,55.68076923076926,1918.53,11.588205128205129,31.94,0.0
65000260,新北市,貢寮區,25.025648354016926,121.91907846781154,3.81094788893115,82.91490687349929,23.400345937915667,24.29015969067238,9.535384615384617,5.241253277824803,100.19415900545297,55.68076923076926,1918.53,11.588205128205129,31.94,0.0
65000270,新北市,金山區,25.217601457372123,121.6055971964622,3.81094788893115,82.91490687349929,23.400345937915667,24.29015969067238,9.535384615384617,5.241253277824803,100.19415900545297,55.68076923076926,1918.53,11.588205128205129,31.94,0.0
65000280,新北市,萬里區,25.176001077661144,121.644409008021,3.81094788893115,82.91490687349929,23.400345937915667,24.29015969067238,9.535384615384617,5.241253277824803,100.19415900545297,55.68076923076926,1918.53,11.588205128205129,31.94,0.0
65000290,新北市,烏來區,24.788350500552053,121.5415231012604,3.8999777545063616,84.15370429615298,21.869826478260116,22.17428249465932,13.19923076923077,4.795418162345178,98.77232585925938,283.3846153846155,1587.2476923076922,7.843333333333334,32.44179487179487,0.0
66000010,臺中市,中區,24.141762830256425,120.680594179123,4.257017617124576,76.61939125452734,23.393695405575038,23.621354235404542,11.30846153846154,3.1526397473325387,97.98681640726217,66.48538461538463,1926.8984615384613,9.412307692307692,34.246153846153845,0.0
66000020,臺中市,東區,24.137333446819085,120.69705192101202,4.257017617124576,76.61939125452734,23.393695405575038,23.621354235404542,11.30846153846154,3.1526397473325387,97.98681640726217,66.48538461538463,1926.8984615384613,9.412307692307692,34.246153846153845,0.0
66000030,臺中市,南區,24.12118543262074,120.66456588196002,4.257017617124576,76.61939125452734,23.393695405575038,23.621354235404542,11.30846153846154,3.1526397473325387,97.98681640726217,66.48538461538463,1926.8984615384613,9.412307692307692,34.246153846153845,0.0
66000040,臺中市,西區,24.14392054346675,120.66467658686243,4.257017617124576,76.61939125452734,23.393695405575038,23.621354235404542,11.30846153846154,3.1526397473325387,97.98681640726217,66.48538461538463,1926.8984615384613,9.412307692307692,34.246153846153845,0.0
66000050,臺中市,北區,24.15878600654453,120.68061098528715,4.257017617124576,76.61939125452734,23.393695405575038,23.621354235404542,11.30846153846154,3.1526397473325387,97.98681640726217,66.48538461538463,1926.8984615384613,9.412307692307692,34.246153846153845,0.0
66000060,臺中市,西屯區,24.18307922608793,120.62673518883119,4.257017617124576,76.61939125452734,23.393695405575038,23.621354235404542,11.30846153846154,3.1526397473325387,97.98681640726217,66.48538461538463,1926.8984615384613,9.412307692307692,34.246153846153845,0.0
66000070,臺中市,南屯區,24.14158517647828,120.61786651177373,4.257017617124576,76.61939125452734,23.393695405575038,23.621354235404542,11.30846153846154,3.1526397473325387,97.98681640726217,66.48538461538463,1926.8984615384613,9.412307692307692,34.246153846153845,0.0
66000080,臺中市,北屯區,24.184113531488126,120.73614475768856,4.257017617124576,76.61939125452734,23.393695405575038,23.621354235404542,11.30846153846154,3.1526397473325387,97.98681640726217,66.48538461538463,1926.8984615384613,9.412307692307692,34.246153846153845,0.0
66000090,臺中市,豐原區,24.250060565963146,120.73753705547261,4.257017617124576,79.88242145024674,22.986572146694535,23.45341833508957,11.430769230769231,5.636984389665279,98.5354099281959,104.92923076923081,1816.6592307692304,10.428974358974358,31.62974358974359,0.0
66000100,臺中市,東勢區,24.24964684959042,120.84011756953146,4.257017617124576,76.61939125452734,23.393695405575038,23.621354235404542,11.30846153846154,3.1526397473325387,97.98681640726217,66.48538461538463,1926.8984615384613,9.412307692307692,34.246153846153845,0.0
66000110,臺中市,大甲區,24.3781279207937,120.63601795027174,4.257017617124576,79.88242145024674,22.986572146694535,23.45341833508957,11.430769230769231,5.636984389665279,98.5354099281959,104.92923076923081,1816.6592307692304,10.428974358974358,31.62974358974359,0.0
66000120,臺中市,清水區,24.293694784984776,120.57725024436995,4.257017617124576,79.88242145024674,22.986572146694535,23.45341833508957,11.430769230769231,5.636984389665279,98.5354099281959,104.92923076923081,1816.6592307692304,10.428974358974358,31.62974358974359,0.0
66000130,臺中市,沙鹿區,24.234341886284273,120.58376381087514,4.257017617124576,76.61939125452734,23.393695405575038,23.621354235404542,11.30846153846154,3.1526397473325387,97.98681640726217,66.48538461538463,1926.8984615384613,9.412307692307692,34.246153846153845,0.0
66000140,臺中市,梧棲區,24.249942692709343,120.52354019941842,4.257017617124576,76.61939125452734,23.393695405575038,23.621354235404542,11.30846153846154,3.1526397473325387,97.98681640726217,66.48538461538463,1926.8984615384613,9.412307692307692,34.246153846153845,0.0
66000150,臺中市,后里區,24.309740709832166,120.71460115107126,4.257017617124576,79.88242145024674,22.986572146694535,23.45341833508957,11.430769230769231,5.636984389665279,98.5354099281959,104.92923076923081,1816.6592307692304,10.428974358974358,31.62974358974359,0.0
66000160,臺中市,神岡區,24.26576247877277,120.67342962409424,4.257017617124576,79.88242145024674,22.986572146694535,23.45341833508957,11.430769230769231,5.636984389665279,98.5354099281959,104.92923076923081,1816.6592307692304,10.428974358974358,31.62974358974359,0.0
66000170,臺中市,潭子區,24.21194208347853,120.71111685770393,4.257017617124576,76.61939125452734,23.393695405575038,23.621354235404542,11.30846153846154,3.1526397473325387,97.98681640726217,66.48538461538463,1926.8984615384613,9.412307692307692,34.246153846153845,0.0
66000180,臺中市,大雅區,24.227023239115564,120.64117668249116,4.257017617124576,76.61939125452734,23.393695405575038,23.621354235404542,11.30846153846154,3.1526397473325387,97.98681640726217,66.48538461538463,1926.8984615384613,9.412307692307692,34.246153846153845,0.0
66000190,臺中市,新社區,24.17782930142047,120.83127647630808,4.257017617124576,76.61939125452734,23.393695405575038,23.621354235404542,11.30846153846154,3.1526397473325387,97.98681640726217,66.48538461538463,1926.8984615384613,9.412307692307692,34.246153846153845,0.0
66000200,臺中市,石岡區,24.26504209681481,120.79037205121305,4.257017617124576,79.88242145024674,22.986572146694535,23.45341833508957,11.430769230769231,5.636984389665279,98.5354099281959,104.92923076923081,1816.6592307692304,10.428974358974358,31.62974358974359,0.0
66000210,臺中市,外埔區,24.335620021405077,120.66504304971731,4.257017617124576,79.88242145024674,22.986572146694535,23.45341833508957,11.430769230769231,5.636984389665279,98.5354099281959,104.92923076923081,1816.6592307692304,10.428974358974358,31.62974358974359,0.0
66000220,臺中市,大安區,24.364660145115213,120.59006941879245,4.257017617124576,79.88242145024674,22.986572146694535,23.45341833508957,11.430769230769231,5.636984389665279,98.5354099281959,104.92923076923081,1816.6592307692304,10.428974358974358,31.62974358974359,0.0
66000230,臺中市,烏日區,24.08406081404798,120.62929319445216,4.257017617124576,76.61939125452734,23.393695405575038,23.621354235404542,11.30846153846154,3.1526397473325387,97.98681640726217,66.48538461538463,1926.8984615384613,9.412307692307692,34.246153846153845,0.0
66000240,臺中市,大肚區,24.144803648051173,120.5542761429887,4.257017617124576,76.61939125452734,23.393695405575038,23.621354235404542,11.30846153846154,3.1526397473325387,97.98681640726217,66.48538461538463,1926.8984615384613,9.412307692307692,34.246153846153845,0.0
66000250,臺中市,龍井區,24.201869684365473,120.52434665495501,4.257017617124576,76.61939125452734,23.393695405575038,23.621354235404542,11.30846153846154,3.1526397473325387,97.98681640726217,66.48538461538463,1926.8984615384613,9.412307692307692,34.246153846153845,0.0
66000260,臺中市,霧峰區,24.04349247355647,120.7200697875082,4.257017617124576,76.61939125452734,23.393695405575038,23.621354235404542,11.30846153846154,3.1526397473325387,97.98681640726217,66.48538461538463,1926.8984615384613,9.412307692307692,34.246153846153845,0.0
66000270,臺中市,太平區,24.114883721581247,120.77337440341039,4.257017617124576,76.61939125452734,23.393695405575038,23.621354235404542,11.30846153846154,3.1526397473325387,97.98681640726217,66.48538461538463,1926.8984615384613,9.412307692307692,34.246153846153845,0.0
66000280,臺中市,大里區,24.09599553383545,120.69272466380562,4.257017617124576,76.61939125452734,23.393695405575038,23.621354235404542,11.30846153846154,3.1526397473325387,97.98681640726217,66.48538461538463,1926.8984615384613,9.412307692307692,34.246153846153845,0.0
66000290,臺中市,和平區,24.276004843617674,121.14064438630145,3.8999777545063616,85.76681481225563,17.189068654378783,17.50095395210374,12.624615384615385,2.6423909435874404,88.10413355444615,916.4053846153848,510.723846153846,0.7787179487179487,28.622820512820514,64.92307692307692
67000010,臺南市,新營區,23.301630790324833,120.29542299913332,4.463474029833198,81.57996456436743,24.642215757743266,25.404434503964485,9.24076923076923,5.528968946316803,101.28131926618184,10.961538461538472,2327.39,14.409230769230769,31.553333333333335,0.0
67000020,臺南市,鹽水區,23.298083108286313,120.2483052055044,4.463474029833198,81.57996456436743,24.642215757743266,25.404434503964485,9.24076923076923,5.528968946316803,101.28131926618184,10.961538461538472,2327.39,14.409230769230769,31.553333333333335,0.0
67000030,臺南市,白河區,23.351413841352347,120.45785419160775,4.463474029833198,77.54203093852027,21.60661863220992,21.985522338728718,9.996153846153847,2.34536138702229,93.75751354028111,147.80769230769235,1355.5076923076922,6.805384615384615,32.85410256410257,2.3846153846153846
67000040,臺南市,柳營區,23.268959676764105,120.35497382121996,4.463474029833198,77.54203093852027,21.60661863220992,21.985522338728718,9.996153846153847,2.34536138702229,93.75751354028111,147.80769230769235,1355.5076923076922,6.805384615384615,32.85410256410257,2.3846153846153846
67000050,臺南市,後壁區,23.36211263725728,120.34852268691296,4.463474029833198,77.54203093852027,21.60661863220992,21.985522338728718,9.996153846153847,2.34536138702229,93.75751354028111,147.80769230769235,1355.5076923076922,6.805384615384615,32.85410256410257,2.3846153846153846
67000060,臺南市,東山區,23.278419701126808,120.44414760468035,4.463474029833198,77.54203093852027,21.60661863220992,21.985522338728718,9.996153846153847,2.34536138702229,93.75751354028111,147.80769230769235,1355.5076923076922,6.805384615384615,32.85410256410257,2.3846153846153846
67000070,臺南市,麻豆區,23.182577071285788,120.24130770991465,4.463474029833198,80.30340966907934,25.29121019537391,26.24538679196393,7.8100000000000005,4.791505686169509,101.24176830370767,0.0,2553.459230769231,15.545128205128206,32.05641025641026,0.0
67000080,臺南市,下營區,23.231140288742388,120.26484275287159,4.463474029833198,80.30340966907934,25.29121019537391,26.24538679196393,7.8100000000000005,4.791505686169509,101.24176830370767,0.0,2553.459230769231,15.545128205128206,32.05641025641026,0.0
67000090,臺南市,六甲區,23.227352194052663,120.38002264635382,4.463474029833198,77.06563453045194,23.05190300978309,24.079275832484008,9.182307692307692,2.194231322012818,95.4912037577663,30.522307692307734,1766.0792307692307,9.754102564102563,33.675384615384615,0.0
67000100,臺南市,官田區,23.191075215129267,120.34798787937206,4.463474029833198,77.06563453045194,23.05190300978309,24.079275832484008,9.182307692307692,2.194231322012818,95.4912037577663,30.522307692307734,1766.0792307692307,9.754102564102563,33.675384615384615,0.0
67000110,臺南市,大內區,23.144910260153843,120.39881258318665,4.463474029833198,77.06563453045194,23.05190300978309,24.079275832484008,9.182307692307692,2.194231322012818,95.4912037577663,30.522307692307734,1766.0792307692307,9.754102564102563,33.675384615384615,0.0
67000120,臺南市,佳里區,23.16708683073396,120.17860275582656,4.463474029833198,80.30340966907934,25.29121019537391,26.24538679196393,7.8100000000000005,4.791505686169509,101.24176830370767,0.0,2553.459230769231,15.545128205128206,32.05641025641026,0.0
67000130,臺南市,學甲區,23.252295170033964,120.18418355370521,4.463474029833198,81.57996456436743,24.642215757743266,25.404434503964485,9.24076923076923,5.528968946316803,101.28131926618184,10.961538461538472,2327.39,14.409230769230769,31.553333333333335,0.0
67000140,臺南市,西港區,23.12501082552377,120.200241552944,4.463474029833198,80.30340966907934,25.29121019537391,26.24538679196393,7.8100000000000005,4.791505686169509,101.24176830370767,0.0,2553.459230769231,15.545128205128206,32.05641025641026,0.0
67000150,臺南市,七股區,23.123085588796894,120.0992123825175,4.463474029833198,80.30340966907934,25.29121019537391,26.24538679196393,7.8100000000000005,4.791505686169509,101.24176830370767,0.0,2553.459230769231,15.545128205128206,32.05641025641026,0.0
67000160,臺南市,將軍區,23.208563970484988,120.12700644914433,4.463474029833198,80.30340966907934,25.29121019537391,26.24538679196393,7.8100000000000005,4.791505686169509,101.24176830370767,0.0,2553.459230769231,15.545128205128206,32.05641025641026,0.0
67000170,臺南市,北門區,23.278580495007645,120.12564952142003,4.463474029833198,81.57996456436743,24.642215757743266,25.404434503964485,9.24076923076923,5.528968946316803,101.28131926618184,10.961538461538472,2327.39,14.409230769230769,31.553333333333335,0.0
67000180,臺南市,新化區,23.03404043810454,120.33579618235936,4.463474029833198,77.06563453045194,23.05190300978309,24.079275832484008,9.182307692307692,2.194231322012818,95.4912037577663,30.522307692307734,1766.0792307692307,9.754102564102563,33.675384615384615,0.0
67000190,臺南市,善化區,23.140393646463878,120.29883316504505,4.463474029833198,80.30340966907934,25.29121019537391,26.24538679196393,7.8100000000000005,4.791505686169509,101.24176830370767,0.0,2553.459230769231,15.545128205128206,32.05641025641026,0.0
67000200,臺南市,新市區,23.083285837772145,120.29239458791386,4.463474029833198,80.30340966907934,25.29121019537391,26.24538679196393,7.8100000000000005,4.791505686169509,101.24176830370767,0.0,2553.459230769231,15.545128205128206,32.05641025641026,0.0
67000210,臺南市,安定區,23.0998309752331,120.2296194118126,4.463474029833198,80.30340966907934,25.29121019537391,26.24538679196393,7.8100000000000005,4.791505686169509,101.24176830370767,0.0,2553.459230769231,15.545128205128206,32.05641025641026,0.0
67000220,臺南市,山上區,23.096974850097666,120.37101761395665,4.463474029833198,77.06563453045194,23.05190300978309,24.079275832484008,9.182307692307692,2.194231322012818,95.4912037577663,30.522307692307734,1766.0792307692307,9.754102564102563,33.675384615384615,0.0
67000230,臺南市,玉井區,23.114912590580808,120.46096734668971,4.463474029833198,77.06563453045194,23.05190300978309,24.079275832484008,9.182307692307692,2.194231322012818,95.4912037577663,30.522307692307734,1766.0792307692307,9.754102564102563,33.675384615384615,0.0
67000240,臺南市,楠西區,23.178958984517376,120.51703433571028,4.463474029833198,77.06563453045194,23.05190300978309,24.079275832484008,9.182307692307692,2.194231322012818,95.4912037577663,30.522307692307734,1766.0792307692307,9.754102564102563,33.675384615384615,0.0
67000250,臺南市,南化區,23.115220659978952,120.5441734301792,4.463474029833198,77.06563453045194,23.05190300978309,24.079275832484008,9.182307692307692,2.194231322012818,95.4912037577663,30.522307692307734,1766.0792307692307,9.754102564102563,33.675384615384615,0.0
67000260,臺南市,左鎮區,23.026150807335725,120.41239012270215,4.463474029833198,77.06563453045194,23.05190300978309,24.079275832484008,9.182307692307692,2.194231322012818,95.4912037577663,30.522307692307734,1766.0792307692307,9.754102564102563,33.675384615384615,0.0
67000270,臺南市,仁德區,22.94139978196673,120.2418780456914,4.7081038914690785,80.30340966907934,25.29121019537391,26.24538679196393,7.8100000000000005,4.791505686169509,101.24176830370767,0.0,2553.459230769231,15.545128205128206,32.05641025641026,0.0
67000280,臺南市,歸仁區,22.946889402897092,120.2930670702248,4.7081038914690785,80.30340966907934,25.29121019537391,26.24538679196393,7.8100000000000005,4.791505686169509,101.24176830370767,0.0,2553.459230769231,15.545128205128206,32.05641025641026,0.0
67000290,臺南市,關廟區,22.955868463775918,120.33428331407856,4.7081038914690785,77.06563453045194,23.05190300978309,24.079275832484008,9.182307692307692,2.194231322012818,95.4912037577663,30.522307692307734,1766.0792307692307,9.754102564102563,33.675384615384615,0.0
67000300,臺南市,龍崎區,22.95491334466425,120.38694676638207,4.7081038914690785,77.06563453045194,23.05190300978309,24.079275832484008,9.182307692307692,2.194231322012818,95.4912037577663,30.522307692307734,1766.0792307692307,9.754102564102563,33.675384615384615,0.0
67000310,臺南市,永康區,23.027380302695754,120.25427299331733,4.463474029833198,80.30340966907934,25.29121019537391,26.24538679196393,7.8100000000000005,4.791505686169509,101.24176830370767,0.0,2553.459230769231,15.545128205128206,32.05641025641026,0.0
67000320,臺南市,東區,22.98188583013379,120.22819417329559,4.7081038914690785,80.30340966907934,25.29121019537391,26.24538679196393,7.8100000000000005,4.791505686169509,101.24176830370767,0.0,2553.459230769231,15.545128205128206,32.05641025641026,0.0
67000330,臺南市,南區,22.955739466466024,120.18993563085596,4.7081038914690785,80.30340966907934,25.29121019537391,26.24538679196393,7.8100000000000005,4.791505686169509,101.24176830370767,0.0,2553.459230769231,15.545128205128206,32.05641025641026,0.0
67000340,臺南市,北區,23.010105128226183,120.20592240002198,4.463474029833198,80.30340966907934,25.29121019537391,26.24538679196393,7.8100000000000005,4.791505686169509,101.24176830370767,0.0,2553.459230769231,15.545128205128206,32.05641025641026,0.0
67000350,臺南市,安南區,23.048768095750685,120.15260969811364,4.463474029833198,80.30340966907934,25.29121019537391,26.24538679196393,7.8100000000000005,4.791505686169509,101.24176830370767,0.0,2553.459230769231,15.545128205128206,32.05641025641026,0.0
67000360,臺南市,安平區,22.989797940338537,120.16422461618843,4.7081038914690785,80.30340966907934,25.29121019537391,26.24538679196393,7.8100000000000005,4.791505686169509,101.24176830370767,0.0,2553.459230769231,15.545128205128206,32.05641025641026,0.0
67000370,臺南市,中西區,22.99527456958749,120.19355462931125,4.7081038914690785,80.30340966907934,25.29121019537391,26.24538679196393,7.8100000000000005,4.791505686169509,101.24176830370767,0.0,2553.459230769231,15.545128205128206,32.05641025641026,0.0
68000010,桃園市,桃園區,25.000499319963037,121.29966991403096,3.81094788893115,84.15370429615298,21.869826478260116,22.17428249465932,13.19923076923077,4.795418162345178,98.77232585925938,283.3846153846155,1587.2476923076922,7.843333333333334,32.44179487179487,0.0
68000020,桃園市,中壢區,24.98002561073232,121.21471943023157,3.8999777545063616,84.15370429615298,21.869826478260116,22.17428249465932,13.19923076923077,4.795418162345178,98.77232585925938,283.3846153846155,1587.2476923076922,7.843333333333334,32.44179487179487,0.0
68000030,桃園市,大溪區,24.868050103814397,121.29635545278296,3.8999777545063616,84.15370429615298,21.869826478260116,22.17428249465932,13.19923076923077,4.795418162345178,98.77232585925938,283.3846153846155,1587.2476923076922,7.843333333333334,32.44179487179487,0.0
68000040,桃園市,楊梅區,24.91830097360942,121.12917334918147,3.8999777545063616,84.15370429615298,21.869826478260116,22.17428249465932,13.19923076923077,4.795418162345178,98.77232585925938,283.3846153846155,1587.2476923076922,7.843333333333334,32.44179487179487,0.0
68000050,桃園市,蘆竹區,25.06102529917005,121.28307320382027,3.81094788893115,84.15370429615298,21.869826478260116,22.17428249465932,13.19923076923077,4.795418162345178,98.77232585925938,283.3846153846155,1587.2476923076922,7.843333333333334,32.44179487179487,0.0
68000060,桃園市,大園區,25.06508478826524,121.21117133994254,3.81094788893115,84.15370429615298,21.869826478260116,22.17428249465932,13.19923076923077,4.795418162345178,98.77232585925938,283.3846153846155,1587.2476923076922,7.843333333333334,32.44179487179487,0.0
68000070,桃園市,龜山區,25.024272917775487,121.35693542046648,3.81094788893115,84.15370429615298,21.869826478260116,22.17428249465932,13.19923076923077,4.795418162345178,98.77232585925938,283.3846153846155,1587.2476923076922,7.843333333333334,32.44179487179487,0.0
68000080,桃園市,八德區,24.949731452043853,121.29132872178477,3.8999777545063616,84.15370429615298,21.869826478260116,22.17428249465932,13.19923076923077,4.795418162345178,98.77232585925938,283.3846153846155,1587.2476923076922,7.843333333333334,32.44179487179487,0.0
68000090,桃園市,龍潭區,24.850743152628283,121.21179393451457,3.8999777545063616,84.15370429615298,21.869826478260116,22.17428249465932,13.19923076923077,4.795418162345178,98.77232585925938,283.3846153846155,1587.2476923076922,7.843333333333334,32.44179487179487,0.0
68000100,桃園市,平鎮區,24.921257173239336,121.21403067638477,3.8999777545063616,84.15370429615298,21.869826478260116,22.17428249465932,13.19923076923077,4.795418162345178,98.77232585925938,283.3846153846155,1587.2476923076922,7.843333333333334,32.44179487179487,0.0
68000110,桃園市,新屋區,24.972721499408774,121.06617188417658,3.8999777545063616,84.15370429615298,21.869826478260116,22.17428249465932,13.19923076923077,4.795418162345178,98.77232585925938,283.3846153846155,1587.2476923076922,7.843333333333334,32.44179487179487,0.0
68000120,桃園市,觀音區,25.027479679707074,121.11422329114501,3.81094788893115,84.15370429615298,21.869826478260116,22.17428249465932,13.19923076923077,4.795418162345178,98.77232585925938,283.3846153846155,1587.2476923076922,7.843333333333334,32.44179487179487,0.0
68000130,桃園市,復興區,24.729623301308166,121.37545849400564,3.8999777545063616,85.76681481225563,17.189068654378783,17.50095395210374,12.624615384615385,2.6423909435874404,88.10413355444615,916.4053846153848,510.723846153846,0.7787179487179487,28.622820512820514,64.92307692307692
